--storage_type
INSERT INTO t_storage_type (id, remarks, ext, created_by, created_at, updated_by, updated_at, deleted, schema_code, warehouse_id, name_key, sort_no, version) VALUES ('0f74506c-9049-42de-bad7-4588d9a99a5b', NULL, NULL, NULL, '2013-05-29 23:13:42.921', NULL, '2013-05-29 23:13:42.921', false, NULL, 'fe640b63-5501-44b0-9fb1-6bbd93c5e8e5', 'Receiving', 0, 1);
INSERT INTO t_storage_type (id, remarks, ext, created_by, created_at, updated_by, updated_at, deleted, schema_code, warehouse_id, name_key, sort_no, version) VALUES ('bcb8ef5f-b1d7-4b8c-8e81-90fa57669ccc', NULL, NULL, NULL, '2013-05-29 23:13:42.963', NULL, '2013-05-29 23:13:42.963', false, NULL, 'fe640b63-5501-44b0-9fb1-6bbd93c5e8e5', 'Ageing', 0, 1);
INSERT INTO t_storage_type (id, remarks, ext, created_by, created_at, updated_by, updated_at, deleted, schema_code, warehouse_id, name_key, sort_no, version) VALUES ('73688fd9-324f-49b8-a8d8-839c6e0a625b', NULL, NULL, NULL, '2013-05-29 23:13:43.633', NULL, '2013-05-29 23:13:43.633', false, NULL, 'fe640b63-5501-44b0-9fb1-6bbd93c5e8e5', 'Tempering', 0, 1);
INSERT INTO t_storage_type (id, remarks, ext, created_by, created_at, updated_by, updated_at, deleted, schema_code, warehouse_id, name_key, sort_no, version) VALUES ('6a975d26-2273-4af6-b811-8855856440f0', NULL, NULL, NULL, '2013-05-29 23:13:43.793', NULL, '2013-05-29 23:13:43.793', false, NULL, 'fe640b63-5501-44b0-9fb1-6bbd93c5e8e5', 'Loading Bay', 0, 1);

--storage_area
INSERT INTO t_area (id, remarks, ext, created_by, created_at, updated_by, updated_at, deleted, schema_code, warehouse_id, storage_type_id, area_code, name_key, sort_no, version) VALUES ('935ed4b6-e678-4e27-9322-1c78f56aab9d', NULL, NULL, NULL, '2013-05-29 23:13:42.932', NULL, '2013-05-29 23:13:42.932', false, NULL, 'fe640b63-5501-44b0-9fb1-6bbd93c5e8e5', '0f74506c-9049-42de-bad7-4588d9a99a5b', 'Receiving', 'Receiving', 0, 1);
INSERT INTO t_area (id, remarks, ext, created_by, created_at, updated_by, updated_at, deleted, schema_code, warehouse_id, storage_type_id, area_code, name_key, sort_no, version) VALUES ('b0e47101-9a87-4edd-b74b-c033277d5425', NULL, NULL, NULL, '2013-05-29 23:13:42.964', NULL, '2013-05-29 23:13:42.964', false, NULL, 'fe640b63-5501-44b0-9fb1-6bbd93c5e8e5', 'bcb8ef5f-b1d7-4b8c-8e81-90fa57669ccc', 'Ageing-A', 'Ageing-A', 0, 1);
INSERT INTO t_area (id, remarks, ext, created_by, created_at, updated_by, updated_at, deleted, schema_code, warehouse_id, storage_type_id, area_code, name_key, sort_no, version) VALUES ('5890f808-4731-4869-b4cb-bdae6f4b4f2f', NULL, NULL, NULL, '2013-05-29 23:13:43.037', NULL, '2013-05-29 23:13:43.037', false, NULL, 'fe640b63-5501-44b0-9fb1-6bbd93c5e8e5', 'bcb8ef5f-b1d7-4b8c-8e81-90fa57669ccc', 'Ageing-B', 'Ageing-B', 0, 1);
INSERT INTO t_area (id, remarks, ext, created_by, created_at, updated_by, updated_at, deleted, schema_code, warehouse_id, storage_type_id, area_code, name_key, sort_no, version) VALUES ('d27aed5d-7381-42d8-aaa5-e0e14ed6bab5', NULL, NULL, NULL, '2013-05-29 23:13:43.226', NULL, '2013-05-29 23:13:43.226', false, NULL, 'fe640b63-5501-44b0-9fb1-6bbd93c5e8e5', 'bcb8ef5f-b1d7-4b8c-8e81-90fa57669ccc', 'Ageing-C', 'Ageing-C', 0, 1);
INSERT INTO t_area (id, remarks, ext, created_by, created_at, updated_by, updated_at, deleted, schema_code, warehouse_id, storage_type_id, area_code, name_key, sort_no, version) VALUES ('b50ccea6-6678-46a6-9d6f-8900225afb72', NULL, NULL, NULL, '2013-05-29 23:13:43.429', NULL, '2013-05-29 23:13:43.429', false, NULL, 'fe640b63-5501-44b0-9fb1-6bbd93c5e8e5', 'bcb8ef5f-b1d7-4b8c-8e81-90fa57669ccc', 'Ageing-D', 'Ageing-D', 0, 1);
INSERT INTO t_area (id, remarks, ext, created_by, created_at, updated_by, updated_at, deleted, schema_code, warehouse_id, storage_type_id, area_code, name_key, sort_no, version) VALUES ('b403f597-a9e8-49f3-95a4-716fdcf43792', NULL, NULL, NULL, '2013-05-29 23:13:43.633', NULL, '2013-05-29 23:13:43.633', false, NULL, 'fe640b63-5501-44b0-9fb1-6bbd93c5e8e5', '73688fd9-324f-49b8-a8d8-839c6e0a625b', 'Tempering-A', 'Tempering-A', 0, 1);
INSERT INTO t_area (id, remarks, ext, created_by, created_at, updated_by, updated_at, deleted, schema_code, warehouse_id, storage_type_id, area_code, name_key, sort_no, version) VALUES ('547d2ba9-a83d-4a1a-b5c0-b24d61cd3bab', NULL, NULL, NULL, '2013-05-29 23:13:43.664', NULL, '2013-05-29 23:13:43.664', false, NULL, 'fe640b63-5501-44b0-9fb1-6bbd93c5e8e5', '73688fd9-324f-49b8-a8d8-839c6e0a625b', 'Tempering-B', 'Tempering-B', 0, 1);
INSERT INTO t_area (id, remarks, ext, created_by, created_at, updated_by, updated_at, deleted, schema_code, warehouse_id, storage_type_id, area_code, name_key, sort_no, version) VALUES ('d248f5c3-1914-4413-996d-c2fc8bd4079f', NULL, NULL, NULL, '2013-05-29 23:13:43.725', NULL, '2013-05-29 23:13:43.725', false, NULL, 'fe640b63-5501-44b0-9fb1-6bbd93c5e8e5', '73688fd9-324f-49b8-a8d8-839c6e0a625b', 'Tempering-C', 'Tempering-C', 0, 1);
INSERT INTO t_area (id, remarks, ext, created_by, created_at, updated_by, updated_at, deleted, schema_code, warehouse_id, storage_type_id, area_code, name_key, sort_no, version) VALUES ('6c3bdcbf-6c4d-42c3-aa47-9c2d2b9a040e', NULL, NULL, NULL, '2013-05-29 23:13:43.791', NULL, '2013-05-29 23:13:43.791', false, NULL, 'fe640b63-5501-44b0-9fb1-6bbd93c5e8e5', '6a975d26-2273-4af6-b811-8855856440f0', 'Loading Bay-A', 'Loading Bay-A', 0, 1);

--storage_bin
INSERT INTO t_bin (id, remarks, ext, created_by, created_at, updated_by, updated_at, deleted, schema_code, area_id, bin_code, name_key, sort_no, version) VALUES ('715f0306-233e-4f50-b5dd-faab32bdd0a8', NULL, NULL, NULL, '2013-05-29 23:13:42.935', NULL, '2013-05-29 23:13:42.935', false, NULL, '935ed4b6-e678-4e27-9322-1c78f56aab9d', 'RL-01', 'RL-01', 0, 1);
INSERT INTO t_bin (id, remarks, ext, created_by, created_at, updated_by, updated_at, deleted, schema_code, area_id, bin_code, name_key, sort_no, version) VALUES ('dca221c6-40d2-40f6-9792-294a0815931b', NULL, NULL, NULL, '2013-05-29 23:13:42.947', NULL, '2013-05-29 23:13:42.947', false, NULL, '935ed4b6-e678-4e27-9322-1c78f56aab9d', 'RL-02', 'RL-02', 0, 1);
INSERT INTO t_bin (id, remarks, ext, created_by, created_at, updated_by, updated_at, deleted, schema_code, area_id, bin_code, name_key, sort_no, version) VALUES ('380fb40d-903c-41c8-adff-50cce409bcf3', NULL, NULL, NULL, '2013-05-29 23:13:42.952', NULL, '2013-05-29 23:13:42.952', false, NULL, '935ed4b6-e678-4e27-9322-1c78f56aab9d', 'RL-03', 'RL-03', 0, 1);
INSERT INTO t_bin (id, remarks, ext, created_by, created_at, updated_by, updated_at, deleted, schema_code, area_id, bin_code, name_key, sort_no, version) VALUES ('eb1510d6-91fe-4da3-b562-c70450a6e0eb', NULL, NULL, NULL, '2013-05-29 23:13:42.959', NULL, '2013-05-29 23:13:42.959', false, NULL, '935ed4b6-e678-4e27-9322-1c78f56aab9d', 'RL-04', 'RL-04', 0, 1);
INSERT INTO t_bin (id, remarks, ext, created_by, created_at, updated_by, updated_at, deleted, schema_code, area_id, bin_code, name_key, sort_no, version) VALUES ('899d011e-b4ea-4512-a388-cd504e5de3f7', NULL, NULL, NULL, '2013-05-29 23:13:42.965', NULL, '2013-05-29 23:13:42.965', false, NULL, 'b0e47101-9a87-4edd-b74b-c033277d5425', 'A-01', 'A-01', 0, 1);
INSERT INTO t_bin (id, remarks, ext, created_by, created_at, updated_by, updated_at, deleted, schema_code, area_id, bin_code, name_key, sort_no, version) VALUES ('4608dde4-ba50-4e36-ba43-826f97787f11', NULL, NULL, NULL, '2013-05-29 23:13:42.972', NULL, '2013-05-29 23:13:42.972', false, NULL, 'b0e47101-9a87-4edd-b74b-c033277d5425', 'A-02', 'A-02', 0, 1);
INSERT INTO t_bin (id, remarks, ext, created_by, created_at, updated_by, updated_at, deleted, schema_code, area_id, bin_code, name_key, sort_no, version) VALUES ('cf361489-88dc-412a-931b-22d84483ecfd', NULL, NULL, NULL, '2013-05-29 23:13:42.978', NULL, '2013-05-29 23:13:42.978', false, NULL, 'b0e47101-9a87-4edd-b74b-c033277d5425', 'A-03', 'A-03', 0, 1);
INSERT INTO t_bin (id, remarks, ext, created_by, created_at, updated_by, updated_at, deleted, schema_code, area_id, bin_code, name_key, sort_no, version) VALUES ('19ddd4d1-7a88-4dd3-8270-5517ceb205f1', NULL, NULL, NULL, '2013-05-29 23:13:42.985', NULL, '2013-05-29 23:13:42.985', false, NULL, 'b0e47101-9a87-4edd-b74b-c033277d5425', 'A-04', 'A-04', 0, 1);
INSERT INTO t_bin (id, remarks, ext, created_by, created_at, updated_by, updated_at, deleted, schema_code, area_id, bin_code, name_key, sort_no, version) VALUES ('3faa8dbc-1c29-4dcf-ac1f-7d0b72439b02', NULL, NULL, NULL, '2013-05-29 23:13:42.991', NULL, '2013-05-29 23:13:42.991', false, NULL, 'b0e47101-9a87-4edd-b74b-c033277d5425', 'A-05', 'A-05', 0, 1);
INSERT INTO t_bin (id, remarks, ext, created_by, created_at, updated_by, updated_at, deleted, schema_code, area_id, bin_code, name_key, sort_no, version) VALUES ('93bfdca4-f36a-4e9c-8295-a0933b2d4e15', NULL, NULL, NULL, '2013-05-29 23:13:42.998', NULL, '2013-05-29 23:13:42.998', false, NULL, 'b0e47101-9a87-4edd-b74b-c033277d5425', 'A-06', 'A-06', 0, 1);
INSERT INTO t_bin (id, remarks, ext, created_by, created_at, updated_by, updated_at, deleted, schema_code, area_id, bin_code, name_key, sort_no, version) VALUES ('dbe09966-e5f0-49c6-9475-495d72dc922f', NULL, NULL, NULL, '2013-05-29 23:13:43.004', NULL, '2013-05-29 23:13:43.004', false, NULL, 'b0e47101-9a87-4edd-b74b-c033277d5425', 'A-07', 'A-07', 0, 1);
INSERT INTO t_bin (id, remarks, ext, created_by, created_at, updated_by, updated_at, deleted, schema_code, area_id, bin_code, name_key, sort_no, version) VALUES ('a45e07e6-b9e7-493c-beec-376b28d4b42e', NULL, NULL, NULL, '2013-05-29 23:13:43.012', NULL, '2013-05-29 23:13:43.012', false, NULL, 'b0e47101-9a87-4edd-b74b-c033277d5425', 'A-08', 'A-08', 0, 1);
INSERT INTO t_bin (id, remarks, ext, created_by, created_at, updated_by, updated_at, deleted, schema_code, area_id, bin_code, name_key, sort_no, version) VALUES ('211d9e2a-ec0a-408c-81ca-608597d98c03', NULL, NULL, NULL, '2013-05-29 23:13:43.016', NULL, '2013-05-29 23:13:43.016', false, NULL, 'b0e47101-9a87-4edd-b74b-c033277d5425', 'A-09', 'A-09', 0, 1);
INSERT INTO t_bin (id, remarks, ext, created_by, created_at, updated_by, updated_at, deleted, schema_code, area_id, bin_code, name_key, sort_no, version) VALUES ('59c18039-885c-4d12-aecb-9a68457cf565', NULL, NULL, NULL, '2013-05-29 23:13:43.022', NULL, '2013-05-29 23:13:43.022', false, NULL, 'b0e47101-9a87-4edd-b74b-c033277d5425', 'A-10', 'A-10', 0, 1);
INSERT INTO t_bin (id, remarks, ext, created_by, created_at, updated_by, updated_at, deleted, schema_code, area_id, bin_code, name_key, sort_no, version) VALUES ('b4268780-4d94-4bfa-bb13-323b8608ad56', NULL, NULL, NULL, '2013-05-29 23:13:43.027', NULL, '2013-05-29 23:13:43.027', false, NULL, 'b0e47101-9a87-4edd-b74b-c033277d5425', 'A-11', 'A-11', 0, 1);
INSERT INTO t_bin (id, remarks, ext, created_by, created_at, updated_by, updated_at, deleted, schema_code, area_id, bin_code, name_key, sort_no, version) VALUES ('f83e0c76-9953-4223-8863-d689f4ac55a7', NULL, NULL, NULL, '2013-05-29 23:13:43.033', NULL, '2013-05-29 23:13:43.033', false, NULL, 'b0e47101-9a87-4edd-b74b-c033277d5425', 'A-12', 'A-12', 0, 1);
INSERT INTO t_bin (id, remarks, ext, created_by, created_at, updated_by, updated_at, deleted, schema_code, area_id, bin_code, name_key, sort_no, version) VALUES ('9c65beb7-190a-4912-9756-cf1343560ddc', NULL, NULL, NULL, '2013-05-29 23:13:43.038', NULL, '2013-05-29 23:13:43.038', false, NULL, '5890f808-4731-4869-b4cb-bdae6f4b4f2f', 'B-01', 'B-01', 0, 1);
INSERT INTO t_bin (id, remarks, ext, created_by, created_at, updated_by, updated_at, deleted, schema_code, area_id, bin_code, name_key, sort_no, version) VALUES ('c4c6a1c6-37c1-40ea-bc7c-0064583de958', NULL, NULL, NULL, '2013-05-29 23:13:43.042', NULL, '2013-05-29 23:13:43.042', false, NULL, '5890f808-4731-4869-b4cb-bdae6f4b4f2f', 'B-02', 'B-02', 0, 1);
INSERT INTO t_bin (id, remarks, ext, created_by, created_at, updated_by, updated_at, deleted, schema_code, area_id, bin_code, name_key, sort_no, version) VALUES ('66b48633-dab2-4ac8-b4a5-832eb46c33fc', NULL, NULL, NULL, '2013-05-29 23:13:43.046', NULL, '2013-05-29 23:13:43.046', false, NULL, '5890f808-4731-4869-b4cb-bdae6f4b4f2f', 'B-03', 'B-03', 0, 1);
INSERT INTO t_bin (id, remarks, ext, created_by, created_at, updated_by, updated_at, deleted, schema_code, area_id, bin_code, name_key, sort_no, version) VALUES ('f6851ca0-f8f9-4afa-b45f-0215efa4eafd', NULL, NULL, NULL, '2013-05-29 23:13:43.051', NULL, '2013-05-29 23:13:43.051', false, NULL, '5890f808-4731-4869-b4cb-bdae6f4b4f2f', 'B-04', 'B-04', 0, 1);
INSERT INTO t_bin (id, remarks, ext, created_by, created_at, updated_by, updated_at, deleted, schema_code, area_id, bin_code, name_key, sort_no, version) VALUES ('c13db19a-805a-44d5-8d5f-3480323770eb', NULL, NULL, NULL, '2013-05-29 23:13:43.056', NULL, '2013-05-29 23:13:43.056', false, NULL, '5890f808-4731-4869-b4cb-bdae6f4b4f2f', 'B-05', 'B-05', 0, 1);
INSERT INTO t_bin (id, remarks, ext, created_by, created_at, updated_by, updated_at, deleted, schema_code, area_id, bin_code, name_key, sort_no, version) VALUES ('20e161ab-6a64-4619-977a-a86990d968de', NULL, NULL, NULL, '2013-05-29 23:13:43.061', NULL, '2013-05-29 23:13:43.061', false, NULL, '5890f808-4731-4869-b4cb-bdae6f4b4f2f', 'B-06', 'B-06', 0, 1);
INSERT INTO t_bin (id, remarks, ext, created_by, created_at, updated_by, updated_at, deleted, schema_code, area_id, bin_code, name_key, sort_no, version) VALUES ('07e7e422-6693-442c-99d3-944614887cf8', NULL, NULL, NULL, '2013-05-29 23:13:43.067', NULL, '2013-05-29 23:13:43.067', false, NULL, '5890f808-4731-4869-b4cb-bdae6f4b4f2f', 'B-07', 'B-07', 0, 1);
INSERT INTO t_bin (id, remarks, ext, created_by, created_at, updated_by, updated_at, deleted, schema_code, area_id, bin_code, name_key, sort_no, version) VALUES ('2d32afab-a342-4971-8d93-395343c84e50', NULL, NULL, NULL, '2013-05-29 23:13:43.072', NULL, '2013-05-29 23:13:43.072', false, NULL, '5890f808-4731-4869-b4cb-bdae6f4b4f2f', 'B-08', 'B-08', 0, 1);
INSERT INTO t_bin (id, remarks, ext, created_by, created_at, updated_by, updated_at, deleted, schema_code, area_id, bin_code, name_key, sort_no, version) VALUES ('d402026d-4519-4333-a280-9b71c297a4d1', NULL, NULL, NULL, '2013-05-29 23:13:43.078', NULL, '2013-05-29 23:13:43.078', false, NULL, '5890f808-4731-4869-b4cb-bdae6f4b4f2f', 'B-09', 'B-09', 0, 1);
INSERT INTO t_bin (id, remarks, ext, created_by, created_at, updated_by, updated_at, deleted, schema_code, area_id, bin_code, name_key, sort_no, version) VALUES ('7884b434-6615-49cb-9b94-7b9ba39b388b', NULL, NULL, NULL, '2013-05-29 23:13:43.082', NULL, '2013-05-29 23:13:43.082', false, NULL, '5890f808-4731-4869-b4cb-bdae6f4b4f2f', 'B-10', 'B-10', 0, 1);
INSERT INTO t_bin (id, remarks, ext, created_by, created_at, updated_by, updated_at, deleted, schema_code, area_id, bin_code, name_key, sort_no, version) VALUES ('a9ea8eab-ca79-45f2-aae9-a2759faf742a', NULL, NULL, NULL, '2013-05-29 23:13:43.086', NULL, '2013-05-29 23:13:43.086', false, NULL, '5890f808-4731-4869-b4cb-bdae6f4b4f2f', 'B-11', 'B-11', 0, 1);
INSERT INTO t_bin (id, remarks, ext, created_by, created_at, updated_by, updated_at, deleted, schema_code, area_id, bin_code, name_key, sort_no, version) VALUES ('991fbd51-1a67-4e7a-9597-620ac4e247c0', NULL, NULL, NULL, '2013-05-29 23:13:43.091', NULL, '2013-05-29 23:13:43.091', false, NULL, '5890f808-4731-4869-b4cb-bdae6f4b4f2f', 'B-12', 'B-12', 0, 1);
INSERT INTO t_bin (id, remarks, ext, created_by, created_at, updated_by, updated_at, deleted, schema_code, area_id, bin_code, name_key, sort_no, version) VALUES ('47fc7656-eb6d-4c09-b489-13c2d4945065', NULL, NULL, NULL, '2013-05-29 23:13:43.096', NULL, '2013-05-29 23:13:43.096', false, NULL, '5890f808-4731-4869-b4cb-bdae6f4b4f2f', 'B-13', 'B-13', 0, 1);
INSERT INTO t_bin (id, remarks, ext, created_by, created_at, updated_by, updated_at, deleted, schema_code, area_id, bin_code, name_key, sort_no, version) VALUES ('885addd2-691d-4565-93f0-4805513d9141', NULL, NULL, NULL, '2013-05-29 23:13:43.123', NULL, '2013-05-29 23:13:43.123', false, NULL, '5890f808-4731-4869-b4cb-bdae6f4b4f2f', 'B-14', 'B-14', 0, 1);
INSERT INTO t_bin (id, remarks, ext, created_by, created_at, updated_by, updated_at, deleted, schema_code, area_id, bin_code, name_key, sort_no, version) VALUES ('a050acaa-d199-4347-b792-80d45b7cb52b', NULL, NULL, NULL, '2013-05-29 23:13:43.105', NULL, '2013-05-29 23:13:43.105', false, NULL, '5890f808-4731-4869-b4cb-bdae6f4b4f2f', 'B-15', 'B-15', 0, 1);
INSERT INTO t_bin (id, remarks, ext, created_by, created_at, updated_by, updated_at, deleted, schema_code, area_id, bin_code, name_key, sort_no, version) VALUES ('aa30d710-2677-4fa7-b27e-62364e00bded', NULL, NULL, NULL, '2013-05-29 23:13:43.112', NULL, '2013-05-29 23:13:43.112', false, NULL, '5890f808-4731-4869-b4cb-bdae6f4b4f2f', 'B-16', 'B-16', 0, 1);
INSERT INTO t_bin (id, remarks, ext, created_by, created_at, updated_by, updated_at, deleted, schema_code, area_id, bin_code, name_key, sort_no, version) VALUES ('1a97fdb5-0609-4913-92d9-2c6636b66c6d', NULL, NULL, NULL, '2013-05-29 23:13:43.115', NULL, '2013-05-29 23:13:43.115', false, NULL, '5890f808-4731-4869-b4cb-bdae6f4b4f2f', 'B-17', 'B-17', 0, 1);
INSERT INTO t_bin (id, remarks, ext, created_by, created_at, updated_by, updated_at, deleted, schema_code, area_id, bin_code, name_key, sort_no, version) VALUES ('c392c03a-06f9-464b-b22a-b3e8513cc769', NULL, NULL, NULL, '2013-05-29 23:13:43.122', NULL, '2013-05-29 23:13:43.122', false, NULL, '5890f808-4731-4869-b4cb-bdae6f4b4f2f', 'B-18', 'B-18', 0, 1);
INSERT INTO t_bin (id, remarks, ext, created_by, created_at, updated_by, updated_at, deleted, schema_code, area_id, bin_code, name_key, sort_no, version) VALUES ('1e526410-e78f-4b13-b78d-d43e16fc6fa8', NULL, NULL, NULL, '2013-05-29 23:13:43.127', NULL, '2013-05-29 23:13:43.127', false, NULL, '5890f808-4731-4869-b4cb-bdae6f4b4f2f', 'B-19', 'B-19', 0, 1);
INSERT INTO t_bin (id, remarks, ext, created_by, created_at, updated_by, updated_at, deleted, schema_code, area_id, bin_code, name_key, sort_no, version) VALUES ('0f1ed473-5356-41d1-aa9d-3eb9aeb93768', NULL, NULL, NULL, '2013-05-29 23:13:43.132', NULL, '2013-05-29 23:13:43.132', false, NULL, '5890f808-4731-4869-b4cb-bdae6f4b4f2f', 'B-20', 'B-20', 0, 1);
INSERT INTO t_bin (id, remarks, ext, created_by, created_at, updated_by, updated_at, deleted, schema_code, area_id, bin_code, name_key, sort_no, version) VALUES ('d02590d3-9b56-4228-b65f-f46bf67d0f23', NULL, NULL, NULL, '2013-05-29 23:13:43.136', NULL, '2013-05-29 23:13:43.136', false, NULL, '5890f808-4731-4869-b4cb-bdae6f4b4f2f', 'B-21', 'B-21', 0, 1);
INSERT INTO t_bin (id, remarks, ext, created_by, created_at, updated_by, updated_at, deleted, schema_code, area_id, bin_code, name_key, sort_no, version) VALUES ('25c3ca86-286d-4e0f-b392-93f7f81508c6', NULL, NULL, NULL, '2013-05-29 23:13:43.144', NULL, '2013-05-29 23:13:43.144', false, NULL, '5890f808-4731-4869-b4cb-bdae6f4b4f2f', 'B-22', 'B-22', 0, 1);
INSERT INTO t_bin (id, remarks, ext, created_by, created_at, updated_by, updated_at, deleted, schema_code, area_id, bin_code, name_key, sort_no, version) VALUES ('17d01e5b-9e57-4fa5-852b-a41516c66cc4', NULL, NULL, NULL, '2013-05-29 23:13:43.152', NULL, '2013-05-29 23:13:43.152', false, NULL, '5890f808-4731-4869-b4cb-bdae6f4b4f2f', 'B-23', 'B-23', 0, 1);
INSERT INTO t_bin (id, remarks, ext, created_by, created_at, updated_by, updated_at, deleted, schema_code, area_id, bin_code, name_key, sort_no, version) VALUES ('8b469f89-d71f-4ffd-89fe-44caeec4ebd2', NULL, NULL, NULL, '2013-05-29 23:13:43.156', NULL, '2013-05-29 23:13:43.156', false, NULL, '5890f808-4731-4869-b4cb-bdae6f4b4f2f', 'B-24', 'B-24', 0, 1);
INSERT INTO t_bin (id, remarks, ext, created_by, created_at, updated_by, updated_at, deleted, schema_code, area_id, bin_code, name_key, sort_no, version) VALUES ('52be73f7-7f57-41a3-b34a-30824c49bd2c', NULL, NULL, NULL, '2013-05-29 23:13:43.161', NULL, '2013-05-29 23:13:43.161', false, NULL, '5890f808-4731-4869-b4cb-bdae6f4b4f2f', 'B-25', 'B-25', 0, 1);
INSERT INTO t_bin (id, remarks, ext, created_by, created_at, updated_by, updated_at, deleted, schema_code, area_id, bin_code, name_key, sort_no, version) VALUES ('c2f9c203-05bd-46c8-80e0-d3947b75c539', NULL, NULL, NULL, '2013-05-29 23:13:43.165', NULL, '2013-05-29 23:13:43.165', false, NULL, '5890f808-4731-4869-b4cb-bdae6f4b4f2f', 'B-26', 'B-26', 0, 1);
INSERT INTO t_bin (id, remarks, ext, created_by, created_at, updated_by, updated_at, deleted, schema_code, area_id, bin_code, name_key, sort_no, version) VALUES ('2ad797ac-f4f4-46c5-8440-1292052901d7', NULL, NULL, NULL, '2013-05-29 23:13:43.169', NULL, '2013-05-29 23:13:43.169', false, NULL, '5890f808-4731-4869-b4cb-bdae6f4b4f2f', 'B-27', 'B-27', 0, 1);
INSERT INTO t_bin (id, remarks, ext, created_by, created_at, updated_by, updated_at, deleted, schema_code, area_id, bin_code, name_key, sort_no, version) VALUES ('c1781e9f-93cc-45cd-8f0d-463db58d8ff0', NULL, NULL, NULL, '2013-05-29 23:13:43.174', NULL, '2013-05-29 23:13:43.174', false, NULL, '5890f808-4731-4869-b4cb-bdae6f4b4f2f', 'B-29', 'B-29', 0, 1);
INSERT INTO t_bin (id, remarks, ext, created_by, created_at, updated_by, updated_at, deleted, schema_code, area_id, bin_code, name_key, sort_no, version) VALUES ('aab1a87e-05b9-4b52-acac-529634deb278', NULL, NULL, NULL, '2013-05-29 23:13:43.182', NULL, '2013-05-29 23:13:43.182', false, NULL, '5890f808-4731-4869-b4cb-bdae6f4b4f2f', 'B-30', 'B-30', 0, 1);
INSERT INTO t_bin (id, remarks, ext, created_by, created_at, updated_by, updated_at, deleted, schema_code, area_id, bin_code, name_key, sort_no, version) VALUES ('52a15411-7464-4d58-803d-a445cf2e45d3', NULL, NULL, NULL, '2013-05-29 23:13:43.184', NULL, '2013-05-29 23:13:43.184', false, NULL, '5890f808-4731-4869-b4cb-bdae6f4b4f2f', 'B-31', 'B-31', 0, 1);
INSERT INTO t_bin (id, remarks, ext, created_by, created_at, updated_by, updated_at, deleted, schema_code, area_id, bin_code, name_key, sort_no, version) VALUES ('d5b03bc3-0cc3-4351-8835-7f3c7a50200d', NULL, NULL, NULL, '2013-05-29 23:13:43.188', NULL, '2013-05-29 23:13:43.188', false, NULL, '5890f808-4731-4869-b4cb-bdae6f4b4f2f', 'B-32', 'B-32', 0, 1);
INSERT INTO t_bin (id, remarks, ext, created_by, created_at, updated_by, updated_at, deleted, schema_code, area_id, bin_code, name_key, sort_no, version) VALUES ('5ef03676-6bf1-499b-8765-70685a7233d4', NULL, NULL, NULL, '2013-05-29 23:13:43.193', NULL, '2013-05-29 23:13:43.193', false, NULL, '5890f808-4731-4869-b4cb-bdae6f4b4f2f', 'B-33', 'B-33', 0, 1);
INSERT INTO t_bin (id, remarks, ext, created_by, created_at, updated_by, updated_at, deleted, schema_code, area_id, bin_code, name_key, sort_no, version) VALUES ('f045dd99-5a47-4782-bd6c-d0ff1d69e90a', NULL, NULL, NULL, '2013-05-29 23:13:43.198', NULL, '2013-05-29 23:13:43.198', false, NULL, '5890f808-4731-4869-b4cb-bdae6f4b4f2f', 'B-34', 'B-34', 0, 1);
INSERT INTO t_bin (id, remarks, ext, created_by, created_at, updated_by, updated_at, deleted, schema_code, area_id, bin_code, name_key, sort_no, version) VALUES ('1d6179df-23ac-4f6c-867f-e01702cbf237', NULL, NULL, NULL, '2013-05-29 23:13:43.202', NULL, '2013-05-29 23:13:43.202', false, NULL, '5890f808-4731-4869-b4cb-bdae6f4b4f2f', 'B-35', 'B-35', 0, 1);
INSERT INTO t_bin (id, remarks, ext, created_by, created_at, updated_by, updated_at, deleted, schema_code, area_id, bin_code, name_key, sort_no, version) VALUES ('ff245748-9fae-4675-add6-7e9272cfcafa', NULL, NULL, NULL, '2013-05-29 23:13:43.207', NULL, '2013-05-29 23:13:43.207', false, NULL, '5890f808-4731-4869-b4cb-bdae6f4b4f2f', 'B-36', 'B-36', 0, 1);
INSERT INTO t_bin (id, remarks, ext, created_by, created_at, updated_by, updated_at, deleted, schema_code, area_id, bin_code, name_key, sort_no, version) VALUES ('d1455522-ff7a-4cb8-8a92-5e6bde64bd92', NULL, NULL, NULL, '2013-05-29 23:13:43.216', NULL, '2013-05-29 23:13:43.216', false, NULL, '5890f808-4731-4869-b4cb-bdae6f4b4f2f', 'B-37', 'B-37', 0, 1);
INSERT INTO t_bin (id, remarks, ext, created_by, created_at, updated_by, updated_at, deleted, schema_code, area_id, bin_code, name_key, sort_no, version) VALUES ('c7063005-b28d-42be-9608-75f7effb711b', NULL, NULL, NULL, '2013-05-29 23:13:43.221', NULL, '2013-05-29 23:13:43.221', false, NULL, '5890f808-4731-4869-b4cb-bdae6f4b4f2f', 'B-38', 'B-38', 0, 1);
INSERT INTO t_bin (id, remarks, ext, created_by, created_at, updated_by, updated_at, deleted, schema_code, area_id, bin_code, name_key, sort_no, version) VALUES ('bde9575e-8a5e-459b-9969-1f4d1de58d37', NULL, NULL, NULL, '2013-05-29 23:13:43.227', NULL, '2013-05-29 23:13:43.227', false, NULL, 'd27aed5d-7381-42d8-aaa5-e0e14ed6bab5', 'C-01', 'C-01', 0, 1);
INSERT INTO t_bin (id, remarks, ext, created_by, created_at, updated_by, updated_at, deleted, schema_code, area_id, bin_code, name_key, sort_no, version) VALUES ('18ff80ab-7ca7-4052-bf54-a3c524e6d497', NULL, NULL, NULL, '2013-05-29 23:13:43.232', NULL, '2013-05-29 23:13:43.232', false, NULL, 'd27aed5d-7381-42d8-aaa5-e0e14ed6bab5', 'C-02', 'C-02', 0, 1);
INSERT INTO t_bin (id, remarks, ext, created_by, created_at, updated_by, updated_at, deleted, schema_code, area_id, bin_code, name_key, sort_no, version) VALUES ('3aaf939e-b5ce-4b1b-9b1d-55255c5e1b1a', NULL, NULL, NULL, '2013-05-29 23:13:43.236', NULL, '2013-05-29 23:13:43.236', false, NULL, 'd27aed5d-7381-42d8-aaa5-e0e14ed6bab5', 'C-03', 'C-03', 0, 1);
INSERT INTO t_bin (id, remarks, ext, created_by, created_at, updated_by, updated_at, deleted, schema_code, area_id, bin_code, name_key, sort_no, version) VALUES ('34473792-c97b-4d67-af56-6e53fd74ba96', NULL, NULL, NULL, '2013-05-29 23:13:43.242', NULL, '2013-05-29 23:13:43.242', false, NULL, 'd27aed5d-7381-42d8-aaa5-e0e14ed6bab5', 'C-04', 'C-04', 0, 1);
INSERT INTO t_bin (id, remarks, ext, created_by, created_at, updated_by, updated_at, deleted, schema_code, area_id, bin_code, name_key, sort_no, version) VALUES ('298af737-9f8a-48cd-b0ef-2a611ce2088a', NULL, NULL, NULL, '2013-05-29 23:13:43.246', NULL, '2013-05-29 23:13:43.246', false, NULL, 'd27aed5d-7381-42d8-aaa5-e0e14ed6bab5', 'C-05', 'C-05', 0, 1);
INSERT INTO t_bin (id, remarks, ext, created_by, created_at, updated_by, updated_at, deleted, schema_code, area_id, bin_code, name_key, sort_no, version) VALUES ('f7293b3b-03b5-4a91-b627-2a793e5bdfc6', NULL, NULL, NULL, '2013-05-29 23:13:43.251', NULL, '2013-05-29 23:13:43.251', false, NULL, 'd27aed5d-7381-42d8-aaa5-e0e14ed6bab5', 'C-06', 'C-06', 0, 1);
INSERT INTO t_bin (id, remarks, ext, created_by, created_at, updated_by, updated_at, deleted, schema_code, area_id, bin_code, name_key, sort_no, version) VALUES ('35c28572-d608-4418-9a10-12d963f16258', NULL, NULL, NULL, '2013-05-29 23:13:43.255', NULL, '2013-05-29 23:13:43.255', false, NULL, 'd27aed5d-7381-42d8-aaa5-e0e14ed6bab5', 'C-07', 'C-07', 0, 1);
INSERT INTO t_bin (id, remarks, ext, created_by, created_at, updated_by, updated_at, deleted, schema_code, area_id, bin_code, name_key, sort_no, version) VALUES ('bddfa77b-d4c2-4169-9197-58f64b82608a', NULL, NULL, NULL, '2013-05-29 23:13:43.261', NULL, '2013-05-29 23:13:43.261', false, NULL, 'd27aed5d-7381-42d8-aaa5-e0e14ed6bab5', 'C-08', 'C-08', 0, 1);
INSERT INTO t_bin (id, remarks, ext, created_by, created_at, updated_by, updated_at, deleted, schema_code, area_id, bin_code, name_key, sort_no, version) VALUES ('988751ab-cba7-48be-a7e2-eb2dc9898330', NULL, NULL, NULL, '2013-05-29 23:13:43.265', NULL, '2013-05-29 23:13:43.265', false, NULL, 'd27aed5d-7381-42d8-aaa5-e0e14ed6bab5', 'C-09', 'C-09', 0, 1);
INSERT INTO t_bin (id, remarks, ext, created_by, created_at, updated_by, updated_at, deleted, schema_code, area_id, bin_code, name_key, sort_no, version) VALUES ('182e5269-4414-4894-b432-23142a25fefd', NULL, NULL, NULL, '2013-05-29 23:13:43.273', NULL, '2013-05-29 23:13:43.273', false, NULL, 'd27aed5d-7381-42d8-aaa5-e0e14ed6bab5', 'C-10', 'C-10', 0, 1);
INSERT INTO t_bin (id, remarks, ext, created_by, created_at, updated_by, updated_at, deleted, schema_code, area_id, bin_code, name_key, sort_no, version) VALUES ('790b0612-5895-4936-8270-e0b092107ea2', NULL, NULL, NULL, '2013-05-29 23:13:43.277', NULL, '2013-05-29 23:13:43.277', false, NULL, 'd27aed5d-7381-42d8-aaa5-e0e14ed6bab5', 'C-11', 'C-11', 0, 1);
INSERT INTO t_bin (id, remarks, ext, created_by, created_at, updated_by, updated_at, deleted, schema_code, area_id, bin_code, name_key, sort_no, version) VALUES ('ee64047c-2be2-4ba0-8b76-22a10d852987', NULL, NULL, NULL, '2013-05-29 23:13:43.285', NULL, '2013-05-29 23:13:43.285', false, NULL, 'd27aed5d-7381-42d8-aaa5-e0e14ed6bab5', 'C-12', 'C-12', 0, 1);
INSERT INTO t_bin (id, remarks, ext, created_by, created_at, updated_by, updated_at, deleted, schema_code, area_id, bin_code, name_key, sort_no, version) VALUES ('5ceedba4-b6e5-4f2f-8e03-04d59c174770', NULL, NULL, NULL, '2013-05-29 23:13:43.291', NULL, '2013-05-29 23:13:43.291', false, NULL, 'd27aed5d-7381-42d8-aaa5-e0e14ed6bab5', 'C-13', 'C-13', 0, 1);
INSERT INTO t_bin (id, remarks, ext, created_by, created_at, updated_by, updated_at, deleted, schema_code, area_id, bin_code, name_key, sort_no, version) VALUES ('f56c4809-c0b1-486c-89df-5280d9eb13a2', NULL, NULL, NULL, '2013-05-29 23:13:43.297', NULL, '2013-05-29 23:13:43.297', false, NULL, 'd27aed5d-7381-42d8-aaa5-e0e14ed6bab5', 'C-14', 'C-14', 0, 1);
INSERT INTO t_bin (id, remarks, ext, created_by, created_at, updated_by, updated_at, deleted, schema_code, area_id, bin_code, name_key, sort_no, version) VALUES ('12ce8959-c669-436d-ac24-e90a42aa425f', NULL, NULL, NULL, '2013-05-29 23:13:43.302', NULL, '2013-05-29 23:13:43.302', false, NULL, 'd27aed5d-7381-42d8-aaa5-e0e14ed6bab5', 'C-15', 'C-15', 0, 1);
INSERT INTO t_bin (id, remarks, ext, created_by, created_at, updated_by, updated_at, deleted, schema_code, area_id, bin_code, name_key, sort_no, version) VALUES ('150805a0-4331-46f5-962b-b82221f51b94', NULL, NULL, NULL, '2013-05-29 23:13:43.308', NULL, '2013-05-29 23:13:43.308', false, NULL, 'd27aed5d-7381-42d8-aaa5-e0e14ed6bab5', 'C-16', 'C-16', 0, 1);
INSERT INTO t_bin (id, remarks, ext, created_by, created_at, updated_by, updated_at, deleted, schema_code, area_id, bin_code, name_key, sort_no, version) VALUES ('77606511-7110-488c-9f5e-6146beeaf177', NULL, NULL, NULL, '2013-05-29 23:13:43.315', NULL, '2013-05-29 23:13:43.315', false, NULL, 'd27aed5d-7381-42d8-aaa5-e0e14ed6bab5', 'C-17', 'C-17', 0, 1);
INSERT INTO t_bin (id, remarks, ext, created_by, created_at, updated_by, updated_at, deleted, schema_code, area_id, bin_code, name_key, sort_no, version) VALUES ('9a7e64e7-b26b-4006-acf6-da3141df8da8', NULL, NULL, NULL, '2013-05-29 23:13:43.323', NULL, '2013-05-29 23:13:43.323', false, NULL, 'd27aed5d-7381-42d8-aaa5-e0e14ed6bab5', 'C-18', 'C-18', 0, 1);
INSERT INTO t_bin (id, remarks, ext, created_by, created_at, updated_by, updated_at, deleted, schema_code, area_id, bin_code, name_key, sort_no, version) VALUES ('7ff74721-c26b-4ed9-a745-78f3ad309814', NULL, NULL, NULL, '2013-05-29 23:13:43.331', NULL, '2013-05-29 23:13:43.331', false, NULL, 'd27aed5d-7381-42d8-aaa5-e0e14ed6bab5', 'C-19', 'C-19', 0, 1);
INSERT INTO t_bin (id, remarks, ext, created_by, created_at, updated_by, updated_at, deleted, schema_code, area_id, bin_code, name_key, sort_no, version) VALUES ('616e6db3-cb7b-40fb-b844-32cbd4904cc6', NULL, NULL, NULL, '2013-05-29 23:13:43.337', NULL, '2013-05-29 23:13:43.337', false, NULL, 'd27aed5d-7381-42d8-aaa5-e0e14ed6bab5', 'C-20', 'C-20', 0, 1);
INSERT INTO t_bin (id, remarks, ext, created_by, created_at, updated_by, updated_at, deleted, schema_code, area_id, bin_code, name_key, sort_no, version) VALUES ('6cc58638-26ec-4d3d-9b8c-58dda323848b', NULL, NULL, NULL, '2013-05-29 23:13:43.344', NULL, '2013-05-29 23:13:43.344', false, NULL, 'd27aed5d-7381-42d8-aaa5-e0e14ed6bab5', 'C-21', 'C-21', 0, 1);
INSERT INTO t_bin (id, remarks, ext, created_by, created_at, updated_by, updated_at, deleted, schema_code, area_id, bin_code, name_key, sort_no, version) VALUES ('9bd786e7-6ace-4f1b-83c5-1f197c1f8aff', NULL, NULL, NULL, '2013-05-29 23:13:43.353', NULL, '2013-05-29 23:13:43.353', false, NULL, 'd27aed5d-7381-42d8-aaa5-e0e14ed6bab5', 'C-22', 'C-22', 0, 1);
INSERT INTO t_bin (id, remarks, ext, created_by, created_at, updated_by, updated_at, deleted, schema_code, area_id, bin_code, name_key, sort_no, version) VALUES ('f128add5-7684-49db-b538-107e37b3eb8e', NULL, NULL, NULL, '2013-05-29 23:13:43.362', NULL, '2013-05-29 23:13:43.362', false, NULL, 'd27aed5d-7381-42d8-aaa5-e0e14ed6bab5', 'C-23', 'C-23', 0, 1);
INSERT INTO t_bin (id, remarks, ext, created_by, created_at, updated_by, updated_at, deleted, schema_code, area_id, bin_code, name_key, sort_no, version) VALUES ('4d893f39-331b-43b8-b83f-599d236c6597', NULL, NULL, NULL, '2013-05-29 23:13:43.371', NULL, '2013-05-29 23:13:43.371', false, NULL, 'd27aed5d-7381-42d8-aaa5-e0e14ed6bab5', 'C-24', 'C-24', 0, 1);
INSERT INTO t_bin (id, remarks, ext, created_by, created_at, updated_by, updated_at, deleted, schema_code, area_id, bin_code, name_key, sort_no, version) VALUES ('f2a4042e-46df-4df0-bc42-172b8602ba48', NULL, NULL, NULL, '2013-05-29 23:13:43.382', NULL, '2013-05-29 23:13:43.382', false, NULL, 'd27aed5d-7381-42d8-aaa5-e0e14ed6bab5', 'C-25', 'C-25', 0, 1);
INSERT INTO t_bin (id, remarks, ext, created_by, created_at, updated_by, updated_at, deleted, schema_code, area_id, bin_code, name_key, sort_no, version) VALUES ('3b6c5482-32eb-4521-a080-e3eb05d3f67e', NULL, NULL, NULL, '2013-05-29 23:13:43.392', NULL, '2013-05-29 23:13:43.392', false, NULL, 'd27aed5d-7381-42d8-aaa5-e0e14ed6bab5', 'C-26', 'C-26', 0, 1);
INSERT INTO t_bin (id, remarks, ext, created_by, created_at, updated_by, updated_at, deleted, schema_code, area_id, bin_code, name_key, sort_no, version) VALUES ('5002ea93-902b-40d1-ae9c-a61c45d8319c', NULL, NULL, NULL, '2013-05-29 23:13:43.398', NULL, '2013-05-29 23:13:43.398', false, NULL, 'd27aed5d-7381-42d8-aaa5-e0e14ed6bab5', 'C-27', 'C-27', 0, 1);
INSERT INTO t_bin (id, remarks, ext, created_by, created_at, updated_by, updated_at, deleted, schema_code, area_id, bin_code, name_key, sort_no, version) VALUES ('4f6b4d74-9171-4837-9837-1df3220f1938', NULL, NULL, NULL, '2013-05-29 23:13:43.404', NULL, '2013-05-29 23:13:43.404', false, NULL, 'd27aed5d-7381-42d8-aaa5-e0e14ed6bab5', 'C-28', 'C-28', 0, 1);
INSERT INTO t_bin (id, remarks, ext, created_by, created_at, updated_by, updated_at, deleted, schema_code, area_id, bin_code, name_key, sort_no, version) VALUES ('0ef95aba-0190-4177-9705-87979c15bc85', NULL, NULL, NULL, '2013-05-29 23:13:43.411', NULL, '2013-05-29 23:13:43.411', false, NULL, 'd27aed5d-7381-42d8-aaa5-e0e14ed6bab5', 'C-29', 'C-29', 0, 1);
INSERT INTO t_bin (id, remarks, ext, created_by, created_at, updated_by, updated_at, deleted, schema_code, area_id, bin_code, name_key, sort_no, version) VALUES ('d784e180-02a2-4106-98d8-d332fcce0b46', NULL, NULL, NULL, '2013-05-29 23:13:43.416', NULL, '2013-05-29 23:13:43.416', false, NULL, 'd27aed5d-7381-42d8-aaa5-e0e14ed6bab5', 'C-30', 'C-30', 0, 1);
INSERT INTO t_bin (id, remarks, ext, created_by, created_at, updated_by, updated_at, deleted, schema_code, area_id, bin_code, name_key, sort_no, version) VALUES ('7c22bcd8-d084-4ff0-9689-2be19650b93e', NULL, NULL, NULL, '2013-05-29 23:13:43.423', NULL, '2013-05-29 23:13:43.423', false, NULL, 'd27aed5d-7381-42d8-aaa5-e0e14ed6bab5', 'C-31', 'C-31', 0, 1);
INSERT INTO t_bin (id, remarks, ext, created_by, created_at, updated_by, updated_at, deleted, schema_code, area_id, bin_code, name_key, sort_no, version) VALUES ('9c8af5cc-8205-4ff0-858d-49ae804a67c9', NULL, NULL, NULL, '2013-05-29 23:13:43.432', NULL, '2013-05-29 23:13:43.432', false, NULL, 'b50ccea6-6678-46a6-9d6f-8900225afb72', 'D-01', 'D-01', 0, 1);
INSERT INTO t_bin (id, remarks, ext, created_by, created_at, updated_by, updated_at, deleted, schema_code, area_id, bin_code, name_key, sort_no, version) VALUES ('8a2ded81-5e30-4570-8441-662691fa7bb4', NULL, NULL, NULL, '2013-05-29 23:13:43.437', NULL, '2013-05-29 23:13:43.437', false, NULL, 'b50ccea6-6678-46a6-9d6f-8900225afb72', 'D-02', 'D-02', 0, 1);
INSERT INTO t_bin (id, remarks, ext, created_by, created_at, updated_by, updated_at, deleted, schema_code, area_id, bin_code, name_key, sort_no, version) VALUES ('d45b1ec2-f16d-4c22-b3ca-0ead6521cf74', NULL, NULL, NULL, '2013-05-29 23:13:43.446', NULL, '2013-05-29 23:13:43.446', false, NULL, 'b50ccea6-6678-46a6-9d6f-8900225afb72', 'D-03', 'D-03', 0, 1);
INSERT INTO t_bin (id, remarks, ext, created_by, created_at, updated_by, updated_at, deleted, schema_code, area_id, bin_code, name_key, sort_no, version) VALUES ('94d27668-a9f8-4c93-a5ec-706112593f0f', NULL, NULL, NULL, '2013-05-29 23:13:43.454', NULL, '2013-05-29 23:13:43.454', false, NULL, 'b50ccea6-6678-46a6-9d6f-8900225afb72', 'D-04', 'D-04', 0, 1);
INSERT INTO t_bin (id, remarks, ext, created_by, created_at, updated_by, updated_at, deleted, schema_code, area_id, bin_code, name_key, sort_no, version) VALUES ('52f4308b-70c3-4310-8a68-684f2e7448f9', NULL, NULL, NULL, '2013-05-29 23:13:43.462', NULL, '2013-05-29 23:13:43.462', false, NULL, 'b50ccea6-6678-46a6-9d6f-8900225afb72', 'D-05', 'D-05', 0, 1);
INSERT INTO t_bin (id, remarks, ext, created_by, created_at, updated_by, updated_at, deleted, schema_code, area_id, bin_code, name_key, sort_no, version) VALUES ('3ccb797b-2c00-4e13-aa2a-f3ee4ee93014', NULL, NULL, NULL, '2013-05-29 23:13:43.478', NULL, '2013-05-29 23:13:43.478', false, NULL, 'b50ccea6-6678-46a6-9d6f-8900225afb72', 'D-06', 'D-06', 0, 1);
INSERT INTO t_bin (id, remarks, ext, created_by, created_at, updated_by, updated_at, deleted, schema_code, area_id, bin_code, name_key, sort_no, version) VALUES ('a44fc87e-5393-4dc1-b3a7-23b30410768c', NULL, NULL, NULL, '2013-05-29 23:13:43.488', NULL, '2013-05-29 23:13:43.488', false, NULL, 'b50ccea6-6678-46a6-9d6f-8900225afb72', 'D-07', 'D-07', 0, 1);
INSERT INTO t_bin (id, remarks, ext, created_by, created_at, updated_by, updated_at, deleted, schema_code, area_id, bin_code, name_key, sort_no, version) VALUES ('e67d80bb-25d9-41a5-8b03-563250b99035', NULL, NULL, NULL, '2013-05-29 23:13:43.494', NULL, '2013-05-29 23:13:43.494', false, NULL, 'b50ccea6-6678-46a6-9d6f-8900225afb72', 'D-08', 'D-08', 0, 1);
INSERT INTO t_bin (id, remarks, ext, created_by, created_at, updated_by, updated_at, deleted, schema_code, area_id, bin_code, name_key, sort_no, version) VALUES ('2be110f0-8663-4243-b61d-9d210c98b162', NULL, NULL, NULL, '2013-05-29 23:13:43.501', NULL, '2013-05-29 23:13:43.501', false, NULL, 'b50ccea6-6678-46a6-9d6f-8900225afb72', 'D-09', 'D-09', 0, 1);
INSERT INTO t_bin (id, remarks, ext, created_by, created_at, updated_by, updated_at, deleted, schema_code, area_id, bin_code, name_key, sort_no, version) VALUES ('7db939ea-8aa9-4306-930b-f69dd9226383', NULL, NULL, NULL, '2013-05-29 23:13:43.508', NULL, '2013-05-29 23:13:43.508', false, NULL, 'b50ccea6-6678-46a6-9d6f-8900225afb72', 'D-10', 'D-10', 0, 1);
INSERT INTO t_bin (id, remarks, ext, created_by, created_at, updated_by, updated_at, deleted, schema_code, area_id, bin_code, name_key, sort_no, version) VALUES ('f8a483be-ad05-4357-b086-268260929552', NULL, NULL, NULL, '2013-05-29 23:13:43.514', NULL, '2013-05-29 23:13:43.514', false, NULL, 'b50ccea6-6678-46a6-9d6f-8900225afb72', 'D-11', 'D-11', 0, 1);
INSERT INTO t_bin (id, remarks, ext, created_by, created_at, updated_by, updated_at, deleted, schema_code, area_id, bin_code, name_key, sort_no, version) VALUES ('0ae44dc5-da24-44f2-96ec-9f89801142e7', NULL, NULL, NULL, '2013-05-29 23:13:43.519', NULL, '2013-05-29 23:13:43.519', false, NULL, 'b50ccea6-6678-46a6-9d6f-8900225afb72', 'D-12', 'D-12', 0, 1);
INSERT INTO t_bin (id, remarks, ext, created_by, created_at, updated_by, updated_at, deleted, schema_code, area_id, bin_code, name_key, sort_no, version) VALUES ('3f8f89e9-74d7-4749-a0cc-637389239b08', NULL, NULL, NULL, '2013-05-29 23:13:43.526', NULL, '2013-05-29 23:13:43.526', false, NULL, 'b50ccea6-6678-46a6-9d6f-8900225afb72', 'D-13', 'D-13', 0, 1);
INSERT INTO t_bin (id, remarks, ext, created_by, created_at, updated_by, updated_at, deleted, schema_code, area_id, bin_code, name_key, sort_no, version) VALUES ('61ce1dab-8977-4ca7-a97f-8c4a93a52a17', NULL, NULL, NULL, '2013-05-29 23:13:43.533', NULL, '2013-05-29 23:13:43.533', false, NULL, 'b50ccea6-6678-46a6-9d6f-8900225afb72', 'D-14', 'D-14', 0, 1);
INSERT INTO t_bin (id, remarks, ext, created_by, created_at, updated_by, updated_at, deleted, schema_code, area_id, bin_code, name_key, sort_no, version) VALUES ('1ad7bfcd-a609-4eb3-bdae-3d1682096ebb', NULL, NULL, NULL, '2013-05-29 23:13:43.538', NULL, '2013-05-29 23:13:43.538', false, NULL, 'b50ccea6-6678-46a6-9d6f-8900225afb72', 'D-15', 'D-15', 0, 1);
INSERT INTO t_bin (id, remarks, ext, created_by, created_at, updated_by, updated_at, deleted, schema_code, area_id, bin_code, name_key, sort_no, version) VALUES ('9196f241-6bdf-44c7-86ce-5492ec99326d', NULL, NULL, NULL, '2013-05-29 23:13:43.543', NULL, '2013-05-29 23:13:43.543', false, NULL, 'b50ccea6-6678-46a6-9d6f-8900225afb72', 'D-16', 'D-16', 0, 1);
INSERT INTO t_bin (id, remarks, ext, created_by, created_at, updated_by, updated_at, deleted, schema_code, area_id, bin_code, name_key, sort_no, version) VALUES ('4a6ac2e4-7379-4f93-8f6e-27347bb81155', NULL, NULL, NULL, '2013-05-29 23:13:43.548', NULL, '2013-05-29 23:13:43.548', false, NULL, 'b50ccea6-6678-46a6-9d6f-8900225afb72', 'D-17', 'D-17', 0, 1);
INSERT INTO t_bin (id, remarks, ext, created_by, created_at, updated_by, updated_at, deleted, schema_code, area_id, bin_code, name_key, sort_no, version) VALUES ('1a8be74a-d21c-4ad6-9fb9-22e0430d0a3f', NULL, NULL, NULL, '2013-05-29 23:13:43.553', NULL, '2013-05-29 23:13:43.553', false, NULL, 'b50ccea6-6678-46a6-9d6f-8900225afb72', 'D-18', 'D-18', 0, 1);
INSERT INTO t_bin (id, remarks, ext, created_by, created_at, updated_by, updated_at, deleted, schema_code, area_id, bin_code, name_key, sort_no, version) VALUES ('c4f01642-53fa-4dcc-a0f5-5691776fa9ae', NULL, NULL, NULL, '2013-05-29 23:13:43.558', NULL, '2013-05-29 23:13:43.558', false, NULL, 'b50ccea6-6678-46a6-9d6f-8900225afb72', 'D-19', 'D-19', 0, 1);
INSERT INTO t_bin (id, remarks, ext, created_by, created_at, updated_by, updated_at, deleted, schema_code, area_id, bin_code, name_key, sort_no, version) VALUES ('fb6fd569-980c-4456-a7e3-d73b3884a788', NULL, NULL, NULL, '2013-05-29 23:13:43.564', NULL, '2013-05-29 23:13:43.564', false, NULL, 'b50ccea6-6678-46a6-9d6f-8900225afb72', 'D-20', 'D-20', 0, 1);
INSERT INTO t_bin (id, remarks, ext, created_by, created_at, updated_by, updated_at, deleted, schema_code, area_id, bin_code, name_key, sort_no, version) VALUES ('60d0e22b-91a7-4d8d-b0e0-190dd354537e', NULL, NULL, NULL, '2013-05-29 23:13:43.569', NULL, '2013-05-29 23:13:43.569', false, NULL, 'b50ccea6-6678-46a6-9d6f-8900225afb72', 'D-21', 'D-21', 0, 1);
INSERT INTO t_bin (id, remarks, ext, created_by, created_at, updated_by, updated_at, deleted, schema_code, area_id, bin_code, name_key, sort_no, version) VALUES ('8e101759-d6a9-4b72-9ff8-7319ced54e86', NULL, NULL, NULL, '2013-05-29 23:13:43.575', NULL, '2013-05-29 23:13:43.575', false, NULL, 'b50ccea6-6678-46a6-9d6f-8900225afb72', 'D-22', 'D-22', 0, 1);
INSERT INTO t_bin (id, remarks, ext, created_by, created_at, updated_by, updated_at, deleted, schema_code, area_id, bin_code, name_key, sort_no, version) VALUES ('0e050010-1166-4bfb-a656-ef09be621e1d', NULL, NULL, NULL, '2013-05-29 23:13:43.581', NULL, '2013-05-29 23:13:43.581', false, NULL, 'b50ccea6-6678-46a6-9d6f-8900225afb72', 'D-23', 'D-23', 0, 1);
INSERT INTO t_bin (id, remarks, ext, created_by, created_at, updated_by, updated_at, deleted, schema_code, area_id, bin_code, name_key, sort_no, version) VALUES ('753b82e0-71d4-479e-8233-6c9d98964789', NULL, NULL, NULL, '2013-05-29 23:13:43.586', NULL, '2013-05-29 23:13:43.586', false, NULL, 'b50ccea6-6678-46a6-9d6f-8900225afb72', 'D-24', 'D-24', 0, 1);
INSERT INTO t_bin (id, remarks, ext, created_by, created_at, updated_by, updated_at, deleted, schema_code, area_id, bin_code, name_key, sort_no, version) VALUES ('f7522d34-4232-401f-bed1-ddc3bf293723', NULL, NULL, NULL, '2013-05-29 23:13:43.592', NULL, '2013-05-29 23:13:43.592', false, NULL, 'b50ccea6-6678-46a6-9d6f-8900225afb72', 'D-25', 'D-25', 0, 1);
INSERT INTO t_bin (id, remarks, ext, created_by, created_at, updated_by, updated_at, deleted, schema_code, area_id, bin_code, name_key, sort_no, version) VALUES ('2239986f-371f-4a90-917d-9d113cc48843', NULL, NULL, NULL, '2013-05-29 23:13:43.597', NULL, '2013-05-29 23:13:43.597', false, NULL, 'b50ccea6-6678-46a6-9d6f-8900225afb72', 'D-26', 'D-26', 0, 1);
INSERT INTO t_bin (id, remarks, ext, created_by, created_at, updated_by, updated_at, deleted, schema_code, area_id, bin_code, name_key, sort_no, version) VALUES ('a1f4f817-91b2-4a7a-987c-09b84fc49c4c', NULL, NULL, NULL, '2013-05-29 23:13:43.603', NULL, '2013-05-29 23:13:43.603', false, NULL, 'b50ccea6-6678-46a6-9d6f-8900225afb72', 'D-27', 'D-27', 0, 1);
INSERT INTO t_bin (id, remarks, ext, created_by, created_at, updated_by, updated_at, deleted, schema_code, area_id, bin_code, name_key, sort_no, version) VALUES ('c2f7e29b-951b-4c06-99cf-ad83700ff6a2', NULL, NULL, NULL, '2013-05-29 23:13:43.609', NULL, '2013-05-29 23:13:43.609', false, NULL, 'b50ccea6-6678-46a6-9d6f-8900225afb72', 'D-28', 'D-28', 0, 1);
INSERT INTO t_bin (id, remarks, ext, created_by, created_at, updated_by, updated_at, deleted, schema_code, area_id, bin_code, name_key, sort_no, version) VALUES ('f0a4eb65-d4d5-4246-a5a7-f335365d3546', NULL, NULL, NULL, '2013-05-29 23:13:43.615', NULL, '2013-05-29 23:13:43.615', false, NULL, 'b50ccea6-6678-46a6-9d6f-8900225afb72', 'D-29', 'D-29', 0, 1);
INSERT INTO t_bin (id, remarks, ext, created_by, created_at, updated_by, updated_at, deleted, schema_code, area_id, bin_code, name_key, sort_no, version) VALUES ('43706c2f-48d4-41e7-9445-580f2c71f8d0', NULL, NULL, NULL, '2013-05-29 23:13:43.622', NULL, '2013-05-29 23:13:43.622', false, NULL, 'b50ccea6-6678-46a6-9d6f-8900225afb72', 'D-30', 'D-30', 0, 1);
INSERT INTO t_bin (id, remarks, ext, created_by, created_at, updated_by, updated_at, deleted, schema_code, area_id, bin_code, name_key, sort_no, version) VALUES ('95176e1a-fe75-4c9b-b63d-4426bb47223e', NULL, NULL, NULL, '2013-05-29 23:13:43.625', NULL, '2013-05-29 23:13:43.625', false, NULL, 'b50ccea6-6678-46a6-9d6f-8900225afb72', 'D-31', 'D-31', 0, 1);
INSERT INTO t_bin (id, remarks, ext, created_by, created_at, updated_by, updated_at, deleted, schema_code, area_id, bin_code, name_key, sort_no, version) VALUES ('39a0a3a7-7ec1-4c57-b2b5-d4380de223e6', NULL, NULL, NULL, '2013-05-29 23:13:43.632', NULL, '2013-05-29 23:13:43.632', false, NULL, 'b50ccea6-6678-46a6-9d6f-8900225afb72', 'D-32', 'D-32', 0, 1);
INSERT INTO t_bin (id, remarks, ext, created_by, created_at, updated_by, updated_at, deleted, schema_code, area_id, bin_code, name_key, sort_no, version) VALUES ('3f336bda-0df7-48f8-bb94-41076fd0b5b2', NULL, NULL, NULL, '2013-05-29 23:13:43.634', NULL, '2013-05-29 23:13:43.634', false, NULL, 'b403f597-a9e8-49f3-95a4-716fdcf43792', 'TA-01', 'TA-01', 0, 1);
INSERT INTO t_bin (id, remarks, ext, created_by, created_at, updated_by, updated_at, deleted, schema_code, area_id, bin_code, name_key, sort_no, version) VALUES ('f871a3e6-2bfa-4ecd-a8f1-f03604fdd797', NULL, NULL, NULL, '2013-05-29 23:13:43.639', NULL, '2013-05-29 23:13:43.639', false, NULL, 'b403f597-a9e8-49f3-95a4-716fdcf43792', 'TA-02', 'TA-02', 0, 1);
INSERT INTO t_bin (id, remarks, ext, created_by, created_at, updated_by, updated_at, deleted, schema_code, area_id, bin_code, name_key, sort_no, version) VALUES ('02abca66-fde3-4a42-b8f1-87f818db8892', NULL, NULL, NULL, '2013-05-29 23:13:43.644', NULL, '2013-05-29 23:13:43.644', false, NULL, 'b403f597-a9e8-49f3-95a4-716fdcf43792', 'TA-03', 'TA-03', 0, 1);
INSERT INTO t_bin (id, remarks, ext, created_by, created_at, updated_by, updated_at, deleted, schema_code, area_id, bin_code, name_key, sort_no, version) VALUES ('3a22e863-e8f9-405e-9cba-55acbbcbb248', NULL, NULL, NULL, '2013-05-29 23:13:43.648', NULL, '2013-05-29 23:13:43.648', false, NULL, 'b403f597-a9e8-49f3-95a4-716fdcf43792', 'TA-04', 'TA-04', 0, 1);
INSERT INTO t_bin (id, remarks, ext, created_by, created_at, updated_by, updated_at, deleted, schema_code, area_id, bin_code, name_key, sort_no, version) VALUES ('64da0a71-5534-40c3-8053-4090c8d6866f', NULL, NULL, NULL, '2013-05-29 23:13:43.654', NULL, '2013-05-29 23:13:43.654', false, NULL, 'b403f597-a9e8-49f3-95a4-716fdcf43792', 'TA-05', 'TA-05', 0, 1);
INSERT INTO t_bin (id, remarks, ext, created_by, created_at, updated_by, updated_at, deleted, schema_code, area_id, bin_code, name_key, sort_no, version) VALUES ('af0ec9b1-96f8-40f9-8b51-59da0fdef6b6', NULL, NULL, NULL, '2013-05-29 23:13:43.662', NULL, '2013-05-29 23:13:43.662', false, NULL, 'b403f597-a9e8-49f3-95a4-716fdcf43792', 'TA-06', 'TA-06', 0, 1);
INSERT INTO t_bin (id, remarks, ext, created_by, created_at, updated_by, updated_at, deleted, schema_code, area_id, bin_code, name_key, sort_no, version) VALUES ('174fa6b2-8e89-4206-8b48-8ac2db0d9a74', NULL, NULL, NULL, '2013-05-29 23:13:43.665', NULL, '2013-05-29 23:13:43.665', false, NULL, '547d2ba9-a83d-4a1a-b5c0-b24d61cd3bab', 'TB-01', 'TB-01', 0, 1);
INSERT INTO t_bin (id, remarks, ext, created_by, created_at, updated_by, updated_at, deleted, schema_code, area_id, bin_code, name_key, sort_no, version) VALUES ('a285131b-c03a-4a28-983c-4db6b52186a3', NULL, NULL, NULL, '2013-05-29 23:13:43.672', NULL, '2013-05-29 23:13:43.672', false, NULL, '547d2ba9-a83d-4a1a-b5c0-b24d61cd3bab', 'TB-02', 'TB-02', 0, 1);
INSERT INTO t_bin (id, remarks, ext, created_by, created_at, updated_by, updated_at, deleted, schema_code, area_id, bin_code, name_key, sort_no, version) VALUES ('19f83a98-bc55-443e-a388-e32f883dd044', NULL, NULL, NULL, '2013-05-29 23:13:43.679', NULL, '2013-05-29 23:13:43.679', false, NULL, '547d2ba9-a83d-4a1a-b5c0-b24d61cd3bab', 'TB-03', 'TB-03', 0, 1);
INSERT INTO t_bin (id, remarks, ext, created_by, created_at, updated_by, updated_at, deleted, schema_code, area_id, bin_code, name_key, sort_no, version) VALUES ('97f65dd9-0aff-44b5-85a1-efb88f156252', NULL, NULL, NULL, '2013-05-29 23:13:43.685', NULL, '2013-05-29 23:13:43.685', false, NULL, '547d2ba9-a83d-4a1a-b5c0-b24d61cd3bab', 'TB-04', 'TB-04', 0, 1);
INSERT INTO t_bin (id, remarks, ext, created_by, created_at, updated_by, updated_at, deleted, schema_code, area_id, bin_code, name_key, sort_no, version) VALUES ('4ede91b6-6e3e-4857-aed3-31ae4ab675e2', NULL, NULL, NULL, '2013-05-29 23:13:43.693', NULL, '2013-05-29 23:13:43.693', false, NULL, '547d2ba9-a83d-4a1a-b5c0-b24d61cd3bab', 'TB-05', 'TB-05', 0, 1);
INSERT INTO t_bin (id, remarks, ext, created_by, created_at, updated_by, updated_at, deleted, schema_code, area_id, bin_code, name_key, sort_no, version) VALUES ('177373b9-f6a5-46f7-8a95-56c094ac4e77', NULL, NULL, NULL, '2013-05-29 23:13:43.698', NULL, '2013-05-29 23:13:43.698', false, NULL, '547d2ba9-a83d-4a1a-b5c0-b24d61cd3bab', 'TB-06', 'TB-06', 0, 1);
INSERT INTO t_bin (id, remarks, ext, created_by, created_at, updated_by, updated_at, deleted, schema_code, area_id, bin_code, name_key, sort_no, version) VALUES ('89704531-99e5-4847-b9fc-abb28928c40f', NULL, NULL, NULL, '2013-05-29 23:13:43.704', NULL, '2013-05-29 23:13:43.704', false, NULL, '547d2ba9-a83d-4a1a-b5c0-b24d61cd3bab', 'TB-07', 'TB-07', 0, 1);
INSERT INTO t_bin (id, remarks, ext, created_by, created_at, updated_by, updated_at, deleted, schema_code, area_id, bin_code, name_key, sort_no, version) VALUES ('43ba682c-a40f-4155-a8fd-8cbfb1bc3bcb', NULL, NULL, NULL, '2013-05-29 23:13:43.712', NULL, '2013-05-29 23:13:43.712', false, NULL, '547d2ba9-a83d-4a1a-b5c0-b24d61cd3bab', 'TB-08', 'TB-08', 0, 1);
INSERT INTO t_bin (id, remarks, ext, created_by, created_at, updated_by, updated_at, deleted, schema_code, area_id, bin_code, name_key, sort_no, version) VALUES ('f880e097-ace1-4dd7-a861-93ddff7416cc', NULL, NULL, NULL, '2013-05-29 23:13:43.715', NULL, '2013-05-29 23:13:43.715', false, NULL, '547d2ba9-a83d-4a1a-b5c0-b24d61cd3bab', 'TB-09', 'TB-09', 0, 1);
INSERT INTO t_bin (id, remarks, ext, created_by, created_at, updated_by, updated_at, deleted, schema_code, area_id, bin_code, name_key, sort_no, version) VALUES ('00a531f0-273a-4a84-bae4-95c3234758dd', NULL, NULL, NULL, '2013-05-29 23:13:43.722', NULL, '2013-05-29 23:13:43.722', false, NULL, '547d2ba9-a83d-4a1a-b5c0-b24d61cd3bab', 'TB-10', 'TB-10', 0, 1);
INSERT INTO t_bin (id, remarks, ext, created_by, created_at, updated_by, updated_at, deleted, schema_code, area_id, bin_code, name_key, sort_no, version) VALUES ('73214d57-eebf-4073-8cc3-31723d889456', NULL, NULL, NULL, '2013-05-29 23:13:43.726', NULL, '2013-05-29 23:13:43.726', false, NULL, 'd248f5c3-1914-4413-996d-c2fc8bd4079f', 'TC-01', 'TC-01', 0, 1);
INSERT INTO t_bin (id, remarks, ext, created_by, created_at, updated_by, updated_at, deleted, schema_code, area_id, bin_code, name_key, sort_no, version) VALUES ('385d1bf9-9c21-4317-a9bd-93301f680807', NULL, NULL, NULL, '2013-05-29 23:13:43.732', NULL, '2013-05-29 23:13:43.732', false, NULL, 'd248f5c3-1914-4413-996d-c2fc8bd4079f', 'TC-02', 'TC-02', 0, 1);
INSERT INTO t_bin (id, remarks, ext, created_by, created_at, updated_by, updated_at, deleted, schema_code, area_id, bin_code, name_key, sort_no, version) VALUES ('f3033d06-fb78-4b53-bcad-debe22e931d6', NULL, NULL, NULL, '2013-05-29 23:13:43.737', NULL, '2013-05-29 23:13:43.737', false, NULL, 'd248f5c3-1914-4413-996d-c2fc8bd4079f', 'TC-03', 'TC-03', 0, 1);
INSERT INTO t_bin (id, remarks, ext, created_by, created_at, updated_by, updated_at, deleted, schema_code, area_id, bin_code, name_key, sort_no, version) VALUES ('0fe1d474-d88f-4d0f-bfe2-36dd18956c03', NULL, NULL, NULL, '2013-05-29 23:13:43.743', NULL, '2013-05-29 23:13:43.743', false, NULL, 'd248f5c3-1914-4413-996d-c2fc8bd4079f', 'TC-04', 'TC-04', 0, 1);
INSERT INTO t_bin (id, remarks, ext, created_by, created_at, updated_by, updated_at, deleted, schema_code, area_id, bin_code, name_key, sort_no, version) VALUES ('73812103-1983-4b10-9927-7b5e0db58dc4', NULL, NULL, NULL, '2013-05-29 23:13:43.749', NULL, '2013-05-29 23:13:43.749', false, NULL, 'd248f5c3-1914-4413-996d-c2fc8bd4079f', 'TC-05', 'TC-05', 0, 1);
INSERT INTO t_bin (id, remarks, ext, created_by, created_at, updated_by, updated_at, deleted, schema_code, area_id, bin_code, name_key, sort_no, version) VALUES ('6f9edad8-b0d2-4139-aa1f-24635b6be0ae', NULL, NULL, NULL, '2013-05-29 23:13:43.754', NULL, '2013-05-29 23:13:43.754', false, NULL, 'd248f5c3-1914-4413-996d-c2fc8bd4079f', 'TC-06', 'TC-06', 0, 1);
INSERT INTO t_bin (id, remarks, ext, created_by, created_at, updated_by, updated_at, deleted, schema_code, area_id, bin_code, name_key, sort_no, version) VALUES ('e0da79dc-61f9-4baa-afc3-8d15806c8cbf', NULL, NULL, NULL, '2013-05-29 23:13:43.762', NULL, '2013-05-29 23:13:43.762', false, NULL, 'd248f5c3-1914-4413-996d-c2fc8bd4079f', 'TC-07', 'TC-07', 0, 1);
INSERT INTO t_bin (id, remarks, ext, created_by, created_at, updated_by, updated_at, deleted, schema_code, area_id, bin_code, name_key, sort_no, version) VALUES ('93480164-2af5-43e1-b463-e01b6383894c', NULL, NULL, NULL, '2013-05-29 23:13:43.765', NULL, '2013-05-29 23:13:43.765', false, NULL, 'd248f5c3-1914-4413-996d-c2fc8bd4079f', 'TC-08', 'TC-08', 0, 1);
INSERT INTO t_bin (id, remarks, ext, created_by, created_at, updated_by, updated_at, deleted, schema_code, area_id, bin_code, name_key, sort_no, version) VALUES ('809469a5-f277-4aca-af5c-000b0e36ec1f', NULL, NULL, NULL, '2013-05-29 23:13:43.771', NULL, '2013-05-29 23:13:43.771', false, NULL, 'd248f5c3-1914-4413-996d-c2fc8bd4079f', 'TC-09', 'TC-09', 0, 1);
INSERT INTO t_bin (id, remarks, ext, created_by, created_at, updated_by, updated_at, deleted, schema_code, area_id, bin_code, name_key, sort_no, version) VALUES ('3faec0f5-d9aa-4365-9eec-7db395e63522', NULL, NULL, NULL, '2013-05-29 23:13:43.777', NULL, '2013-05-29 23:13:43.777', false, NULL, 'd248f5c3-1914-4413-996d-c2fc8bd4079f', 'TC-10', 'TC-10', 0, 1);
INSERT INTO t_bin (id, remarks, ext, created_by, created_at, updated_by, updated_at, deleted, schema_code, area_id, bin_code, name_key, sort_no, version) VALUES ('3d166bc6-8d7d-4baa-8a17-e95822ba0512', NULL, NULL, NULL, '2013-05-29 23:13:43.782', NULL, '2013-05-29 23:13:43.782', false, NULL, 'd248f5c3-1914-4413-996d-c2fc8bd4079f', 'TC-11', 'TC-11', 0, 1);
INSERT INTO t_bin (id, remarks, ext, created_by, created_at, updated_by, updated_at, deleted, schema_code, area_id, bin_code, name_key, sort_no, version) VALUES ('0fb4b033-b70b-4604-b960-ca884ddcdceb', NULL, NULL, NULL, '2013-05-29 23:13:43.787', NULL, '2013-05-29 23:13:43.787', false, NULL, 'd248f5c3-1914-4413-996d-c2fc8bd4079f', 'TC-12', 'TC-12', 0, 1);
INSERT INTO t_bin (id, remarks, ext, created_by, created_at, updated_by, updated_at, deleted, schema_code, area_id, bin_code, name_key, sort_no, version) VALUES ('2c8e25dd-88ed-4763-b347-7cacc02025e8', NULL, NULL, NULL, '2013-05-29 23:13:43.792', NULL, '2013-05-29 23:13:43.792', false, NULL, '6c3bdcbf-6c4d-42c3-aa47-9c2d2b9a040e', 'LA-01', 'LA-01', 0, 1);
INSERT INTO t_bin (id, remarks, ext, created_by, created_at, updated_by, updated_at, deleted, schema_code, area_id, bin_code, name_key, sort_no, version) VALUES ('cd96489c-d5d1-4afd-a87d-3d913087bfc9', NULL, NULL, NULL, '2013-05-29 23:13:43.798', NULL, '2013-05-29 23:13:43.798', false, NULL, '6c3bdcbf-6c4d-42c3-aa47-9c2d2b9a040e', 'LA-02', 'LA-02', 0, 1);
INSERT INTO t_bin (id, remarks, ext, created_by, created_at, updated_by, updated_at, deleted, schema_code, area_id, bin_code, name_key, sort_no, version) VALUES ('a80da159-4a5c-45e9-9250-c9ac7633437a', NULL, NULL, NULL, '2013-05-29 23:13:43.803', NULL, '2013-05-29 23:13:43.803', false, NULL, '6c3bdcbf-6c4d-42c3-aa47-9c2d2b9a040e', 'LA-03', 'LA-03', 0, 1);
INSERT INTO t_bin (id, remarks, ext, created_by, created_at, updated_by, updated_at, deleted, schema_code, area_id, bin_code, name_key, sort_no, version) VALUES ('d5672073-2723-4867-adbc-186bd3154268', NULL, NULL, NULL, '2013-05-29 23:13:43.808', NULL, '2013-05-29 23:13:43.808', false, NULL, '6c3bdcbf-6c4d-42c3-aa47-9c2d2b9a040e', 'LA-04', 'LA-04', 0, 1);
INSERT INTO t_bin (id, remarks, ext, created_by, created_at, updated_by, updated_at, deleted, schema_code, area_id, bin_code, name_key, sort_no, version) VALUES ('baf39abd-bd6e-44f3-b308-b40c78f65042', NULL, NULL, NULL, '2013-05-29 23:13:43.813', NULL, '2013-05-29 23:13:43.813', false, NULL, '6c3bdcbf-6c4d-42c3-aa47-9c2d2b9a040e', 'LA-05', 'LA-05', 0, 1);

--bin_capacity
INSERT INTO t_bin_capacity (id, remarks, ext, created_by, created_at, updated_by, updated_at, deleted, schema_code, bin_id, capacity_type, capacity, version) VALUES ('d7deb508-4dfd-492d-b2ef-b86567264df3', NULL, NULL, NULL, '2013-05-29 23:13:42.939', NULL, '2013-05-29 23:13:42.939', false, NULL, '715f0306-233e-4f50-b5dd-faab32bdd0a8', 'Kg', NULL, 1);
INSERT INTO t_bin_capacity (id, remarks, ext, created_by, created_at, updated_by, updated_at, deleted, schema_code, bin_id, capacity_type, capacity, version) VALUES ('7fe17f82-f1a6-4a5e-acb6-f049fcc9f4bd', NULL, NULL, NULL, '2013-05-29 23:13:42.947', NULL, '2013-05-29 23:13:42.947', false, NULL, 'dca221c6-40d2-40f6-9792-294a0815931b', 'Kg', NULL, 1);
INSERT INTO t_bin_capacity (id, remarks, ext, created_by, created_at, updated_by, updated_at, deleted, schema_code, bin_id, capacity_type, capacity, version) VALUES ('62e51ed9-3b8c-464b-8fcf-56375595b9e4', NULL, NULL, NULL, '2013-05-29 23:13:42.953', NULL, '2013-05-29 23:13:42.953', false, NULL, '380fb40d-903c-41c8-adff-50cce409bcf3', 'Kg', NULL, 1);
INSERT INTO t_bin_capacity (id, remarks, ext, created_by, created_at, updated_by, updated_at, deleted, schema_code, bin_id, capacity_type, capacity, version) VALUES ('dc748c68-ea13-4431-b940-4307ff5e99fd', NULL, NULL, NULL, '2013-05-29 23:13:42.962', NULL, '2013-05-29 23:13:42.962', false, NULL, 'eb1510d6-91fe-4da3-b562-c70450a6e0eb', 'Kg', NULL, 1);
INSERT INTO t_bin_capacity (id, remarks, ext, created_by, created_at, updated_by, updated_at, deleted, schema_code, bin_id, capacity_type, capacity, version) VALUES ('92206bc8-d9a4-483e-a391-b81e1404df64', NULL, NULL, NULL, '2013-05-29 23:13:42.966', NULL, '2013-05-29 23:13:42.966', false, NULL, '899d011e-b4ea-4512-a388-cd504e5de3f7', 'Kg', 7200.0000, 1);
INSERT INTO t_bin_capacity (id, remarks, ext, created_by, created_at, updated_by, updated_at, deleted, schema_code, bin_id, capacity_type, capacity, version) VALUES ('0ea3da7e-722a-412d-b954-7ade8e966660', NULL, NULL, NULL, '2013-05-29 23:13:42.974', NULL, '2013-05-29 23:13:42.974', false, NULL, '4608dde4-ba50-4e36-ba43-826f97787f11', 'Kg', 7200.0000, 1);
INSERT INTO t_bin_capacity (id, remarks, ext, created_by, created_at, updated_by, updated_at, deleted, schema_code, bin_id, capacity_type, capacity, version) VALUES ('89f532a3-8de9-46b1-b02b-4d34115f919e', NULL, NULL, NULL, '2013-05-29 23:13:42.982', NULL, '2013-05-29 23:13:42.982', false, NULL, 'cf361489-88dc-412a-931b-22d84483ecfd', 'Kg', 12000.0000, 1);
INSERT INTO t_bin_capacity (id, remarks, ext, created_by, created_at, updated_by, updated_at, deleted, schema_code, bin_id, capacity_type, capacity, version) VALUES ('0e3142fd-847c-476f-bb6b-4979274db5da', NULL, NULL, NULL, '2013-05-29 23:13:42.986', NULL, '2013-05-29 23:13:42.986', false, NULL, '19ddd4d1-7a88-4dd3-8270-5517ceb205f1', 'Kg', 12000.0000, 1);
INSERT INTO t_bin_capacity (id, remarks, ext, created_by, created_at, updated_by, updated_at, deleted, schema_code, bin_id, capacity_type, capacity, version) VALUES ('e96ef4d9-762b-4b24-8aab-cc1bc100df94', NULL, NULL, NULL, '2013-05-29 23:13:42.993', NULL, '2013-05-29 23:13:42.993', false, NULL, '3faa8dbc-1c29-4dcf-ac1f-7d0b72439b02', 'Kg', 12000.0000, 1);
INSERT INTO t_bin_capacity (id, remarks, ext, created_by, created_at, updated_by, updated_at, deleted, schema_code, bin_id, capacity_type, capacity, version) VALUES ('850f7ed8-48ed-4c81-b4c1-66136bb0e4dc', NULL, NULL, NULL, '2013-05-29 23:13:42.999', NULL, '2013-05-29 23:13:42.999', false, NULL, '93bfdca4-f36a-4e9c-8295-a0933b2d4e15', 'Kg', 12000.0000, 1);
INSERT INTO t_bin_capacity (id, remarks, ext, created_by, created_at, updated_by, updated_at, deleted, schema_code, bin_id, capacity_type, capacity, version) VALUES ('8c1a94fb-5229-4ce5-92a3-e40db029a3a1', NULL, NULL, NULL, '2013-05-29 23:13:43.005', NULL, '2013-05-29 23:13:43.005', false, NULL, 'dbe09966-e5f0-49c6-9475-495d72dc922f', 'Kg', 12000.0000, 1);
INSERT INTO t_bin_capacity (id, remarks, ext, created_by, created_at, updated_by, updated_at, deleted, schema_code, bin_id, capacity_type, capacity, version) VALUES ('210b3723-8c64-4a99-a7bf-676f693a3f65', NULL, NULL, NULL, '2013-05-29 23:13:43.011', NULL, '2013-05-29 23:13:43.011', false, NULL, 'a45e07e6-b9e7-493c-beec-376b28d4b42e', 'Kg', 12000.0000, 1);
INSERT INTO t_bin_capacity (id, remarks, ext, created_by, created_at, updated_by, updated_at, deleted, schema_code, bin_id, capacity_type, capacity, version) VALUES ('bb5b0649-e974-400a-a3d5-7d2df6f80bd6', NULL, NULL, NULL, '2013-05-29 23:13:43.017', NULL, '2013-05-29 23:13:43.017', false, NULL, '211d9e2a-ec0a-408c-81ca-608597d98c03', 'Kg', 12000.0000, 1);
INSERT INTO t_bin_capacity (id, remarks, ext, created_by, created_at, updated_by, updated_at, deleted, schema_code, bin_id, capacity_type, capacity, version) VALUES ('97cc6523-972e-43ac-843b-6ba66a11d7cd', NULL, NULL, NULL, '2013-05-29 23:13:43.023', NULL, '2013-05-29 23:13:43.023', false, NULL, '59c18039-885c-4d12-aecb-9a68457cf565', 'Kg', 12000.0000, 1);
INSERT INTO t_bin_capacity (id, remarks, ext, created_by, created_at, updated_by, updated_at, deleted, schema_code, bin_id, capacity_type, capacity, version) VALUES ('86dc1fc7-b504-4063-8079-aa575207c00e', NULL, NULL, NULL, '2013-05-29 23:13:43.028', NULL, '2013-05-29 23:13:43.028', false, NULL, 'b4268780-4d94-4bfa-bb13-323b8608ad56', 'Kg', 9600.0000, 1);
INSERT INTO t_bin_capacity (id, remarks, ext, created_by, created_at, updated_by, updated_at, deleted, schema_code, bin_id, capacity_type, capacity, version) VALUES ('12ad5f9b-1e01-418e-b650-02db43448289', NULL, NULL, NULL, '2013-05-29 23:13:43.034', NULL, '2013-05-29 23:13:43.034', false, NULL, 'f83e0c76-9953-4223-8863-d689f4ac55a7', 'Kg', 7200.0000, 1);
INSERT INTO t_bin_capacity (id, remarks, ext, created_by, created_at, updated_by, updated_at, deleted, schema_code, bin_id, capacity_type, capacity, version) VALUES ('2f087bd4-57df-4302-8bf0-728e9f1e5244', NULL, NULL, NULL, '2013-05-29 23:13:43.039', NULL, '2013-05-29 23:13:43.039', false, NULL, '9c65beb7-190a-4912-9756-cf1343560ddc', 'Kg', 22400.0000, 1);
INSERT INTO t_bin_capacity (id, remarks, ext, created_by, created_at, updated_by, updated_at, deleted, schema_code, bin_id, capacity_type, capacity, version) VALUES ('1bc0aaae-00a0-420b-bdb3-b8104a0125e7', NULL, NULL, NULL, '2013-05-29 23:13:43.043', NULL, '2013-05-29 23:13:43.043', false, NULL, 'c4c6a1c6-37c1-40ea-bc7c-0064583de958', 'Kg', 22400.0000, 1);
INSERT INTO t_bin_capacity (id, remarks, ext, created_by, created_at, updated_by, updated_at, deleted, schema_code, bin_id, capacity_type, capacity, version) VALUES ('dcfd4cf5-59eb-4f62-9315-07e819c94b12', NULL, NULL, NULL, '2013-05-29 23:13:43.047', NULL, '2013-05-29 23:13:43.047', false, NULL, '66b48633-dab2-4ac8-b4a5-832eb46c33fc', 'Kg', 22400.0000, 1);
INSERT INTO t_bin_capacity (id, remarks, ext, created_by, created_at, updated_by, updated_at, deleted, schema_code, bin_id, capacity_type, capacity, version) VALUES ('3395792c-d572-425e-b0d4-5309e24730ed', NULL, NULL, NULL, '2013-05-29 23:13:43.052', NULL, '2013-05-29 23:13:43.052', false, NULL, 'f6851ca0-f8f9-4afa-b45f-0215efa4eafd', 'Kg', 22400.0000, 1);
INSERT INTO t_bin_capacity (id, remarks, ext, created_by, created_at, updated_by, updated_at, deleted, schema_code, bin_id, capacity_type, capacity, version) VALUES ('745f73bb-66e1-440e-b909-657aaf3bd0db', NULL, NULL, NULL, '2013-05-29 23:13:43.057', NULL, '2013-05-29 23:13:43.057', false, NULL, 'c13db19a-805a-44d5-8d5f-3480323770eb', 'Kg', 22400.0000, 1);
INSERT INTO t_bin_capacity (id, remarks, ext, created_by, created_at, updated_by, updated_at, deleted, schema_code, bin_id, capacity_type, capacity, version) VALUES ('281893b5-b3ee-4a95-a742-029a80116410', NULL, NULL, NULL, '2013-05-29 23:13:43.063', NULL, '2013-05-29 23:13:43.063', false, NULL, '20e161ab-6a64-4619-977a-a86990d968de', 'Kg', 22400.0000, 1);
INSERT INTO t_bin_capacity (id, remarks, ext, created_by, created_at, updated_by, updated_at, deleted, schema_code, bin_id, capacity_type, capacity, version) VALUES ('c32ca58d-79ee-44ec-a4fe-67a24e0a8653', NULL, NULL, NULL, '2013-05-29 23:13:43.068', NULL, '2013-05-29 23:13:43.068', false, NULL, '07e7e422-6693-442c-99d3-944614887cf8', 'Kg', 22400.0000, 1);
INSERT INTO t_bin_capacity (id, remarks, ext, created_by, created_at, updated_by, updated_at, deleted, schema_code, bin_id, capacity_type, capacity, version) VALUES ('5f853ef1-6054-45f4-b8ce-234ae80fb4f9', NULL, NULL, NULL, '2013-05-29 23:13:43.074', NULL, '2013-05-29 23:13:43.074', false, NULL, '2d32afab-a342-4971-8d93-395343c84e50', 'Kg', 22400.0000, 1);
INSERT INTO t_bin_capacity (id, remarks, ext, created_by, created_at, updated_by, updated_at, deleted, schema_code, bin_id, capacity_type, capacity, version) VALUES ('c96f5c3b-b985-4112-b982-cbf94b4ea832', NULL, NULL, NULL, '2013-05-29 23:13:43.079', NULL, '2013-05-29 23:13:43.079', false, NULL, 'd402026d-4519-4333-a280-9b71c297a4d1', 'Kg', 22400.0000, 1);
INSERT INTO t_bin_capacity (id, remarks, ext, created_by, created_at, updated_by, updated_at, deleted, schema_code, bin_id, capacity_type, capacity, version) VALUES ('cc4b501c-47ee-4979-8286-5f899f6eb509', NULL, NULL, NULL, '2013-05-29 23:13:43.083', NULL, '2013-05-29 23:13:43.083', false, NULL, '7884b434-6615-49cb-9b94-7b9ba39b388b', 'Kg', 22400.0000, 1);
INSERT INTO t_bin_capacity (id, remarks, ext, created_by, created_at, updated_by, updated_at, deleted, schema_code, bin_id, capacity_type, capacity, version) VALUES ('16aa3730-de37-489f-94bb-392e54802ae7', NULL, NULL, NULL, '2013-05-29 23:13:43.087', NULL, '2013-05-29 23:13:43.087', false, NULL, 'a9ea8eab-ca79-45f2-aae9-a2759faf742a', 'Kg', 22400.0000, 1);
INSERT INTO t_bin_capacity (id, remarks, ext, created_by, created_at, updated_by, updated_at, deleted, schema_code, bin_id, capacity_type, capacity, version) VALUES ('e5d3c9a2-5907-4065-98aa-e9e910363569', NULL, NULL, NULL, '2013-05-29 23:13:43.092', NULL, '2013-05-29 23:13:43.092', false, NULL, '991fbd51-1a67-4e7a-9597-620ac4e247c0', 'Kg', 22400.0000, 1);
INSERT INTO t_bin_capacity (id, remarks, ext, created_by, created_at, updated_by, updated_at, deleted, schema_code, bin_id, capacity_type, capacity, version) VALUES ('9aa908a3-0249-4033-a663-b95c878a1932', NULL, NULL, NULL, '2013-05-29 23:13:43.097', NULL, '2013-05-29 23:13:43.097', false, NULL, '47fc7656-eb6d-4c09-b489-13c2d4945065', 'Kg', 22400.0000, 1);
INSERT INTO t_bin_capacity (id, remarks, ext, created_by, created_at, updated_by, updated_at, deleted, schema_code, bin_id, capacity_type, capacity, version) VALUES ('41f040d7-b64a-4fb0-8941-59ae829f6e84', NULL, NULL, NULL, '2013-05-29 23:13:43.101', NULL, '2013-05-29 23:13:43.101', false, NULL, '885addd2-691d-4565-93f0-4805513d9141', 'Kg', 22400.0000, 1);
INSERT INTO t_bin_capacity (id, remarks, ext, created_by, created_at, updated_by, updated_at, deleted, schema_code, bin_id, capacity_type, capacity, version) VALUES ('b48361da-0967-48c4-8ca1-deb6857c36c2', NULL, NULL, NULL, '2013-05-29 23:13:43.106', NULL, '2013-05-29 23:13:43.106', false, NULL, 'a050acaa-d199-4347-b792-80d45b7cb52b', 'Kg', 22400.0000, 1);
INSERT INTO t_bin_capacity (id, remarks, ext, created_by, created_at, updated_by, updated_at, deleted, schema_code, bin_id, capacity_type, capacity, version) VALUES ('c15949b7-100b-47af-954a-56a01bf99480', NULL, NULL, NULL, '2013-05-29 23:13:43.111', NULL, '2013-05-29 23:13:43.111', false, NULL, 'aa30d710-2677-4fa7-b27e-62364e00bded', 'Kg', 22400.0000, 1);
INSERT INTO t_bin_capacity (id, remarks, ext, created_by, created_at, updated_by, updated_at, deleted, schema_code, bin_id, capacity_type, capacity, version) VALUES ('03ae35c0-797c-41b6-bd3e-3ab9c72f63d4', NULL, NULL, NULL, '2013-05-29 23:13:43.116', NULL, '2013-05-29 23:13:43.116', false, NULL, '1a97fdb5-0609-4913-92d9-2c6636b66c6d', 'Kg', 9600.0000, 1);
INSERT INTO t_bin_capacity (id, remarks, ext, created_by, created_at, updated_by, updated_at, deleted, schema_code, bin_id, capacity_type, capacity, version) VALUES ('cda3c0d6-6218-447a-9bf8-88854bd1d73c', NULL, NULL, NULL, '2013-05-29 23:13:43.121', NULL, '2013-05-29 23:13:43.121', false, NULL, 'c392c03a-06f9-464b-b22a-b3e8513cc769', 'Kg', 9600.0000, 1);
INSERT INTO t_bin_capacity (id, remarks, ext, created_by, created_at, updated_by, updated_at, deleted, schema_code, bin_id, capacity_type, capacity, version) VALUES ('84e4efef-aca7-426b-b849-3ec52f8d3dec', NULL, NULL, NULL, '2013-05-29 23:13:43.128', NULL, '2013-05-29 23:13:43.128', false, NULL, '1e526410-e78f-4b13-b78d-d43e16fc6fa8', 'Kg', 9600.0000, 1);
INSERT INTO t_bin_capacity (id, remarks, ext, created_by, created_at, updated_by, updated_at, deleted, schema_code, bin_id, capacity_type, capacity, version) VALUES ('67e7d594-55eb-40c0-b037-2f6d5b6fd7d4', NULL, NULL, NULL, '2013-05-29 23:13:43.132', NULL, '2013-05-29 23:13:43.132', false, NULL, '0f1ed473-5356-41d1-aa9d-3eb9aeb93768', 'Kg', 9600.0000, 1);
INSERT INTO t_bin_capacity (id, remarks, ext, created_by, created_at, updated_by, updated_at, deleted, schema_code, bin_id, capacity_type, capacity, version) VALUES ('d98a9eaa-52a9-4d3a-ba91-04d19efe05cf', NULL, NULL, NULL, '2013-05-29 23:13:43.138', NULL, '2013-05-29 23:13:43.138', false, NULL, 'd02590d3-9b56-4228-b65f-f46bf67d0f23', 'Kg', 35200.0000, 1);
INSERT INTO t_bin_capacity (id, remarks, ext, created_by, created_at, updated_by, updated_at, deleted, schema_code, bin_id, capacity_type, capacity, version) VALUES ('72f804b2-34f4-4073-890e-2584e1e71a52', NULL, NULL, NULL, '2013-05-29 23:13:43.145', NULL, '2013-05-29 23:13:43.145', false, NULL, '25c3ca86-286d-4e0f-b392-93f7f81508c6', 'Kg', 35200.0000, 1);
INSERT INTO t_bin_capacity (id, remarks, ext, created_by, created_at, updated_by, updated_at, deleted, schema_code, bin_id, capacity_type, capacity, version) VALUES ('4fd53271-e801-47fc-b2b1-fa023bc880ab', NULL, NULL, NULL, '2013-05-29 23:13:43.151', NULL, '2013-05-29 23:13:43.151', false, NULL, '17d01e5b-9e57-4fa5-852b-a41516c66cc4', 'Kg', 35200.0000, 1);
INSERT INTO t_bin_capacity (id, remarks, ext, created_by, created_at, updated_by, updated_at, deleted, schema_code, bin_id, capacity_type, capacity, version) VALUES ('d64b21d0-1ecc-463c-a6bd-57a1e96a8f80', NULL, NULL, NULL, '2013-05-29 23:13:43.157', NULL, '2013-05-29 23:13:43.157', false, NULL, '8b469f89-d71f-4ffd-89fe-44caeec4ebd2', 'Kg', 35200.0000, 1);
INSERT INTO t_bin_capacity (id, remarks, ext, created_by, created_at, updated_by, updated_at, deleted, schema_code, bin_id, capacity_type, capacity, version) VALUES ('5f4697a2-76d7-4126-8aeb-591f12f75475', NULL, NULL, NULL, '2013-05-29 23:13:43.162', NULL, '2013-05-29 23:13:43.162', false, NULL, '52be73f7-7f57-41a3-b34a-30824c49bd2c', 'Kg', 35200.0000, 1);
INSERT INTO t_bin_capacity (id, remarks, ext, created_by, created_at, updated_by, updated_at, deleted, schema_code, bin_id, capacity_type, capacity, version) VALUES ('f0a5c222-bcc9-44c4-b7e9-e610d72c12d6', NULL, NULL, NULL, '2013-05-29 23:13:43.166', NULL, '2013-05-29 23:13:43.166', false, NULL, 'c2f9c203-05bd-46c8-80e0-d3947b75c539', 'Kg', 35200.0000, 1);
INSERT INTO t_bin_capacity (id, remarks, ext, created_by, created_at, updated_by, updated_at, deleted, schema_code, bin_id, capacity_type, capacity, version) VALUES ('bd27df9e-dc64-407c-b52b-7554729a8c95', NULL, NULL, NULL, '2013-05-29 23:13:43.172', NULL, '2013-05-29 23:13:43.172', false, NULL, '2ad797ac-f4f4-46c5-8440-1292052901d7', 'Kg', 35200.0000, 1);
INSERT INTO t_bin_capacity (id, remarks, ext, created_by, created_at, updated_by, updated_at, deleted, schema_code, bin_id, capacity_type, capacity, version) VALUES ('8355d034-d173-447a-b096-0e510dec3b75', NULL, NULL, NULL, '2013-05-29 23:13:43.175', NULL, '2013-05-29 23:13:43.175', false, NULL, 'c1781e9f-93cc-45cd-8f0d-463db58d8ff0', 'Kg', 35200.0000, 1);
INSERT INTO t_bin_capacity (id, remarks, ext, created_by, created_at, updated_by, updated_at, deleted, schema_code, bin_id, capacity_type, capacity, version) VALUES ('a7df11c5-f7ac-41da-a53d-f786b2bfd274', NULL, NULL, NULL, '2013-05-29 23:13:43.182', NULL, '2013-05-29 23:13:43.182', false, NULL, 'aab1a87e-05b9-4b52-acac-529634deb278', 'Kg', 35200.0000, 1);
INSERT INTO t_bin_capacity (id, remarks, ext, created_by, created_at, updated_by, updated_at, deleted, schema_code, bin_id, capacity_type, capacity, version) VALUES ('afa977c6-badd-4ca8-ae89-bb8c69f3495e', NULL, NULL, NULL, '2013-05-29 23:13:43.185', NULL, '2013-05-29 23:13:43.185', false, NULL, '52a15411-7464-4d58-803d-a445cf2e45d3', 'Kg', 35200.0000, 1);
INSERT INTO t_bin_capacity (id, remarks, ext, created_by, created_at, updated_by, updated_at, deleted, schema_code, bin_id, capacity_type, capacity, version) VALUES ('c7df6b5f-01fd-408a-975c-094797b43be3', NULL, NULL, NULL, '2013-05-29 23:13:43.192', NULL, '2013-05-29 23:13:43.192', false, NULL, 'd5b03bc3-0cc3-4351-8835-7f3c7a50200d', 'Kg', 35200.0000, 1);
INSERT INTO t_bin_capacity (id, remarks, ext, created_by, created_at, updated_by, updated_at, deleted, schema_code, bin_id, capacity_type, capacity, version) VALUES ('821f0872-e5a3-4e43-b3ba-acfa09449ca0', NULL, NULL, NULL, '2013-05-29 23:13:43.194', NULL, '2013-05-29 23:13:43.194', false, NULL, '5ef03676-6bf1-499b-8765-70685a7233d4', 'Kg', 35200.0000, 1);
INSERT INTO t_bin_capacity (id, remarks, ext, created_by, created_at, updated_by, updated_at, deleted, schema_code, bin_id, capacity_type, capacity, version) VALUES ('0949f70f-2495-4c55-85ae-e711507558c7', NULL, NULL, NULL, '2013-05-29 23:13:43.199', NULL, '2013-05-29 23:13:43.199', false, NULL, 'f045dd99-5a47-4782-bd6c-d0ff1d69e90a', 'Kg', 35200.0000, 1);
INSERT INTO t_bin_capacity (id, remarks, ext, created_by, created_at, updated_by, updated_at, deleted, schema_code, bin_id, capacity_type, capacity, version) VALUES ('1eed89be-e4d5-4921-a55c-3d7a442bec1e', NULL, NULL, NULL, '2013-05-29 23:13:43.203', NULL, '2013-05-29 23:13:43.203', false, NULL, '1d6179df-23ac-4f6c-867f-e01702cbf237', 'Kg', 35200.0000, 1);
INSERT INTO t_bin_capacity (id, remarks, ext, created_by, created_at, updated_by, updated_at, deleted, schema_code, bin_id, capacity_type, capacity, version) VALUES ('c5d8d791-49f5-4aa5-9cc4-6b554a8ba593', NULL, NULL, NULL, '2013-05-29 23:13:43.209', NULL, '2013-05-29 23:13:43.209', false, NULL, 'ff245748-9fae-4675-add6-7e9272cfcafa', 'Kg', 35200.0000, 1);
INSERT INTO t_bin_capacity (id, remarks, ext, created_by, created_at, updated_by, updated_at, deleted, schema_code, bin_id, capacity_type, capacity, version) VALUES ('da3d4936-e139-41c2-833c-fe390c513a25', NULL, NULL, NULL, '2013-05-29 23:13:43.217', NULL, '2013-05-29 23:13:43.217', false, NULL, 'd1455522-ff7a-4cb8-8a92-5e6bde64bd92', 'Kg', 35200.0000, 1);
INSERT INTO t_bin_capacity (id, remarks, ext, created_by, created_at, updated_by, updated_at, deleted, schema_code, bin_id, capacity_type, capacity, version) VALUES ('be98b21f-0931-4755-b74a-b7d6c9e88696', NULL, NULL, NULL, '2013-05-29 23:13:43.223', NULL, '2013-05-29 23:13:43.223', false, NULL, 'c7063005-b28d-42be-9608-75f7effb711b', 'Kg', 35200.0000, 1);
INSERT INTO t_bin_capacity (id, remarks, ext, created_by, created_at, updated_by, updated_at, deleted, schema_code, bin_id, capacity_type, capacity, version) VALUES ('3e47e362-290b-48cc-855e-85346a94d067', NULL, NULL, NULL, '2013-05-29 23:13:43.228', NULL, '2013-05-29 23:13:43.228', false, NULL, 'bde9575e-8a5e-459b-9969-1f4d1de58d37', 'Kg', 22400.0000, 1);
INSERT INTO t_bin_capacity (id, remarks, ext, created_by, created_at, updated_by, updated_at, deleted, schema_code, bin_id, capacity_type, capacity, version) VALUES ('250bca9d-db7a-4db6-86bb-2dcf4745ea5f', NULL, NULL, NULL, '2013-05-29 23:13:43.232', NULL, '2013-05-29 23:13:43.232', false, NULL, '18ff80ab-7ca7-4052-bf54-a3c524e6d497', 'Kg', 22400.0000, 1);
INSERT INTO t_bin_capacity (id, remarks, ext, created_by, created_at, updated_by, updated_at, deleted, schema_code, bin_id, capacity_type, capacity, version) VALUES ('2fb9cf98-bafb-4d7c-9bdb-fbdbe725fdf6', NULL, NULL, NULL, '2013-05-29 23:13:43.237', NULL, '2013-05-29 23:13:43.237', false, NULL, '3aaf939e-b5ce-4b1b-9b1d-55255c5e1b1a', 'Kg', 22400.0000, 1);
INSERT INTO t_bin_capacity (id, remarks, ext, created_by, created_at, updated_by, updated_at, deleted, schema_code, bin_id, capacity_type, capacity, version) VALUES ('f061e8e8-befc-4315-85b0-875298a7f56f', NULL, NULL, NULL, '2013-05-29 23:13:43.243', NULL, '2013-05-29 23:13:43.243', false, NULL, '34473792-c97b-4d67-af56-6e53fd74ba96', 'Kg', 22400.0000, 1);
INSERT INTO t_bin_capacity (id, remarks, ext, created_by, created_at, updated_by, updated_at, deleted, schema_code, bin_id, capacity_type, capacity, version) VALUES ('2c43eabf-7e6f-4a04-8686-2888cbf6e5da', NULL, NULL, NULL, '2013-05-29 23:13:43.247', NULL, '2013-05-29 23:13:43.247', false, NULL, '298af737-9f8a-48cd-b0ef-2a611ce2088a', 'Kg', 22400.0000, 1);
INSERT INTO t_bin_capacity (id, remarks, ext, created_by, created_at, updated_by, updated_at, deleted, schema_code, bin_id, capacity_type, capacity, version) VALUES ('9f916622-f259-41d3-8401-3c24f66c8db8', NULL, NULL, NULL, '2013-05-29 23:13:43.251', NULL, '2013-05-29 23:13:43.251', false, NULL, 'f7293b3b-03b5-4a91-b627-2a793e5bdfc6', 'Kg', 22400.0000, 1);
INSERT INTO t_bin_capacity (id, remarks, ext, created_by, created_at, updated_by, updated_at, deleted, schema_code, bin_id, capacity_type, capacity, version) VALUES ('ca926775-e404-40b8-9581-4fb77d8aa171', NULL, NULL, NULL, '2013-05-29 23:13:43.256', NULL, '2013-05-29 23:13:43.256', false, NULL, '35c28572-d608-4418-9a10-12d963f16258', 'Kg', 22400.0000, 1);
INSERT INTO t_bin_capacity (id, remarks, ext, created_by, created_at, updated_by, updated_at, deleted, schema_code, bin_id, capacity_type, capacity, version) VALUES ('efb09929-8715-411e-b269-341fe3662bf4', NULL, NULL, NULL, '2013-05-29 23:13:43.262', NULL, '2013-05-29 23:13:43.262', false, NULL, 'bddfa77b-d4c2-4169-9197-58f64b82608a', 'Kg', 22400.0000, 1);
INSERT INTO t_bin_capacity (id, remarks, ext, created_by, created_at, updated_by, updated_at, deleted, schema_code, bin_id, capacity_type, capacity, version) VALUES ('671fc4b4-e4e9-4c34-bbbe-1cb6a06c67c6', NULL, NULL, NULL, '2013-05-29 23:13:43.266', NULL, '2013-05-29 23:13:43.266', false, NULL, '988751ab-cba7-48be-a7e2-eb2dc9898330', 'Kg', 22400.0000, 1);
INSERT INTO t_bin_capacity (id, remarks, ext, created_by, created_at, updated_by, updated_at, deleted, schema_code, bin_id, capacity_type, capacity, version) VALUES ('e05f0b22-2c3d-4cab-bb54-ef816d05ccbb', NULL, NULL, NULL, '2013-05-29 23:13:43.271', NULL, '2013-05-29 23:13:43.271', false, NULL, '182e5269-4414-4894-b432-23142a25fefd', 'Kg', 22400.0000, 1);
INSERT INTO t_bin_capacity (id, remarks, ext, created_by, created_at, updated_by, updated_at, deleted, schema_code, bin_id, capacity_type, capacity, version) VALUES ('f32c9350-5146-4ffa-a47a-dfecd888d3f1', NULL, NULL, NULL, '2013-05-29 23:13:43.279', NULL, '2013-05-29 23:13:43.279', false, NULL, '790b0612-5895-4936-8270-e0b092107ea2', 'Kg', 22400.0000, 1);
INSERT INTO t_bin_capacity (id, remarks, ext, created_by, created_at, updated_by, updated_at, deleted, schema_code, bin_id, capacity_type, capacity, version) VALUES ('2747250a-7479-44a2-aca2-83a047b81cdc', NULL, NULL, NULL, '2013-05-29 23:13:43.286', NULL, '2013-05-29 23:13:43.286', false, NULL, 'ee64047c-2be2-4ba0-8b76-22a10d852987', 'Kg', 22400.0000, 1);
INSERT INTO t_bin_capacity (id, remarks, ext, created_by, created_at, updated_by, updated_at, deleted, schema_code, bin_id, capacity_type, capacity, version) VALUES ('1440c33f-1c26-4852-a183-cc29052392f7', NULL, NULL, NULL, '2013-05-29 23:13:43.292', NULL, '2013-05-29 23:13:43.292', false, NULL, '5ceedba4-b6e5-4f2f-8e03-04d59c174770', 'Kg', 22400.0000, 1);
INSERT INTO t_bin_capacity (id, remarks, ext, created_by, created_at, updated_by, updated_at, deleted, schema_code, bin_id, capacity_type, capacity, version) VALUES ('04221eee-f72e-4904-a84d-fdc7242cff7c', NULL, NULL, NULL, '2013-05-29 23:13:43.298', NULL, '2013-05-29 23:13:43.298', false, NULL, 'f56c4809-c0b1-486c-89df-5280d9eb13a2', 'Kg', 22400.0000, 1);
INSERT INTO t_bin_capacity (id, remarks, ext, created_by, created_at, updated_by, updated_at, deleted, schema_code, bin_id, capacity_type, capacity, version) VALUES ('572c8c23-e7bf-49ac-8d27-68832e3085df', NULL, NULL, NULL, '2013-05-29 23:13:43.302', NULL, '2013-05-29 23:13:43.302', false, NULL, '12ce8959-c669-436d-ac24-e90a42aa425f', 'Kg', 22400.0000, 1);
INSERT INTO t_bin_capacity (id, remarks, ext, created_by, created_at, updated_by, updated_at, deleted, schema_code, bin_id, capacity_type, capacity, version) VALUES ('1f9be51c-8970-408e-80ce-dfeb40036a87', NULL, NULL, NULL, '2013-05-29 23:13:43.309', NULL, '2013-05-29 23:13:43.309', false, NULL, '150805a0-4331-46f5-962b-b82221f51b94', 'Kg', 22400.0000, 1);
INSERT INTO t_bin_capacity (id, remarks, ext, created_by, created_at, updated_by, updated_at, deleted, schema_code, bin_id, capacity_type, capacity, version) VALUES ('93dca212-4fda-4b07-8063-9ba77df38eaf', NULL, NULL, NULL, '2013-05-29 23:13:43.316', NULL, '2013-05-29 23:13:43.316', false, NULL, '77606511-7110-488c-9f5e-6146beeaf177', 'Kg', 22400.0000, 1);
INSERT INTO t_bin_capacity (id, remarks, ext, created_by, created_at, updated_by, updated_at, deleted, schema_code, bin_id, capacity_type, capacity, version) VALUES ('a536a198-42a2-432b-9b5a-308c3740cb68', NULL, NULL, NULL, '2013-05-29 23:13:43.324', NULL, '2013-05-29 23:13:43.324', false, NULL, '9a7e64e7-b26b-4006-acf6-da3141df8da8', 'Kg', 32000.0000, 1);
INSERT INTO t_bin_capacity (id, remarks, ext, created_by, created_at, updated_by, updated_at, deleted, schema_code, bin_id, capacity_type, capacity, version) VALUES ('18f27904-5b7c-40f5-b6be-c868c9b33468', NULL, NULL, NULL, '2013-05-29 23:13:43.332', NULL, '2013-05-29 23:13:43.332', false, NULL, '7ff74721-c26b-4ed9-a745-78f3ad309814', 'Kg', 32000.0000, 1);
INSERT INTO t_bin_capacity (id, remarks, ext, created_by, created_at, updated_by, updated_at, deleted, schema_code, bin_id, capacity_type, capacity, version) VALUES ('798e503c-733f-4fc8-9516-4a261ff1e905', NULL, NULL, NULL, '2013-05-29 23:13:43.338', NULL, '2013-05-29 23:13:43.338', false, NULL, '616e6db3-cb7b-40fb-b844-32cbd4904cc6', 'Kg', 32000.0000, 1);
INSERT INTO t_bin_capacity (id, remarks, ext, created_by, created_at, updated_by, updated_at, deleted, schema_code, bin_id, capacity_type, capacity, version) VALUES ('d871b0d0-4970-4fe4-b91f-176e31173123', NULL, NULL, NULL, '2013-05-29 23:13:43.345', NULL, '2013-05-29 23:13:43.345', false, NULL, '6cc58638-26ec-4d3d-9b8c-58dda323848b', 'Kg', 32000.0000, 1);
INSERT INTO t_bin_capacity (id, remarks, ext, created_by, created_at, updated_by, updated_at, deleted, schema_code, bin_id, capacity_type, capacity, version) VALUES ('ba30c9ab-b1f9-4b58-b17d-c0efb56cdf04', NULL, NULL, NULL, '2013-05-29 23:13:43.354', NULL, '2013-05-29 23:13:43.354', false, NULL, '9bd786e7-6ace-4f1b-83c5-1f197c1f8aff', 'Kg', 32000.0000, 1);
INSERT INTO t_bin_capacity (id, remarks, ext, created_by, created_at, updated_by, updated_at, deleted, schema_code, bin_id, capacity_type, capacity, version) VALUES ('5e12656f-aac0-47d4-8973-20392bfa8160', NULL, NULL, NULL, '2013-05-29 23:13:43.364', NULL, '2013-05-29 23:13:43.364', false, NULL, 'f128add5-7684-49db-b538-107e37b3eb8e', 'Kg', 32000.0000, 1);
INSERT INTO t_bin_capacity (id, remarks, ext, created_by, created_at, updated_by, updated_at, deleted, schema_code, bin_id, capacity_type, capacity, version) VALUES ('7d14e1b8-4595-4168-90b9-d2c6f48f25c4', NULL, NULL, NULL, '2013-05-29 23:13:43.373', NULL, '2013-05-29 23:13:43.373', false, NULL, '4d893f39-331b-43b8-b83f-599d236c6597', 'Kg', 32800.0000, 1);
INSERT INTO t_bin_capacity (id, remarks, ext, created_by, created_at, updated_by, updated_at, deleted, schema_code, bin_id, capacity_type, capacity, version) VALUES ('c3a6f183-e26c-4629-a219-f8a611f602c1', NULL, NULL, NULL, '2013-05-29 23:13:43.384', NULL, '2013-05-29 23:13:43.384', false, NULL, 'f2a4042e-46df-4df0-bc42-172b8602ba48', 'Kg', 32800.0000, 1);
INSERT INTO t_bin_capacity (id, remarks, ext, created_by, created_at, updated_by, updated_at, deleted, schema_code, bin_id, capacity_type, capacity, version) VALUES ('e90f53b9-f77b-4aea-98fd-4f55b6872f21', NULL, NULL, NULL, '2013-05-29 23:13:43.393', NULL, '2013-05-29 23:13:43.393', false, NULL, '3b6c5482-32eb-4521-a080-e3eb05d3f67e', 'Kg', 32800.0000, 1);
INSERT INTO t_bin_capacity (id, remarks, ext, created_by, created_at, updated_by, updated_at, deleted, schema_code, bin_id, capacity_type, capacity, version) VALUES ('e4aa7d98-0f63-461e-bfac-dc4f04e7aa08', NULL, NULL, NULL, '2013-05-29 23:13:43.398', NULL, '2013-05-29 23:13:43.398', false, NULL, '5002ea93-902b-40d1-ae9c-a61c45d8319c', 'Kg', 32800.0000, 1);
INSERT INTO t_bin_capacity (id, remarks, ext, created_by, created_at, updated_by, updated_at, deleted, schema_code, bin_id, capacity_type, capacity, version) VALUES ('52f21853-6e89-45cf-adac-c85fabac3b68', NULL, NULL, NULL, '2013-05-29 23:13:43.404', NULL, '2013-05-29 23:13:43.404', false, NULL, '4f6b4d74-9171-4837-9837-1df3220f1938', 'Kg', 32800.0000, 1);
INSERT INTO t_bin_capacity (id, remarks, ext, created_by, created_at, updated_by, updated_at, deleted, schema_code, bin_id, capacity_type, capacity, version) VALUES ('dca61d8a-df1a-4b19-aa70-08707f728333', NULL, NULL, NULL, '2013-05-29 23:13:43.412', NULL, '2013-05-29 23:13:43.412', false, NULL, '0ef95aba-0190-4177-9705-87979c15bc85', 'Kg', 19200.0000, 1);
INSERT INTO t_bin_capacity (id, remarks, ext, created_by, created_at, updated_by, updated_at, deleted, schema_code, bin_id, capacity_type, capacity, version) VALUES ('68118433-6905-4bb8-b700-c7d9ddd45572', NULL, NULL, NULL, '2013-05-29 23:13:43.417', NULL, '2013-05-29 23:13:43.417', false, NULL, 'd784e180-02a2-4106-98d8-d332fcce0b46', 'Kg', 19200.0000, 1);
INSERT INTO t_bin_capacity (id, remarks, ext, created_by, created_at, updated_by, updated_at, deleted, schema_code, bin_id, capacity_type, capacity, version) VALUES ('71abaf08-f56b-4057-8874-a354ba191824', NULL, NULL, NULL, '2013-05-29 23:13:43.425', NULL, '2013-05-29 23:13:43.425', false, NULL, '7c22bcd8-d084-4ff0-9689-2be19650b93e', 'Kg', 19200.0000, 1);
INSERT INTO t_bin_capacity (id, remarks, ext, created_by, created_at, updated_by, updated_at, deleted, schema_code, bin_id, capacity_type, capacity, version) VALUES ('d677b0d6-dd2c-4d19-aceb-180b008a7d7e', NULL, NULL, NULL, '2013-05-29 23:13:43.432', NULL, '2013-05-29 23:13:43.432', false, NULL, '9c8af5cc-8205-4ff0-858d-49ae804a67c9', 'Kg', 22400.0000, 1);
INSERT INTO t_bin_capacity (id, remarks, ext, created_by, created_at, updated_by, updated_at, deleted, schema_code, bin_id, capacity_type, capacity, version) VALUES ('327fc0ed-2bcc-48a5-a8ae-b451bfb912c9', NULL, NULL, NULL, '2013-05-29 23:13:43.439', NULL, '2013-05-29 23:13:43.439', false, NULL, '8a2ded81-5e30-4570-8441-662691fa7bb4', 'Kg', 22400.0000, 1);
INSERT INTO t_bin_capacity (id, remarks, ext, created_by, created_at, updated_by, updated_at, deleted, schema_code, bin_id, capacity_type, capacity, version) VALUES ('d7f1bdcb-5bdf-45a8-ac1b-4488a182cc31', NULL, NULL, NULL, '2013-05-29 23:13:43.447', NULL, '2013-05-29 23:13:43.447', false, NULL, 'd45b1ec2-f16d-4c22-b3ca-0ead6521cf74', 'Kg', 22400.0000, 1);
INSERT INTO t_bin_capacity (id, remarks, ext, created_by, created_at, updated_by, updated_at, deleted, schema_code, bin_id, capacity_type, capacity, version) VALUES ('136700db-8698-4107-af1f-9f1435dc1749', NULL, NULL, NULL, '2013-05-29 23:13:43.455', NULL, '2013-05-29 23:13:43.455', false, NULL, '94d27668-a9f8-4c93-a5ec-706112593f0f', 'Kg', 22400.0000, 1);
INSERT INTO t_bin_capacity (id, remarks, ext, created_by, created_at, updated_by, updated_at, deleted, schema_code, bin_id, capacity_type, capacity, version) VALUES ('03c90a0b-5e10-4832-8ce6-743b558a8ca0', NULL, NULL, NULL, '2013-05-29 23:13:43.463', NULL, '2013-05-29 23:13:43.463', false, NULL, '52f4308b-70c3-4310-8a68-684f2e7448f9', 'Kg', 22400.0000, 1);
INSERT INTO t_bin_capacity (id, remarks, ext, created_by, created_at, updated_by, updated_at, deleted, schema_code, bin_id, capacity_type, capacity, version) VALUES ('d2353662-5dc4-4b6b-830f-8a0fd1065c2b', NULL, NULL, NULL, '2013-05-29 23:13:43.483', NULL, '2013-05-29 23:13:43.483', false, NULL, '3ccb797b-2c00-4e13-aa2a-f3ee4ee93014', 'Kg', 22400.0000, 1);
INSERT INTO t_bin_capacity (id, remarks, ext, created_by, created_at, updated_by, updated_at, deleted, schema_code, bin_id, capacity_type, capacity, version) VALUES ('52f66d43-591a-4d50-b928-6bba90cbe931', NULL, NULL, NULL, '2013-05-29 23:13:43.489', NULL, '2013-05-29 23:13:43.489', false, NULL, 'a44fc87e-5393-4dc1-b3a7-23b30410768c', 'Kg', 22400.0000, 1);
INSERT INTO t_bin_capacity (id, remarks, ext, created_by, created_at, updated_by, updated_at, deleted, schema_code, bin_id, capacity_type, capacity, version) VALUES ('2a068482-fe11-481b-a6dd-c19b8304d812', NULL, NULL, NULL, '2013-05-29 23:13:43.495', NULL, '2013-05-29 23:13:43.495', false, NULL, 'e67d80bb-25d9-41a5-8b03-563250b99035', 'Kg', 22400.0000, 1);
INSERT INTO t_bin_capacity (id, remarks, ext, created_by, created_at, updated_by, updated_at, deleted, schema_code, bin_id, capacity_type, capacity, version) VALUES ('2e730483-eee9-465b-b64c-97591f526c9f', NULL, NULL, NULL, '2013-05-29 23:13:43.502', NULL, '2013-05-29 23:13:43.502', false, NULL, '2be110f0-8663-4243-b61d-9d210c98b162', 'Kg', 22400.0000, 1);
INSERT INTO t_bin_capacity (id, remarks, ext, created_by, created_at, updated_by, updated_at, deleted, schema_code, bin_id, capacity_type, capacity, version) VALUES ('08169f43-1a82-4ca9-9c93-e7a7bfb500f0', NULL, NULL, NULL, '2013-05-29 23:13:43.509', NULL, '2013-05-29 23:13:43.509', false, NULL, '7db939ea-8aa9-4306-930b-f69dd9226383', 'Kg', 22400.0000, 1);
INSERT INTO t_bin_capacity (id, remarks, ext, created_by, created_at, updated_by, updated_at, deleted, schema_code, bin_id, capacity_type, capacity, version) VALUES ('ea98e55d-14c6-4bfa-8a4b-13c01d5f78dd', NULL, NULL, NULL, '2013-05-29 23:13:43.515', NULL, '2013-05-29 23:13:43.515', false, NULL, 'f8a483be-ad05-4357-b086-268260929552', 'Kg', 22400.0000, 1);
INSERT INTO t_bin_capacity (id, remarks, ext, created_by, created_at, updated_by, updated_at, deleted, schema_code, bin_id, capacity_type, capacity, version) VALUES ('b28ae304-4fb7-4273-b4fa-08dd5511cb99', NULL, NULL, NULL, '2013-05-29 23:13:43.523', NULL, '2013-05-29 23:13:43.523', false, NULL, '0ae44dc5-da24-44f2-96ec-9f89801142e7', 'Kg', 22400.0000, 1);
INSERT INTO t_bin_capacity (id, remarks, ext, created_by, created_at, updated_by, updated_at, deleted, schema_code, bin_id, capacity_type, capacity, version) VALUES ('ac7da997-adf8-4716-a07b-40be60da468e', NULL, NULL, NULL, '2013-05-29 23:13:43.527', NULL, '2013-05-29 23:13:43.527', false, NULL, '3f8f89e9-74d7-4749-a0cc-637389239b08', 'Kg', 22400.0000, 1);
INSERT INTO t_bin_capacity (id, remarks, ext, created_by, created_at, updated_by, updated_at, deleted, schema_code, bin_id, capacity_type, capacity, version) VALUES ('3c246ae8-df09-49ac-ba90-122fbe3b7d63', NULL, NULL, NULL, '2013-05-29 23:13:43.534', NULL, '2013-05-29 23:13:43.534', false, NULL, '61ce1dab-8977-4ca7-a97f-8c4a93a52a17', 'Kg', 22400.0000, 1);
INSERT INTO t_bin_capacity (id, remarks, ext, created_by, created_at, updated_by, updated_at, deleted, schema_code, bin_id, capacity_type, capacity, version) VALUES ('d22ea498-256c-4d4d-aabb-9f7681dc64b6', NULL, NULL, NULL, '2013-05-29 23:13:43.539', NULL, '2013-05-29 23:13:43.539', false, NULL, '1ad7bfcd-a609-4eb3-bdae-3d1682096ebb', 'Kg', 22400.0000, 1);
INSERT INTO t_bin_capacity (id, remarks, ext, created_by, created_at, updated_by, updated_at, deleted, schema_code, bin_id, capacity_type, capacity, version) VALUES ('b99aae5f-36d0-4c50-8dcb-694726050ba9', NULL, NULL, NULL, '2013-05-29 23:13:43.544', NULL, '2013-05-29 23:13:43.544', false, NULL, '9196f241-6bdf-44c7-86ce-5492ec99326d', 'Kg', 22400.0000, 1);
INSERT INTO t_bin_capacity (id, remarks, ext, created_by, created_at, updated_by, updated_at, deleted, schema_code, bin_id, capacity_type, capacity, version) VALUES ('62b42125-139d-4fa6-aaec-a263bc9f830b', NULL, NULL, NULL, '2013-05-29 23:13:43.549', NULL, '2013-05-29 23:13:43.549', false, NULL, '4a6ac2e4-7379-4f93-8f6e-27347bb81155', 'Kg', 19200.0000, 1);
INSERT INTO t_bin_capacity (id, remarks, ext, created_by, created_at, updated_by, updated_at, deleted, schema_code, bin_id, capacity_type, capacity, version) VALUES ('c920561e-7ce1-4313-96a5-d0cfbd86f724', NULL, NULL, NULL, '2013-05-29 23:13:43.554', NULL, '2013-05-29 23:13:43.554', false, NULL, '1a8be74a-d21c-4ad6-9fb9-22e0430d0a3f', 'Kg', 19200.0000, 1);
INSERT INTO t_bin_capacity (id, remarks, ext, created_by, created_at, updated_by, updated_at, deleted, schema_code, bin_id, capacity_type, capacity, version) VALUES ('9a2c0d6e-6987-42c9-958f-59542ac4c14b', NULL, NULL, NULL, '2013-05-29 23:13:43.559', NULL, '2013-05-29 23:13:43.559', false, NULL, 'c4f01642-53fa-4dcc-a0f5-5691776fa9ae', 'Kg', 19200.0000, 1);
INSERT INTO t_bin_capacity (id, remarks, ext, created_by, created_at, updated_by, updated_at, deleted, schema_code, bin_id, capacity_type, capacity, version) VALUES ('dda5790b-21fe-41d1-905b-c29422e36ac4', NULL, NULL, NULL, '2013-05-29 23:13:43.565', NULL, '2013-05-29 23:13:43.565', false, NULL, 'fb6fd569-980c-4456-a7e3-d73b3884a788', 'Kg', 19200.0000, 1);
INSERT INTO t_bin_capacity (id, remarks, ext, created_by, created_at, updated_by, updated_at, deleted, schema_code, bin_id, capacity_type, capacity, version) VALUES ('b525f638-9e7d-49ff-9da2-984851875b39', NULL, NULL, NULL, '2013-05-29 23:13:43.573', NULL, '2013-05-29 23:13:43.573', false, NULL, '60d0e22b-91a7-4d8d-b0e0-190dd354537e', 'Kg', 19200.0000, 1);
INSERT INTO t_bin_capacity (id, remarks, ext, created_by, created_at, updated_by, updated_at, deleted, schema_code, bin_id, capacity_type, capacity, version) VALUES ('28f6b43f-4853-46b6-bceb-c58db3ea3229', NULL, NULL, NULL, '2013-05-29 23:13:43.576', NULL, '2013-05-29 23:13:43.576', false, NULL, '8e101759-d6a9-4b72-9ff8-7319ced54e86', 'Kg', 19200.0000, 1);
INSERT INTO t_bin_capacity (id, remarks, ext, created_by, created_at, updated_by, updated_at, deleted, schema_code, bin_id, capacity_type, capacity, version) VALUES ('e385820b-2df5-4540-bc33-4a3fa1091e4c', NULL, NULL, NULL, '2013-05-29 23:13:43.582', NULL, '2013-05-29 23:13:43.582', false, NULL, '0e050010-1166-4bfb-a656-ef09be621e1d', 'Kg', 19200.0000, 1);
INSERT INTO t_bin_capacity (id, remarks, ext, created_by, created_at, updated_by, updated_at, deleted, schema_code, bin_id, capacity_type, capacity, version) VALUES ('3aab5834-0bda-46fb-8c7b-81f5c39845be', NULL, NULL, NULL, '2013-05-29 23:13:43.587', NULL, '2013-05-29 23:13:43.587', false, NULL, '753b82e0-71d4-479e-8233-6c9d98964789', 'Kg', 19200.0000, 1);
INSERT INTO t_bin_capacity (id, remarks, ext, created_by, created_at, updated_by, updated_at, deleted, schema_code, bin_id, capacity_type, capacity, version) VALUES ('2ead9ef1-345c-44f3-bc9e-3162d2c98c07', NULL, NULL, NULL, '2013-05-29 23:13:43.593', NULL, '2013-05-29 23:13:43.593', false, NULL, 'f7522d34-4232-401f-bed1-ddc3bf293723', 'Kg', 19200.0000, 1);
INSERT INTO t_bin_capacity (id, remarks, ext, created_by, created_at, updated_by, updated_at, deleted, schema_code, bin_id, capacity_type, capacity, version) VALUES ('1930a8c0-12bf-47dc-ba9d-5b636b74186e', NULL, NULL, NULL, '2013-05-29 23:13:43.598', NULL, '2013-05-29 23:13:43.598', false, NULL, '2239986f-371f-4a90-917d-9d113cc48843', 'Kg', 19200.0000, 1);
INSERT INTO t_bin_capacity (id, remarks, ext, created_by, created_at, updated_by, updated_at, deleted, schema_code, bin_id, capacity_type, capacity, version) VALUES ('cf3b8326-e723-4580-a22a-d8e1a8c87496', NULL, NULL, NULL, '2013-05-29 23:13:43.604', NULL, '2013-05-29 23:13:43.604', false, NULL, 'a1f4f817-91b2-4a7a-987c-09b84fc49c4c', 'Kg', 19200.0000, 1);
INSERT INTO t_bin_capacity (id, remarks, ext, created_by, created_at, updated_by, updated_at, deleted, schema_code, bin_id, capacity_type, capacity, version) VALUES ('27426776-46ad-49a3-9f3f-1778c97bb5b1', NULL, NULL, NULL, '2013-05-29 23:13:43.613', NULL, '2013-05-29 23:13:43.613', false, NULL, 'c2f7e29b-951b-4c06-99cf-ad83700ff6a2', 'Kg', 19200.0000, 1);
INSERT INTO t_bin_capacity (id, remarks, ext, created_by, created_at, updated_by, updated_at, deleted, schema_code, bin_id, capacity_type, capacity, version) VALUES ('24132ba2-6363-47c0-a59c-8f65c4761e1e', NULL, NULL, NULL, '2013-05-29 23:13:43.616', NULL, '2013-05-29 23:13:43.616', false, NULL, 'f0a4eb65-d4d5-4246-a5a7-f335365d3546', 'Kg', 19200.0000, 1);
INSERT INTO t_bin_capacity (id, remarks, ext, created_by, created_at, updated_by, updated_at, deleted, schema_code, bin_id, capacity_type, capacity, version) VALUES ('815d6091-8dbe-483f-974f-b5fa5fd0f7da', NULL, NULL, NULL, '2013-05-29 23:13:43.621', NULL, '2013-05-29 23:13:43.621', false, NULL, '43706c2f-48d4-41e7-9445-580f2c71f8d0', 'Kg', 19200.0000, 1);
INSERT INTO t_bin_capacity (id, remarks, ext, created_by, created_at, updated_by, updated_at, deleted, schema_code, bin_id, capacity_type, capacity, version) VALUES ('a1bae184-8621-4c4f-a1e7-97aeb6bf8277', NULL, NULL, NULL, '2013-05-29 23:13:43.625', NULL, '2013-05-29 23:13:43.625', false, NULL, '95176e1a-fe75-4c9b-b63d-4426bb47223e', 'Kg', 19200.0000, 1);
INSERT INTO t_bin_capacity (id, remarks, ext, created_by, created_at, updated_by, updated_at, deleted, schema_code, bin_id, capacity_type, capacity, version) VALUES ('7273cc19-5f7c-4d72-9d50-8218bf6a8c1d', NULL, NULL, NULL, '2013-05-29 23:13:43.631', NULL, '2013-05-29 23:13:43.631', false, NULL, '39a0a3a7-7ec1-4c57-b2b5-d4380de223e6', 'Kg', 19200.0000, 1);
INSERT INTO t_bin_capacity (id, remarks, ext, created_by, created_at, updated_by, updated_at, deleted, schema_code, bin_id, capacity_type, capacity, version) VALUES ('7ab610fc-3e6d-463b-aa5d-8558a8f6adc9', NULL, NULL, NULL, '2013-05-29 23:13:43.635', NULL, '2013-05-29 23:13:43.635', false, NULL, '3f336bda-0df7-48f8-bb94-41076fd0b5b2', 'Kg', 35200.0000, 1);
INSERT INTO t_bin_capacity (id, remarks, ext, created_by, created_at, updated_by, updated_at, deleted, schema_code, bin_id, capacity_type, capacity, version) VALUES ('50308a34-e139-4f6e-b1a1-4f1f7253ec03', NULL, NULL, NULL, '2013-05-29 23:13:43.639', NULL, '2013-05-29 23:13:43.639', false, NULL, 'f871a3e6-2bfa-4ecd-a8f1-f03604fdd797', 'Kg', 45600.0000, 1);
INSERT INTO t_bin_capacity (id, remarks, ext, created_by, created_at, updated_by, updated_at, deleted, schema_code, bin_id, capacity_type, capacity, version) VALUES ('cd157cc6-0321-4fdd-9a1f-adb3cfdb786f', NULL, NULL, NULL, '2013-05-29 23:13:43.644', NULL, '2013-05-29 23:13:43.644', false, NULL, '02abca66-fde3-4a42-b8f1-87f818db8892', 'Kg', 38400.0000, 1);
INSERT INTO t_bin_capacity (id, remarks, ext, created_by, created_at, updated_by, updated_at, deleted, schema_code, bin_id, capacity_type, capacity, version) VALUES ('0fc513b2-f2a9-47fd-aea8-554df7e6ff9d', NULL, NULL, NULL, '2013-05-29 23:13:43.649', NULL, '2013-05-29 23:13:43.649', false, NULL, '3a22e863-e8f9-405e-9cba-55acbbcbb248', 'Kg', 38400.0000, 1);
INSERT INTO t_bin_capacity (id, remarks, ext, created_by, created_at, updated_by, updated_at, deleted, schema_code, bin_id, capacity_type, capacity, version) VALUES ('ef1f3742-2b63-45aa-b2cb-b251beb0482f', NULL, NULL, NULL, '2013-05-29 23:13:43.654', NULL, '2013-05-29 23:13:43.654', false, NULL, '64da0a71-5534-40c3-8053-4090c8d6866f', 'Kg', 47200.0000, 1);
INSERT INTO t_bin_capacity (id, remarks, ext, created_by, created_at, updated_by, updated_at, deleted, schema_code, bin_id, capacity_type, capacity, version) VALUES ('f717928a-4a77-413b-a8ac-68d81c3ec71e', NULL, NULL, NULL, '2013-05-29 23:13:43.661', NULL, '2013-05-29 23:13:43.661', false, NULL, 'af0ec9b1-96f8-40f9-8b51-59da0fdef6b6', 'Kg', 36000.0000, 1);
INSERT INTO t_bin_capacity (id, remarks, ext, created_by, created_at, updated_by, updated_at, deleted, schema_code, bin_id, capacity_type, capacity, version) VALUES ('b13faf8b-e4e3-4be5-8c01-2cf0bedbaa83', NULL, NULL, NULL, '2013-05-29 23:13:43.666', NULL, '2013-05-29 23:13:43.666', false, NULL, '174fa6b2-8e89-4206-8b48-8ac2db0d9a74', 'Kg', 28800.0000, 1);
INSERT INTO t_bin_capacity (id, remarks, ext, created_by, created_at, updated_by, updated_at, deleted, schema_code, bin_id, capacity_type, capacity, version) VALUES ('5b867305-6267-44ad-9867-da5411ad56e0', NULL, NULL, NULL, '2013-05-29 23:13:43.673', NULL, '2013-05-29 23:13:43.673', false, NULL, 'a285131b-c03a-4a28-983c-4db6b52186a3', 'Kg', 38400.0000, 1);
INSERT INTO t_bin_capacity (id, remarks, ext, created_by, created_at, updated_by, updated_at, deleted, schema_code, bin_id, capacity_type, capacity, version) VALUES ('2a0bc612-6c61-4418-baaf-918dc72f1473', NULL, NULL, NULL, '2013-05-29 23:13:43.683', NULL, '2013-05-29 23:13:43.683', false, NULL, '19f83a98-bc55-443e-a388-e32f883dd044', 'Kg', 38400.0000, 1);
INSERT INTO t_bin_capacity (id, remarks, ext, created_by, created_at, updated_by, updated_at, deleted, schema_code, bin_id, capacity_type, capacity, version) VALUES ('17417967-9191-4eb1-a77a-2a7c51fef8dd', NULL, NULL, NULL, '2013-05-29 23:13:43.687', NULL, '2013-05-29 23:13:43.687', false, NULL, '97f65dd9-0aff-44b5-85a1-efb88f156252', 'Kg', 4800.0000, 1);
INSERT INTO t_bin_capacity (id, remarks, ext, created_by, created_at, updated_by, updated_at, deleted, schema_code, bin_id, capacity_type, capacity, version) VALUES ('9e1a5a38-2d14-41c0-8227-f03cfb676a19', NULL, NULL, NULL, '2013-05-29 23:13:43.694', NULL, '2013-05-29 23:13:43.694', false, NULL, '4ede91b6-6e3e-4857-aed3-31ae4ab675e2', 'Kg', 5600.0000, 1);
INSERT INTO t_bin_capacity (id, remarks, ext, created_by, created_at, updated_by, updated_at, deleted, schema_code, bin_id, capacity_type, capacity, version) VALUES ('a02d01bb-0dd6-42ab-91a7-ea49d840f287', NULL, NULL, NULL, '2013-05-29 23:13:43.699', NULL, '2013-05-29 23:13:43.699', false, NULL, '177373b9-f6a5-46f7-8a95-56c094ac4e77', 'Kg', 5600.0000, 1);
INSERT INTO t_bin_capacity (id, remarks, ext, created_by, created_at, updated_by, updated_at, deleted, schema_code, bin_id, capacity_type, capacity, version) VALUES ('d0c7ff71-3e4a-44bb-ac95-5c12f6ddd17f', NULL, NULL, NULL, '2013-05-29 23:13:43.705', NULL, '2013-05-29 23:13:43.705', false, NULL, '89704531-99e5-4847-b9fc-abb28928c40f', 'Kg', 5600.0000, 1);
INSERT INTO t_bin_capacity (id, remarks, ext, created_by, created_at, updated_by, updated_at, deleted, schema_code, bin_id, capacity_type, capacity, version) VALUES ('277a4e7a-5d54-4d2f-a7b7-4055b44104ac', NULL, NULL, NULL, '2013-05-29 23:13:43.713', NULL, '2013-05-29 23:13:43.713', false, NULL, '43ba682c-a40f-4155-a8fd-8cbfb1bc3bcb', 'Kg', 47200.0000, 1);
INSERT INTO t_bin_capacity (id, remarks, ext, created_by, created_at, updated_by, updated_at, deleted, schema_code, bin_id, capacity_type, capacity, version) VALUES ('c6b35832-5ada-4a3a-91cf-2b6515617c03', NULL, NULL, NULL, '2013-05-29 23:13:43.716', NULL, '2013-05-29 23:13:43.716', false, NULL, 'f880e097-ace1-4dd7-a861-93ddff7416cc', 'Kg', 48000.0000, 1);
INSERT INTO t_bin_capacity (id, remarks, ext, created_by, created_at, updated_by, updated_at, deleted, schema_code, bin_id, capacity_type, capacity, version) VALUES ('7dc46bc9-2445-4519-adf7-11af1ad7f8ca', NULL, NULL, NULL, '2013-05-29 23:13:43.721', NULL, '2013-05-29 23:13:43.721', false, NULL, '00a531f0-273a-4a84-bae4-95c3234758dd', 'Kg', 38400.0000, 1);
INSERT INTO t_bin_capacity (id, remarks, ext, created_by, created_at, updated_by, updated_at, deleted, schema_code, bin_id, capacity_type, capacity, version) VALUES ('52cbfdcc-4353-4c18-8d2a-d5503e5e2961', NULL, NULL, NULL, '2013-05-29 23:13:43.727', NULL, '2013-05-29 23:13:43.727', false, NULL, '73214d57-eebf-4073-8cc3-31723d889456', 'Kg', 9600.0000, 1);
INSERT INTO t_bin_capacity (id, remarks, ext, created_by, created_at, updated_by, updated_at, deleted, schema_code, bin_id, capacity_type, capacity, version) VALUES ('e760234a-10c6-4d2f-81e9-d094c0cc7f66', NULL, NULL, NULL, '2013-05-29 23:13:43.733', NULL, '2013-05-29 23:13:43.733', false, NULL, '385d1bf9-9c21-4317-a9bd-93301f680807', 'Kg', 12000.0000, 1);
INSERT INTO t_bin_capacity (id, remarks, ext, created_by, created_at, updated_by, updated_at, deleted, schema_code, bin_id, capacity_type, capacity, version) VALUES ('cd9b392b-c607-42f9-936e-12c4423c94e9', NULL, NULL, NULL, '2013-05-29 23:13:43.738', NULL, '2013-05-29 23:13:43.738', false, NULL, 'f3033d06-fb78-4b53-bcad-debe22e931d6', 'Kg', 12000.0000, 1);
INSERT INTO t_bin_capacity (id, remarks, ext, created_by, created_at, updated_by, updated_at, deleted, schema_code, bin_id, capacity_type, capacity, version) VALUES ('954f9d6d-9acb-4e2a-a490-8f5997b189f7', NULL, NULL, NULL, '2013-05-29 23:13:43.744', NULL, '2013-05-29 23:13:43.744', false, NULL, '0fe1d474-d88f-4d0f-bfe2-36dd18956c03', 'Kg', 12000.0000, 1);
INSERT INTO t_bin_capacity (id, remarks, ext, created_by, created_at, updated_by, updated_at, deleted, schema_code, bin_id, capacity_type, capacity, version) VALUES ('c4f98ddf-aadf-41fc-90ce-75d3942ecf58', NULL, NULL, NULL, '2013-05-29 23:13:43.753', NULL, '2013-05-29 23:13:43.753', false, NULL, '73812103-1983-4b10-9927-7b5e0db58dc4', 'Kg', 12000.0000, 1);
INSERT INTO t_bin_capacity (id, remarks, ext, created_by, created_at, updated_by, updated_at, deleted, schema_code, bin_id, capacity_type, capacity, version) VALUES ('36743d46-24cb-476e-a22c-80cb96417c2f', NULL, NULL, NULL, '2013-05-29 23:13:43.755', NULL, '2013-05-29 23:13:43.755', false, NULL, '6f9edad8-b0d2-4139-aa1f-24635b6be0ae', 'Kg', 9600.0000, 1);
INSERT INTO t_bin_capacity (id, remarks, ext, created_by, created_at, updated_by, updated_at, deleted, schema_code, bin_id, capacity_type, capacity, version) VALUES ('cec4d548-0649-48ae-a26b-650c1e56ce89', NULL, NULL, NULL, '2013-05-29 23:13:43.761', NULL, '2013-05-29 23:13:43.761', false, NULL, 'e0da79dc-61f9-4baa-afc3-8d15806c8cbf', 'Kg', 20000.0000, 1);
INSERT INTO t_bin_capacity (id, remarks, ext, created_by, created_at, updated_by, updated_at, deleted, schema_code, bin_id, capacity_type, capacity, version) VALUES ('cd6cb147-f0dd-4e3d-ba3c-bbfbfc1720d3', NULL, NULL, NULL, '2013-05-29 23:13:43.766', NULL, '2013-05-29 23:13:43.766', false, NULL, '93480164-2af5-43e1-b463-e01b6383894c', 'Kg', 18400.0000, 1);
INSERT INTO t_bin_capacity (id, remarks, ext, created_by, created_at, updated_by, updated_at, deleted, schema_code, bin_id, capacity_type, capacity, version) VALUES ('2c258ac4-c196-4b49-8a8f-275132350951', NULL, NULL, NULL, '2013-05-29 23:13:43.772', NULL, '2013-05-29 23:13:43.772', false, NULL, '809469a5-f277-4aca-af5c-000b0e36ec1f', 'Kg', 18400.0000, 1);
INSERT INTO t_bin_capacity (id, remarks, ext, created_by, created_at, updated_by, updated_at, deleted, schema_code, bin_id, capacity_type, capacity, version) VALUES ('a553894a-f05e-4c20-bd39-d9fe64f70377', NULL, NULL, NULL, '2013-05-29 23:13:43.778', NULL, '2013-05-29 23:13:43.778', false, NULL, '3faec0f5-d9aa-4365-9eec-7db395e63522', 'Kg', 18400.0000, 1);
INSERT INTO t_bin_capacity (id, remarks, ext, created_by, created_at, updated_by, updated_at, deleted, schema_code, bin_id, capacity_type, capacity, version) VALUES ('e98e5839-ad18-4002-ac73-7c656139f15a', NULL, NULL, NULL, '2013-05-29 23:13:43.783', NULL, '2013-05-29 23:13:43.783', false, NULL, '3d166bc6-8d7d-4baa-8a17-e95822ba0512', 'Kg', 18400.0000, 1);
INSERT INTO t_bin_capacity (id, remarks, ext, created_by, created_at, updated_by, updated_at, deleted, schema_code, bin_id, capacity_type, capacity, version) VALUES ('a3eacffb-a06e-4bdb-a66f-984e21275034', NULL, NULL, NULL, '2013-05-29 23:13:43.788', NULL, '2013-05-29 23:13:43.788', false, NULL, '0fb4b033-b70b-4604-b960-ca884ddcdceb', 'Kg', 14400.0000, 1);
INSERT INTO t_bin_capacity (id, remarks, ext, created_by, created_at, updated_by, updated_at, deleted, schema_code, bin_id, capacity_type, capacity, version) VALUES ('eb0396da-4834-46ea-8a89-016ea565467d', NULL, NULL, NULL, '2013-05-29 23:13:43.793', NULL, '2013-05-29 23:13:43.793', false, NULL, '2c8e25dd-88ed-4763-b347-7cacc02025e8', 'Kg', NULL, 1);
INSERT INTO t_bin_capacity (id, remarks, ext, created_by, created_at, updated_by, updated_at, deleted, schema_code, bin_id, capacity_type, capacity, version) VALUES ('cb2ce84a-6c35-4819-8dac-40de6037dbe0', NULL, NULL, NULL, '2013-05-29 23:13:43.799', NULL, '2013-05-29 23:13:43.799', false, NULL, 'cd96489c-d5d1-4afd-a87d-3d913087bfc9', 'Kg', NULL, 1);
INSERT INTO t_bin_capacity (id, remarks, ext, created_by, created_at, updated_by, updated_at, deleted, schema_code, bin_id, capacity_type, capacity, version) VALUES ('119288eb-6ef0-47db-b811-271c3d0ea16a', NULL, NULL, NULL, '2013-05-29 23:13:43.804', NULL, '2013-05-29 23:13:43.804', false, NULL, 'a80da159-4a5c-45e9-9250-c9ac7633437a', 'Kg', NULL, 1);
INSERT INTO t_bin_capacity (id, remarks, ext, created_by, created_at, updated_by, updated_at, deleted, schema_code, bin_id, capacity_type, capacity, version) VALUES ('13e3954e-97db-4369-8029-c78c954213ce', NULL, NULL, NULL, '2013-05-29 23:13:43.809', NULL, '2013-05-29 23:13:43.809', false, NULL, 'd5672073-2723-4867-adbc-186bd3154268', 'Kg', NULL, 1);
INSERT INTO t_bin_capacity (id, remarks, ext, created_by, created_at, updated_by, updated_at, deleted, schema_code, bin_id, capacity_type, capacity, version) VALUES ('21a8232a-acf8-4a97-8785-0afff86c1556', NULL, NULL, NULL, '2013-05-29 23:13:43.814', NULL, '2013-05-29 23:13:43.814', false, NULL, 'baf39abd-bd6e-44f3-b308-b40c78f65042', 'Kg', NULL, 1);
