create extension hstore;

--group
INSERT INTO t_business(id, remarks, ext, created_by, created_at, updated_by, updated_at, deleted, schema_code, business_code, name_key, version) VALUES ('427d7814-881e-4a5e-9b52-38f404481e35', 'remarks', 'ext', null, '2013-01-12', null, '2013-01-12', false, 'schema_code', 'WILMAR001', 'wilmar', 1);

--company
INSERT INTO t_company(id, remarks, ext, created_by, created_at, updated_by, updated_at, deleted, schema_code, business_id, company_code, name_key, version) VALUES ('e500b748-a38c-4fa1-9675-b569dcbde851', '', '', null, '2013-01-12', null, '2013-01-12', false, 'schema_code', '427d7814-881e-4a5e-9b52-38f404481e35', 'PTMNA', 'PTMNA', 1);

--warehouse            
INSERT INTO t_warehouse(id, remarks, ext, created_by, created_at, updated_by, updated_at, deleted, schema_code, company_id, warehouse_code, name_key, sort_no, version) VALUES ('fe640b63-5501-44b0-9fb1-6bbd93c5e8e5', 'remarks', 'ext', null, '2013-01-12', null, '2013-01-12', false, 'schema_code', 'e500b748-a38c-4fa1-9675-b569dcbde851', 'KT-SF', 'KT-SF', 0, 1);

--owner
INSERT INTO t_owner(id,warehouse_id,owner_code,owner_name,remarks,ext,created_by,created_at,updated_by,updated_at,deleted,version,schema_code)VALUES ('9e5eea55-05ca-4499-b6c4-dd6b058044cc','fe640b63-5501-44b0-9fb1-6bbd93c5e8e5','JS-00000001','PTMNA',null,null,null,'2013-04-08',null,'2013-04-08',false,1,null);       

--employee_type
insert into T_EMPLOYEE_TYPE (ID, REMARKS, EXT, CREATED_BY, CREATED_AT, UPDATED_BY, UPDATED_AT, DELETED, SCHEMA_CODE, COMPANY_ID, TYPE_CODE, NAME_KEY, SORT_NO, VERSION) values ('db586bf7-9a3d-4d57-930f-705f4589dce5', 'remarks', null, null, '2013-01-12 00:00:00', null, '2013-01-12 00:00:00', false, null, 'e500b748-a38c-4fa1-9675-b569dcbde851', 'ET001', 'Supervisor', 0, 1);
insert into T_EMPLOYEE_TYPE (ID, REMARKS, EXT, CREATED_BY, CREATED_AT, UPDATED_BY, UPDATED_AT, DELETED, SCHEMA_CODE, COMPANY_ID, TYPE_CODE, NAME_KEY, SORT_NO, VERSION) values ('db586bf7-9a3d-4d57-930f-705f4589dce6', 'remarks', null, null, '2013-01-12 00:00:00', null, '2013-01-12 00:00:00', false, null, 'e500b748-a38c-4fa1-9675-b569dcbde851', 'ET002', 'Ass Supervisor', 0, 1);
insert into T_EMPLOYEE_TYPE (ID, REMARKS, EXT, CREATED_BY, CREATED_AT, UPDATED_BY, UPDATED_AT, DELETED, SCHEMA_CODE, COMPANY_ID, TYPE_CODE, NAME_KEY, SORT_NO, VERSION) values ('db586bf7-9a3d-4d57-930f-705f4589dce7', 'remarks', null, null, '2013-01-12 00:00:00', null, '2013-01-12 00:00:00', false, null, 'e500b748-a38c-4fa1-9675-b569dcbde851', 'ET003', 'Admin', 0, 1);
insert into T_EMPLOYEE_TYPE (ID, REMARKS, EXT, CREATED_BY, CREATED_AT, UPDATED_BY, UPDATED_AT, DELETED, SCHEMA_CODE, COMPANY_ID, TYPE_CODE, NAME_KEY, SORT_NO, VERSION) values ('db586bf7-9a3d-4d57-930f-705f4589dce8', 'remarks', null, null, '2013-01-12 00:00:00', null, '2013-01-12 00:00:00', false, null, 'e500b748-a38c-4fa1-9675-b569dcbde851', 'ET004', 'PA Worker', 0, 1);
insert into T_EMPLOYEE_TYPE (ID, REMARKS, EXT, CREATED_BY, CREATED_AT, UPDATED_BY, UPDATED_AT, DELETED, SCHEMA_CODE, COMPANY_ID, TYPE_CODE, NAME_KEY, SORT_NO, VERSION) values ('db586bf7-9a3d-4d57-930f-705f4589dce9', 'remarks', null, null, '2013-01-12 00:00:00', null, '2013-01-12 00:00:00', false, null, 'e500b748-a38c-4fa1-9675-b569dcbde851', 'ET005', 'Leader Shift', 0, 1);
insert into T_EMPLOYEE_TYPE (ID, REMARKS, EXT, CREATED_BY, CREATED_AT, UPDATED_BY, UPDATED_AT, DELETED, SCHEMA_CODE, COMPANY_ID, TYPE_CODE, NAME_KEY, SORT_NO, VERSION) values ('db586bf7-9a3d-4d57-930f-705f4589dce1', 'remarks', null, null, '2013-01-12 00:00:00', null, '2013-01-12 00:00:00', false, null, 'e500b748-a38c-4fa1-9675-b569dcbde851', 'ET006', 'Forklift Driver', 0, 1);
insert into T_EMPLOYEE_TYPE (ID, REMARKS, EXT, CREATED_BY, CREATED_AT, UPDATED_BY, UPDATED_AT, DELETED, SCHEMA_CODE, COMPANY_ID, TYPE_CODE, NAME_KEY, SORT_NO, VERSION) values ('db586bf7-9a3d-4d57-930f-705f4589dce4', 'remarks', null, null, '2013-01-12 00:00:00', null, '2013-01-12 00:00:00', false, null, 'e500b748-a38c-4fa1-9675-b569dcbde851', 'ET007', 'Tally Man', 0, 1);

--employee
INSERT INTO t_employee(id, remarks, ext, created_by, created_at, updated_by, updated_at, deleted, schema_code, company_id, employee_type_id, employee_code, employee_name, version) VALUES ('19571b51-2214-4648-9e2a-07f96db1738d', 'remarks', 'ext', null, '2013-01-12', null, '2013-01-12', false, 'schema_code', 'e500b748-a38c-4fa1-9675-b569dcbde851', 'db586bf7-9a3d-4d57-930f-705f4589dce5', 'EM001', 'Rumlik', 1);
INSERT INTO t_employee(id, remarks, ext, created_by, created_at, updated_by, updated_at, deleted, schema_code, company_id, employee_type_id, employee_code, employee_name, version) VALUES ('19571b51-2214-4648-9e2a-07f96db17381', 'remarks', 'ext', null, '2013-01-12', null, '2013-01-12', false, 'schema_code', 'e500b748-a38c-4fa1-9675-b569dcbde851', 'db586bf7-9a3d-4d57-930f-705f4589dce5', 'EM001', 'Jeprin Turnip', 1);
INSERT INTO t_employee(id, remarks, ext, created_by, created_at, updated_by, updated_at, deleted, schema_code, company_id, employee_type_id, employee_code, employee_name, version) VALUES ('2f0c0f3f-d71f-4ff8-bfa0-28254f2f74da', 'remarks', 'ext', null, '2013-01-12', null, '2013-01-12', false, 'schema_code', 'e500b748-a38c-4fa1-9675-b569dcbde851', 'db586bf7-9a3d-4d57-930f-705f4589dce7', 'EM003', 'Hotmaida Saragih', 1);
INSERT INTO t_employee(id, remarks, ext, created_by, created_at, updated_by, updated_at, deleted, schema_code, company_id, employee_type_id, employee_code, employee_name, version) VALUES ('9a4986c7-4995-4a7d-b599-93595fd7a288', 'remarks', 'ext', null, '2013-01-12', null, '2013-01-12', false, 'schema_code', 'e500b748-a38c-4fa1-9675-b569dcbde851', 'db586bf7-9a3d-4d57-930f-705f4589dce7', 'EM003', 'Lusiana Handayani', 1);
INSERT INTO t_employee(id, remarks, ext, created_by, created_at, updated_by, updated_at, deleted, schema_code, company_id, employee_type_id, employee_code, employee_name, version) VALUES ('19571b51-2214-4648-9e2a-07f96db1739d', 'remarks', 'ext', null, '2013-01-12', null, '2013-01-12', false, 'schema_code', 'e500b748-a38c-4fa1-9675-b569dcbde851', 'db586bf7-9a3d-4d57-930f-705f4589dce8', 'EM004', 'Ismail', 1);
INSERT INTO t_employee(id, remarks, ext, created_by, created_at, updated_by, updated_at, deleted, schema_code, company_id, employee_type_id, employee_code, employee_name, version) VALUES ('7394dbe1-ccb3-4fa2-9813-1a18996313b6', 'remarks', 'ext', null, '2013-01-12', null, '2013-01-12', false, 'schema_code', 'e500b748-a38c-4fa1-9675-b569dcbde851', 'db586bf7-9a3d-4d57-930f-705f4589dce8', 'EM004', 'Basir', 1);
INSERT INTO t_employee(id, remarks, ext, created_by, created_at, updated_by, updated_at, deleted, schema_code, company_id, employee_type_id, employee_code, employee_name, version) VALUES ('26b41dde-065f-479b-b8b4-4b6e73abed32', 'remarks', 'ext', null, '2013-01-12', null, '2013-01-12', false, 'schema_code', 'e500b748-a38c-4fa1-9675-b569dcbde851', 'db586bf7-9a3d-4d57-930f-705f4589dce8', 'EM004', 'Sariono', 1);
INSERT INTO t_employee(id, remarks, ext, created_by, created_at, updated_by, updated_at, deleted, schema_code, company_id, employee_type_id, employee_code, employee_name, version) VALUES ('72988e47-e5d1-48c0-8a0b-940ab0007c4f', 'remarks', 'ext', null, '2013-01-12', null, '2013-01-12', false, 'schema_code', 'e500b748-a38c-4fa1-9675-b569dcbde851', 'db586bf7-9a3d-4d57-930f-705f4589dce8', 'EM004', 'Edy', 1);
INSERT INTO t_employee(id, remarks, ext, created_by, created_at, updated_by, updated_at, deleted, schema_code, company_id, employee_type_id, employee_code, employee_name, version) VALUES ('413367c9-d0b2-4bca-966e-d9f27f507ba2', 'remarks', 'ext', null, '2013-01-12', null, '2013-01-12', false, 'schema_code', 'e500b748-a38c-4fa1-9675-b569dcbde851', 'db586bf7-9a3d-4d57-930f-705f4589dce8', 'EM004', 'Ilham Budiman', 1);
INSERT INTO t_employee(id, remarks, ext, created_by, created_at, updated_by, updated_at, deleted, schema_code, company_id, employee_type_id, employee_code, employee_name, version) VALUES ('2ca9c1e4-a630-453d-a323-1538e3017b5f', 'remarks', 'ext', null, '2013-01-12', null, '2013-01-12', false, 'schema_code', 'e500b748-a38c-4fa1-9675-b569dcbde851', 'db586bf7-9a3d-4d57-930f-705f4589dce8', 'EM004', 'Sugito', 1);
INSERT INTO t_employee(id, remarks, ext, created_by, created_at, updated_by, updated_at, deleted, schema_code, company_id, employee_type_id, employee_code, employee_name, version) VALUES ('56ba0b90-a6fa-49ce-b7ef-668b78df24ad', 'remarks', 'ext', null, '2013-01-12', null, '2013-01-12', false, 'schema_code', 'e500b748-a38c-4fa1-9675-b569dcbde851', 'db586bf7-9a3d-4d57-930f-705f4589dce8', 'EM004', 'Suheri', 1);
INSERT INTO t_employee(id, remarks, ext, created_by, created_at, updated_by, updated_at, deleted, schema_code, company_id, employee_type_id, employee_code, employee_name, version) VALUES ('e94096ae-e6a6-41fe-9537-395213be7ead', 'remarks', 'ext', null, '2013-01-12', null, '2013-01-12', false, 'schema_code', 'e500b748-a38c-4fa1-9675-b569dcbde851', 'db586bf7-9a3d-4d57-930f-705f4589dce8', 'EM004', 'M Arif', 1);
INSERT INTO t_employee(id, remarks, ext, created_by, created_at, updated_by, updated_at, deleted, schema_code, company_id, employee_type_id, employee_code, employee_name, version) VALUES ('afe55de0-e898-49ab-805a-e72f46145aa5', 'remarks', 'ext', null, '2013-01-12', null, '2013-01-12', false, 'schema_code', 'e500b748-a38c-4fa1-9675-b569dcbde851', 'db586bf7-9a3d-4d57-930f-705f4589dce8', 'EM004', 'Mustofa', 1);
INSERT INTO t_employee(id, remarks, ext, created_by, created_at, updated_by, updated_at, deleted, schema_code, company_id, employee_type_id, employee_code, employee_name, version) VALUES ('b0606155-f391-4112-b7df-4ccd7bbfd86c', 'remarks', 'ext', null, '2013-01-12', null, '2013-01-12', false, 'schema_code', 'e500b748-a38c-4fa1-9675-b569dcbde851', 'db586bf7-9a3d-4d57-930f-705f4589dce8', 'EM004', 'Suriono', 1);
INSERT INTO t_employee(id, remarks, ext, created_by, created_at, updated_by, updated_at, deleted, schema_code, company_id, employee_type_id, employee_code, employee_name, version) VALUES ('40aca686-744d-452d-a4b3-5ecebdb9ac8b', 'remarks', 'ext', null, '2013-01-12', null, '2013-01-12', false, 'schema_code', 'e500b748-a38c-4fa1-9675-b569dcbde851', 'db586bf7-9a3d-4d57-930f-705f4589dce8', 'EM004', 'Syahjamil', 1);
INSERT INTO t_employee(id, remarks, ext, created_by, created_at, updated_by, updated_at, deleted, schema_code, company_id, employee_type_id, employee_code, employee_name, version) VALUES ('e9b9eeec-00b1-4e8b-b4fb-6d5ec8aba32c', 'remarks', 'ext', null, '2013-01-12', null, '2013-01-12', false, 'schema_code', 'e500b748-a38c-4fa1-9675-b569dcbde851', 'db586bf7-9a3d-4d57-930f-705f4589dce8', 'EM004', 'Syafaruddin', 1);
INSERT INTO t_employee(id, remarks, ext, created_by, created_at, updated_by, updated_at, deleted, schema_code, company_id, employee_type_id, employee_code, employee_name, version) VALUES ('c49295f4-1b87-4eed-8659-06d66c44640e', 'remarks', 'ext', null, '2013-01-12', null, '2013-01-12', false, 'schema_code', 'e500b748-a38c-4fa1-9675-b569dcbde851', 'db586bf7-9a3d-4d57-930f-705f4589dce8', 'EM004', 'Lukman', 1);
INSERT INTO t_employee(id, remarks, ext, created_by, created_at, updated_by, updated_at, deleted, schema_code, company_id, employee_type_id, employee_code, employee_name, version) VALUES ('234f8c5e-6f73-42dc-b180-4fe068c31308', 'remarks', 'ext', null, '2013-01-12', null, '2013-01-12', false, 'schema_code', 'e500b748-a38c-4fa1-9675-b569dcbde851', 'db586bf7-9a3d-4d57-930f-705f4589dce8', 'EM004', 'Manaek S', 1);
INSERT INTO t_employee(id, remarks, ext, created_by, created_at, updated_by, updated_at, deleted, schema_code, company_id, employee_type_id, employee_code, employee_name, version) VALUES ('4ae67ced-c322-4a28-ac6b-4cac345266d1', 'remarks', 'ext', null, '2013-01-12', null, '2013-01-12', false, 'schema_code', 'e500b748-a38c-4fa1-9675-b569dcbde851', 'db586bf7-9a3d-4d57-930f-705f4589dce8', 'EM004', 'Rahmadsyah', 1);
INSERT INTO t_employee(id, remarks, ext, created_by, created_at, updated_by, updated_at, deleted, schema_code, company_id, employee_type_id, employee_code, employee_name, version) VALUES ('dbad83ee-0356-4de4-9a9a-b22ae744cbac', 'remarks', 'ext', null, '2013-01-12', null, '2013-01-12', false, 'schema_code', 'e500b748-a38c-4fa1-9675-b569dcbde851', 'db586bf7-9a3d-4d57-930f-705f4589dce8', 'EM004', 'Rusiadi', 1);
INSERT INTO t_employee(id, remarks, ext, created_by, created_at, updated_by, updated_at, deleted, schema_code, company_id, employee_type_id, employee_code, employee_name, version) VALUES ('a0f3b3a0-a2a1-41fe-9c74-34b7b5d61a8c', 'remarks', 'ext', null, '2013-01-12', null, '2013-01-12', false, 'schema_code', 'e500b748-a38c-4fa1-9675-b569dcbde851', 'db586bf7-9a3d-4d57-930f-705f4589dce8', 'EM004', 'Ahmad', 1);
INSERT INTO t_employee(id, remarks, ext, created_by, created_at, updated_by, updated_at, deleted, schema_code, company_id, employee_type_id, employee_code, employee_name, version) VALUES ('bfac28b8-de33-4205-a37b-2a65ddc4a953', 'remarks', 'ext', null, '2013-01-12', null, '2013-01-12', false, 'schema_code', 'e500b748-a38c-4fa1-9675-b569dcbde851', 'db586bf7-9a3d-4d57-930f-705f4589dce8', 'EM004', 'Siswanto', 1);
INSERT INTO t_employee(id, remarks, ext, created_by, created_at, updated_by, updated_at, deleted, schema_code, company_id, employee_type_id, employee_code, employee_name, version) VALUES ('a55bc20d-f6d2-4c30-b1c1-9c602bdd5037', 'remarks', 'ext', null, '2013-01-12', null, '2013-01-12', false, 'schema_code', 'e500b748-a38c-4fa1-9675-b569dcbde851', 'db586bf7-9a3d-4d57-930f-705f4589dce8', 'EM004', 'Rudi Hermanto', 1);
INSERT INTO t_employee(id, remarks, ext, created_by, created_at, updated_by, updated_at, deleted, schema_code, company_id, employee_type_id, employee_code, employee_name, version) VALUES ('7e0cf156-f87e-40e7-b787-99d1519ac579', 'remarks', 'ext', null, '2013-01-12', null, '2013-01-12', false, 'schema_code', 'e500b748-a38c-4fa1-9675-b569dcbde851', 'db586bf7-9a3d-4d57-930f-705f4589dce8', 'EM004', 'Muslayadi', 1);
INSERT INTO t_employee(id, remarks, ext, created_by, created_at, updated_by, updated_at, deleted, schema_code, company_id, employee_type_id, employee_code, employee_name, version) VALUES ('19571b51-2214-4648-9e2a-07f96db17382', 'remarks', 'ext', null, '2013-01-12', null, '2013-01-12', false, 'schema_code', 'e500b748-a38c-4fa1-9675-b569dcbde851', 'db586bf7-9a3d-4d57-930f-705f4589dce9', 'EM005', 'Sastro Manik', 1);
INSERT INTO t_employee(id, remarks, ext, created_by, created_at, updated_by, updated_at, deleted, schema_code, company_id, employee_type_id, employee_code, employee_name, version) VALUES ('2f0c0f3f-d71f-4ff8-bfa0-28254f2f75da', 'remarks', 'ext', null, '2013-01-12', null, '2013-01-12', false, 'schema_code', 'e500b748-a38c-4fa1-9675-b569dcbde851', 'db586bf7-9a3d-4d57-930f-705f4589dce9', 'EM005', 'M. Iwan Syahputera', 1);
INSERT INTO t_employee(id, remarks, ext, created_by, created_at, updated_by, updated_at, deleted, schema_code, company_id, employee_type_id, employee_code, employee_name, version) VALUES ('9a4986c7-4995-4a7d-b599-93595fd7a287', 'remarks', 'ext', null, '2013-01-12', null, '2013-01-12', false, 'schema_code', 'e500b748-a38c-4fa1-9675-b569dcbde851', 'db586bf7-9a3d-4d57-930f-705f4589dce9', 'EM005', 'Denni Marbun', 1);
INSERT INTO t_employee(id, remarks, ext, created_by, created_at, updated_by, updated_at, deleted, schema_code, company_id, employee_type_id, employee_code, employee_name, version) VALUES ('8c0328a0-d35e-4568-a884-6a951056134c', 'remarks', 'ext', null, '2013-01-12', null, '2013-01-12', false, 'schema_code', 'e500b748-a38c-4fa1-9675-b569dcbde851', 'db586bf7-9a3d-4d57-930f-705f4589dce9', 'EM005', 'M. Nuri', 1);
INSERT INTO t_employee(id, remarks, ext, created_by, created_at, updated_by, updated_at, deleted, schema_code, company_id, employee_type_id, employee_code, employee_name, version) VALUES ('d6faf6d5-4573-4ec7-a1f7-b399400fc12c', 'remarks', 'ext', null, '2013-01-12', null, '2013-01-12', false, 'schema_code', 'e500b748-a38c-4fa1-9675-b569dcbde851', 'db586bf7-9a3d-4d57-930f-705f4589dce9', 'EM005', 'A.Aswin R Nst', 1);
INSERT INTO t_employee(id, remarks, ext, created_by, created_at, updated_by, updated_at, deleted, schema_code, company_id, employee_type_id, employee_code, employee_name, version) VALUES ('41d851ae-b2f7-441e-bd44-e49a934572bc', 'remarks', 'ext', null, '2013-01-12', null, '2013-01-12', false, 'schema_code', 'e500b748-a38c-4fa1-9675-b569dcbde851', 'db586bf7-9a3d-4d57-930f-705f4589dce1', 'EM006', 'Satar Situmorang', 1);
INSERT INTO t_employee(id, remarks, ext, created_by, created_at, updated_by, updated_at, deleted, schema_code, company_id, employee_type_id, employee_code, employee_name, version) VALUES ('fc10a5a7-3caf-4210-ae91-690d3cc7b607', 'remarks', 'ext', null, '2013-01-12', null, '2013-01-12', false, 'schema_code', 'e500b748-a38c-4fa1-9675-b569dcbde851', 'db586bf7-9a3d-4d57-930f-705f4589dce1', 'EM006', 'Fahri', 1);
INSERT INTO t_employee(id, remarks, ext, created_by, created_at, updated_by, updated_at, deleted, schema_code, company_id, employee_type_id, employee_code, employee_name, version) VALUES ('20a1e0fb-fab3-42cb-845c-cb26a944a10c', 'remarks', 'ext', null, '2013-01-12', null, '2013-01-12', false, 'schema_code', 'e500b748-a38c-4fa1-9675-b569dcbde851', 'db586bf7-9a3d-4d57-930f-705f4589dce1', 'EM006', 'Ramli', 1);
INSERT INTO t_employee(id, remarks, ext, created_by, created_at, updated_by, updated_at, deleted, schema_code, company_id, employee_type_id, employee_code, employee_name, version) VALUES ('f8d6fd48-75eb-4a2d-b16d-0a828ccc9ac4', 'remarks', 'ext', null, '2013-01-12', null, '2013-01-12', false, 'schema_code', 'e500b748-a38c-4fa1-9675-b569dcbde851', 'db586bf7-9a3d-4d57-930f-705f4589dce1', 'EM006', 'Iwan', 1);
INSERT INTO t_employee(id, remarks, ext, created_by, created_at, updated_by, updated_at, deleted, schema_code, company_id, employee_type_id, employee_code, employee_name, version) VALUES ('73aa5c37-9256-4561-ac9f-920f9f5255ee', 'remarks', 'ext', null, '2013-01-12', null, '2013-01-12', false, 'schema_code', 'e500b748-a38c-4fa1-9675-b569dcbde851', 'db586bf7-9a3d-4d57-930f-705f4589dce1', 'EM006', 'Mujianto', 1);
INSERT INTO t_employee(id, remarks, ext, created_by, created_at, updated_by, updated_at, deleted, schema_code, company_id, employee_type_id, employee_code, employee_name, version) VALUES ('f8453327-8b01-4d2b-b7bb-c9b2a14f786b', 'remarks', 'ext', null, '2013-01-12', null, '2013-01-12', false, 'schema_code', 'e500b748-a38c-4fa1-9675-b569dcbde851', 'db586bf7-9a3d-4d57-930f-705f4589dce1', 'EM006', 'Amir', 1);
INSERT INTO t_employee(id, remarks, ext, created_by, created_at, updated_by, updated_at, deleted, schema_code, company_id, employee_type_id, employee_code, employee_name, version) VALUES ('e2f1640a-459f-496a-be82-01e537ec55f8', 'remarks', 'ext', null, '2013-01-12', null, '2013-01-12', false, 'schema_code', 'e500b748-a38c-4fa1-9675-b569dcbde851', 'db586bf7-9a3d-4d57-930f-705f4589dce1', 'EM006', 'Kamaruddin', 1);
INSERT INTO t_employee(id, remarks, ext, created_by, created_at, updated_by, updated_at, deleted, schema_code, company_id, employee_type_id, employee_code, employee_name, version) VALUES ('00c07134-0c07-4edd-8efc-1960ebe3bfbe', 'remarks', 'ext', null, '2013-01-12', null, '2013-01-12', false, 'schema_code', 'e500b748-a38c-4fa1-9675-b569dcbde851', 'db586bf7-9a3d-4d57-930f-705f4589dce1', 'EM006', 'Rasiman', 1);
INSERT INTO t_employee(id, remarks, ext, created_by, created_at, updated_by, updated_at, deleted, schema_code, company_id, employee_type_id, employee_code, employee_name, version) VALUES ('793481fd-eaa3-4450-b76a-ad87138ceec5', 'remarks', 'ext', null, '2013-01-12', null, '2013-01-12', false, 'schema_code', 'e500b748-a38c-4fa1-9675-b569dcbde851', 'db586bf7-9a3d-4d57-930f-705f4589dce1', 'EM006', 'M. Effendi', 1);
INSERT INTO t_employee(id, remarks, ext, created_by, created_at, updated_by, updated_at, deleted, schema_code, company_id, employee_type_id, employee_code, employee_name, version) VALUES ('0161ab70-8d65-4f74-bb96-5b9ded3e1da3', 'remarks', 'ext', null, '2013-01-12', null, '2013-01-12', false, 'schema_code', 'e500b748-a38c-4fa1-9675-b569dcbde851', 'db586bf7-9a3d-4d57-930f-705f4589dce1', 'EM006', 'Paino', 1);
INSERT INTO t_employee(id, remarks, ext, created_by, created_at, updated_by, updated_at, deleted, schema_code, company_id, employee_type_id, employee_code, employee_name, version) VALUES ('3f3881dd-c292-4218-9fc8-e1dbdf4762a4', 'remarks', 'ext', null, '2013-01-12', null, '2013-01-12', false, 'schema_code', 'e500b748-a38c-4fa1-9675-b569dcbde851', 'db586bf7-9a3d-4d57-930f-705f4589dce1', 'EM006', 'Zen Hamid Rambe', 1);
INSERT INTO t_employee(id, remarks, ext, created_by, created_at, updated_by, updated_at, deleted, schema_code, company_id, employee_type_id, employee_code, employee_name, version) VALUES ('d2880194-6f96-4619-8414-bb0c6c23540b', 'remarks', 'ext', null, '2013-01-12', null, '2013-01-12', false, 'schema_code', 'e500b748-a38c-4fa1-9675-b569dcbde851', 'db586bf7-9a3d-4d57-930f-705f4589dce1', 'EM006', 'Zulkifli', 1);
INSERT INTO t_employee(id, remarks, ext, created_by, created_at, updated_by, updated_at, deleted, schema_code, company_id, employee_type_id, employee_code, employee_name, version) VALUES ('03c18f4a-c806-46e2-ac07-5990e506a6d8', 'remarks', 'ext', null, '2013-01-12', null, '2013-01-12', false, 'schema_code', 'e500b748-a38c-4fa1-9675-b569dcbde851', 'db586bf7-9a3d-4d57-930f-705f4589dce4', 'EM007', 'Sutarwin', 1);
INSERT INTO t_employee(id, remarks, ext, created_by, created_at, updated_by, updated_at, deleted, schema_code, company_id, employee_type_id, employee_code, employee_name, version) VALUES ('27f84fac-ebf4-4b87-8c53-e402671df0d1', 'remarks', 'ext', null, '2013-01-12', null, '2013-01-12', false, 'schema_code', 'e500b748-a38c-4fa1-9675-b569dcbde851', 'db586bf7-9a3d-4d57-930f-705f4589dce4', 'EM007', 'Erwin Syahputra', 1);
INSERT INTO t_employee(id, remarks, ext, created_by, created_at, updated_by, updated_at, deleted, schema_code, company_id, employee_type_id, employee_code, employee_name, version) VALUES ('7474bc37-6e23-4302-b941-9b3da15327ca', 'remarks', 'ext', null, '2013-01-12', null, '2013-01-12', false, 'schema_code', 'e500b748-a38c-4fa1-9675-b569dcbde851', 'db586bf7-9a3d-4d57-930f-705f4589dce4', 'EM007', 'Andry Prasetya', 1);
INSERT INTO t_employee(id, remarks, ext, created_by, created_at, updated_by, updated_at, deleted, schema_code, company_id, employee_type_id, employee_code, employee_name, version) VALUES ('1a073852-d1f8-4f39-b271-09b8e90e31d4', 'remarks', 'ext', null, '2013-01-12', null, '2013-01-12', false, 'schema_code', 'e500b748-a38c-4fa1-9675-b569dcbde851', 'db586bf7-9a3d-4d57-930f-705f4589dce4', 'EM007', 'M. Rapai', 1);

--employee_warehouse
INSERT INTO t_employee_warehouse(id, remarks, ext, created_by, created_at, updated_by, updated_at, deleted, schema_code, employee_id, warehouse_id, version) VALUES ('b4625272-0e51-4078-827e-8a2f17fbb125', 'remarks', 'ext', null, '2013-01-12', null, '2013-01-12', false, 'schema_code', '19571b51-2214-4648-9e2a-07f96db1738d', 'fe640b63-5501-44b0-9fb1-6bbd93c5e8e5', 1);
INSERT INTO t_employee_warehouse(id, remarks, ext, created_by, created_at, updated_by, updated_at, deleted, schema_code, employee_id, warehouse_id, version) VALUES ('b4625272-0e51-4078-827e-8a2f17fbb2aa', 'remarks', 'ext', null, '2013-01-12', null, '2013-01-12', false, 'schema_code', '19571b51-2214-4648-9e2a-07f96db17381', 'fe640b63-5501-44b0-9fb1-6bbd93c5e8e5', 1);
INSERT INTO t_employee_warehouse(id, remarks, ext, created_by, created_at, updated_by, updated_at, deleted, schema_code, employee_id, warehouse_id, version) VALUES ('191e5488-6455-40b2-b052-f1b77e401487', 'remarks', 'ext', null, '2013-01-12', null, '2013-01-12', false, 'schema_code', '2f0c0f3f-d71f-4ff8-bfa0-28254f2f74da', 'fe640b63-5501-44b0-9fb1-6bbd93c5e8e5', 1);
INSERT INTO t_employee_warehouse(id, remarks, ext, created_by, created_at, updated_by, updated_at, deleted, schema_code, employee_id, warehouse_id, version) VALUES ('5f188d82-3008-4c9e-be3a-ea3f97ef5cd7', 'remarks', 'ext', null, '2013-01-12', null, '2013-01-12', false, 'schema_code', '9a4986c7-4995-4a7d-b599-93595fd7a288', 'fe640b63-5501-44b0-9fb1-6bbd93c5e8e5', 1);
INSERT INTO t_employee_warehouse(id, remarks, ext, created_by, created_at, updated_by, updated_at, deleted, schema_code, employee_id, warehouse_id, version) VALUES ('b4625272-0e51-4078-827e-8a2f17fbb126', 'remarks', 'ext', null, '2013-01-12', null, '2013-01-12', false, 'schema_code', '19571b51-2214-4648-9e2a-07f96db1739d', 'fe640b63-5501-44b0-9fb1-6bbd93c5e8e5', 1);
INSERT INTO t_employee_warehouse(id, remarks, ext, created_by, created_at, updated_by, updated_at, deleted, schema_code, employee_id, warehouse_id, version) VALUES ('b4625272-0e51-4078-827e-8a2f17fbb5aa', 'remarks', 'ext', null, '2013-01-12', null, '2013-01-12', false, 'schema_code', '7394dbe1-ccb3-4fa2-9813-1a18996313b6', 'fe640b63-5501-44b0-9fb1-6bbd93c5e8e5', 1);
INSERT INTO t_employee_warehouse(id, remarks, ext, created_by, created_at, updated_by, updated_at, deleted, schema_code, employee_id, warehouse_id, version) VALUES ('2de2469e-acc6-43e4-bbdc-f05f88117db5', 'remarks', 'ext', null, '2013-01-12', null, '2013-01-12', false, 'schema_code', '26b41dde-065f-479b-b8b4-4b6e73abed32', 'fe640b63-5501-44b0-9fb1-6bbd93c5e8e5', 1);
INSERT INTO t_employee_warehouse(id, remarks, ext, created_by, created_at, updated_by, updated_at, deleted, schema_code, employee_id, warehouse_id, version) VALUES ('c2a20631-51ea-469f-acce-01c192343813', 'remarks', 'ext', null, '2013-01-12', null, '2013-01-12', false, 'schema_code', '72988e47-e5d1-48c0-8a0b-940ab0007c4f', 'fe640b63-5501-44b0-9fb1-6bbd93c5e8e5', 1);
INSERT INTO t_employee_warehouse(id, remarks, ext, created_by, created_at, updated_by, updated_at, deleted, schema_code, employee_id, warehouse_id, version) VALUES ('1e7d4cdf-b96a-4e66-afb7-e765aed6156c', 'remarks', 'ext', null, '2013-01-12', null, '2013-01-12', false, 'schema_code', '413367c9-d0b2-4bca-966e-d9f27f507ba2', 'fe640b63-5501-44b0-9fb1-6bbd93c5e8e5', 1);
INSERT INTO t_employee_warehouse(id, remarks, ext, created_by, created_at, updated_by, updated_at, deleted, schema_code, employee_id, warehouse_id, version) VALUES ('493c14e0-00d6-43f7-98eb-21f93d494ea4', 'remarks', 'ext', null, '2013-01-12', null, '2013-01-12', false, 'schema_code', '2ca9c1e4-a630-453d-a323-1538e3017b5f', 'fe640b63-5501-44b0-9fb1-6bbd93c5e8e5', 1);
INSERT INTO t_employee_warehouse(id, remarks, ext, created_by, created_at, updated_by, updated_at, deleted, schema_code, employee_id, warehouse_id, version) VALUES ('eaeed617-f768-4832-b951-8b130b60bf92', 'remarks', 'ext', null, '2013-01-12', null, '2013-01-12', false, 'schema_code', '56ba0b90-a6fa-49ce-b7ef-668b78df24ad', 'fe640b63-5501-44b0-9fb1-6bbd93c5e8e5', 1);
INSERT INTO t_employee_warehouse(id, remarks, ext, created_by, created_at, updated_by, updated_at, deleted, schema_code, employee_id, warehouse_id, version) VALUES ('bd92223b-a057-45c0-a2e2-cec98ee6161c', 'remarks', 'ext', null, '2013-01-12', null, '2013-01-12', false, 'schema_code', 'e94096ae-e6a6-41fe-9537-395213be7ead', 'fe640b63-5501-44b0-9fb1-6bbd93c5e8e5', 1);
INSERT INTO t_employee_warehouse(id, remarks, ext, created_by, created_at, updated_by, updated_at, deleted, schema_code, employee_id, warehouse_id, version) VALUES ('cdca27fc-6eeb-4b5f-8c37-9e432e8bd16c', 'remarks', 'ext', null, '2013-01-12', null, '2013-01-12', false, 'schema_code', 'afe55de0-e898-49ab-805a-e72f46145aa5', 'fe640b63-5501-44b0-9fb1-6bbd93c5e8e5', 1);
INSERT INTO t_employee_warehouse(id, remarks, ext, created_by, created_at, updated_by, updated_at, deleted, schema_code, employee_id, warehouse_id, version) VALUES ('d307afad-f900-4dc3-9f5b-16a73e87bfba', 'remarks', 'ext', null, '2013-01-12', null, '2013-01-12', false, 'schema_code', 'b0606155-f391-4112-b7df-4ccd7bbfd86c', 'fe640b63-5501-44b0-9fb1-6bbd93c5e8e5', 1);
INSERT INTO t_employee_warehouse(id, remarks, ext, created_by, created_at, updated_by, updated_at, deleted, schema_code, employee_id, warehouse_id, version) VALUES ('bbb01177-688e-4a70-a802-6a76d316bf91', 'remarks', 'ext', null, '2013-01-12', null, '2013-01-12', false, 'schema_code', '40aca686-744d-452d-a4b3-5ecebdb9ac8b', 'fe640b63-5501-44b0-9fb1-6bbd93c5e8e5', 1);
INSERT INTO t_employee_warehouse(id, remarks, ext, created_by, created_at, updated_by, updated_at, deleted, schema_code, employee_id, warehouse_id, version) VALUES ('799188ca-af57-463a-a58c-8b78d01ab98c', 'remarks', 'ext', null, '2013-01-12', null, '2013-01-12', false, 'schema_code', 'e9b9eeec-00b1-4e8b-b4fb-6d5ec8aba32c', 'fe640b63-5501-44b0-9fb1-6bbd93c5e8e5', 1);
INSERT INTO t_employee_warehouse(id, remarks, ext, created_by, created_at, updated_by, updated_at, deleted, schema_code, employee_id, warehouse_id, version) VALUES ('9d6f6a62-7fea-470b-8814-cd6658eac744', 'remarks', 'ext', null, '2013-01-12', null, '2013-01-12', false, 'schema_code', 'c49295f4-1b87-4eed-8659-06d66c44640e', 'fe640b63-5501-44b0-9fb1-6bbd93c5e8e5', 1);
INSERT INTO t_employee_warehouse(id, remarks, ext, created_by, created_at, updated_by, updated_at, deleted, schema_code, employee_id, warehouse_id, version) VALUES ('93e561e8-1722-4d3a-95b4-b13696e3eae4', 'remarks', 'ext', null, '2013-01-12', null, '2013-01-12', false, 'schema_code', '234f8c5e-6f73-42dc-b180-4fe068c31308', 'fe640b63-5501-44b0-9fb1-6bbd93c5e8e5', 1);
INSERT INTO t_employee_warehouse(id, remarks, ext, created_by, created_at, updated_by, updated_at, deleted, schema_code, employee_id, warehouse_id, version) VALUES ('d140c66d-0192-4f12-9a47-a260862680d9', 'remarks', 'ext', null, '2013-01-12', null, '2013-01-12', false, 'schema_code', '4ae67ced-c322-4a28-ac6b-4cac345266d1', 'fe640b63-5501-44b0-9fb1-6bbd93c5e8e5', 1);
INSERT INTO t_employee_warehouse(id, remarks, ext, created_by, created_at, updated_by, updated_at, deleted, schema_code, employee_id, warehouse_id, version) VALUES ('4e65e889-9923-4024-9c1b-f90d37cb8441', 'remarks', 'ext', null, '2013-01-12', null, '2013-01-12', false, 'schema_code', 'dbad83ee-0356-4de4-9a9a-b22ae744cbac', 'fe640b63-5501-44b0-9fb1-6bbd93c5e8e5', 1);
INSERT INTO t_employee_warehouse(id, remarks, ext, created_by, created_at, updated_by, updated_at, deleted, schema_code, employee_id, warehouse_id, version) VALUES ('ab586fad-f5cb-4223-810f-5857f9c72d9d', 'remarks', 'ext', null, '2013-01-12', null, '2013-01-12', false, 'schema_code', 'a0f3b3a0-a2a1-41fe-9c74-34b7b5d61a8c', 'fe640b63-5501-44b0-9fb1-6bbd93c5e8e5', 1);
INSERT INTO t_employee_warehouse(id, remarks, ext, created_by, created_at, updated_by, updated_at, deleted, schema_code, employee_id, warehouse_id, version) VALUES ('57aac48b-2af0-45a4-a89d-a4ed8de71f04', 'remarks', 'ext', null, '2013-01-12', null, '2013-01-12', false, 'schema_code', 'bfac28b8-de33-4205-a37b-2a65ddc4a953', 'fe640b63-5501-44b0-9fb1-6bbd93c5e8e5', 1);
INSERT INTO t_employee_warehouse(id, remarks, ext, created_by, created_at, updated_by, updated_at, deleted, schema_code, employee_id, warehouse_id, version) VALUES ('df83c67b-b1e8-4933-8945-362e783f50c5', 'remarks', 'ext', null, '2013-01-12', null, '2013-01-12', false, 'schema_code', 'a55bc20d-f6d2-4c30-b1c1-9c602bdd5037', 'fe640b63-5501-44b0-9fb1-6bbd93c5e8e5', 1);
INSERT INTO t_employee_warehouse(id, remarks, ext, created_by, created_at, updated_by, updated_at, deleted, schema_code, employee_id, warehouse_id, version) VALUES ('4d8a15ef-871a-4b2e-a8bf-ef171ff31acb', 'remarks', 'ext', null, '2013-01-12', null, '2013-01-12', false, 'schema_code', '7e0cf156-f87e-40e7-b787-99d1519ac579', 'fe640b63-5501-44b0-9fb1-6bbd93c5e8e5', 1);
INSERT INTO t_employee_warehouse(id, remarks, ext, created_by, created_at, updated_by, updated_at, deleted, schema_code, employee_id, warehouse_id, version) VALUES ('02183c56-7cfc-4fdf-8dd2-d785a7245338', 'remarks', 'ext', null, '2013-01-12', null, '2013-01-12', false, 'schema_code', '19571b51-2214-4648-9e2a-07f96db17382', 'fe640b63-5501-44b0-9fb1-6bbd93c5e8e5', 1);
INSERT INTO t_employee_warehouse(id, remarks, ext, created_by, created_at, updated_by, updated_at, deleted, schema_code, employee_id, warehouse_id, version) VALUES ('191e5488-6455-40b2-b052-f1b77e401481', 'remarks', 'ext', null, '2013-01-12', null, '2013-01-12', false, 'schema_code', '2f0c0f3f-d71f-4ff8-bfa0-28254f2f75da', 'fe640b63-5501-44b0-9fb1-6bbd93c5e8e5', 1);
INSERT INTO t_employee_warehouse(id, remarks, ext, created_by, created_at, updated_by, updated_at, deleted, schema_code, employee_id, warehouse_id, version) VALUES ('5f188d82-3008-4c9e-be3a-ea3f97ef5cd3', 'remarks', 'ext', null, '2013-01-12', null, '2013-01-12', false, 'schema_code', '9a4986c7-4995-4a7d-b599-93595fd7a287', 'fe640b63-5501-44b0-9fb1-6bbd93c5e8e5', 1);
INSERT INTO t_employee_warehouse(id, remarks, ext, created_by, created_at, updated_by, updated_at, deleted, schema_code, employee_id, warehouse_id, version) VALUES ('17d222b2-96f7-4eba-aee8-7a21ea9d5064', 'remarks', 'ext', null, '2013-01-12', null, '2013-01-12', false, 'schema_code', '41d851ae-b2f7-441e-bd44-e49a934572bc', 'fe640b63-5501-44b0-9fb1-6bbd93c5e8e5', 1);
INSERT INTO t_employee_warehouse(id, remarks, ext, created_by, created_at, updated_by, updated_at, deleted, schema_code, employee_id, warehouse_id, version) VALUES ('016a5dcf-a573-4b7c-ac28-7fe218ea2340', 'remarks', 'ext', null, '2013-01-12', null, '2013-01-12', false, 'schema_code', 'fc10a5a7-3caf-4210-ae91-690d3cc7b607', 'fe640b63-5501-44b0-9fb1-6bbd93c5e8e5', 1);
INSERT INTO t_employee_warehouse(id, remarks, ext, created_by, created_at, updated_by, updated_at, deleted, schema_code, employee_id, warehouse_id, version) VALUES ('6d46a1d4-8511-4af8-9ed1-c35711bd88a7', 'remarks', 'ext', null, '2013-01-12', null, '2013-01-12', false, 'schema_code', '20a1e0fb-fab3-42cb-845c-cb26a944a10c', 'fe640b63-5501-44b0-9fb1-6bbd93c5e8e5', 1);
INSERT INTO t_employee_warehouse(id, remarks, ext, created_by, created_at, updated_by, updated_at, deleted, schema_code, employee_id, warehouse_id, version) VALUES ('f1670bdc-136b-45ec-a236-07354eb2666a', 'remarks', 'ext', null, '2013-01-12', null, '2013-01-12', false, 'schema_code', 'f8d6fd48-75eb-4a2d-b16d-0a828ccc9ac4', 'fe640b63-5501-44b0-9fb1-6bbd93c5e8e5', 1);
INSERT INTO t_employee_warehouse(id, remarks, ext, created_by, created_at, updated_by, updated_at, deleted, schema_code, employee_id, warehouse_id, version) VALUES ('4e733f95-4ce0-4fe5-9ffc-7fbebbe25d8d', 'remarks', 'ext', null, '2013-01-12', null, '2013-01-12', false, 'schema_code', '73aa5c37-9256-4561-ac9f-920f9f5255ee', 'fe640b63-5501-44b0-9fb1-6bbd93c5e8e5', 1);
INSERT INTO t_employee_warehouse(id, remarks, ext, created_by, created_at, updated_by, updated_at, deleted, schema_code, employee_id, warehouse_id, version) VALUES ('3a2e0f83-37ff-4d5f-98b4-89385999ed25', 'remarks', 'ext', null, '2013-01-12', null, '2013-01-12', false, 'schema_code', 'f8453327-8b01-4d2b-b7bb-c9b2a14f786b', 'fe640b63-5501-44b0-9fb1-6bbd93c5e8e5', 1);
INSERT INTO t_employee_warehouse(id, remarks, ext, created_by, created_at, updated_by, updated_at, deleted, schema_code, employee_id, warehouse_id, version) VALUES ('2fc1d21f-18cb-47a3-9a0d-daff0d34d093', 'remarks', 'ext', null, '2013-01-12', null, '2013-01-12', false, 'schema_code', '8c0328a0-d35e-4568-a884-6a951056134c', 'fe640b63-5501-44b0-9fb1-6bbd93c5e8e5', 1);
INSERT INTO t_employee_warehouse(id, remarks, ext, created_by, created_at, updated_by, updated_at, deleted, schema_code, employee_id, warehouse_id, version) VALUES ('a7966466-cbdc-48f5-8de3-46b12e4281ad', 'remarks', 'ext', null, '2013-01-12', null, '2013-01-12', false, 'schema_code', 'd6faf6d5-4573-4ec7-a1f7-b399400fc12c', 'fe640b63-5501-44b0-9fb1-6bbd93c5e8e5', 1);
INSERT INTO t_employee_warehouse(id, remarks, ext, created_by, created_at, updated_by, updated_at, deleted, schema_code, employee_id, warehouse_id, version) VALUES ('fa06140c-ff3d-4744-820a-8397ec2f1cbe', 'remarks', 'ext', null, '2013-01-12', null, '2013-01-12', false, 'schema_code', 'e2f1640a-459f-496a-be82-01e537ec55f8', 'fe640b63-5501-44b0-9fb1-6bbd93c5e8e5', 1);
INSERT INTO t_employee_warehouse(id, remarks, ext, created_by, created_at, updated_by, updated_at, deleted, schema_code, employee_id, warehouse_id, version) VALUES ('b1aa9a06-c3a1-444a-9376-d1c4d7dc35ba', 'remarks', 'ext', null, '2013-01-12', null, '2013-01-12', false, 'schema_code', '00c07134-0c07-4edd-8efc-1960ebe3bfbe', 'fe640b63-5501-44b0-9fb1-6bbd93c5e8e5', 1);
INSERT INTO t_employee_warehouse(id, remarks, ext, created_by, created_at, updated_by, updated_at, deleted, schema_code, employee_id, warehouse_id, version) VALUES ('f847d18b-ce81-4e99-94a0-7a72e17d7664', 'remarks', 'ext', null, '2013-01-12', null, '2013-01-12', false, 'schema_code', '793481fd-eaa3-4450-b76a-ad87138ceec5', 'fe640b63-5501-44b0-9fb1-6bbd93c5e8e5', 1);
INSERT INTO t_employee_warehouse(id, remarks, ext, created_by, created_at, updated_by, updated_at, deleted, schema_code, employee_id, warehouse_id, version) VALUES ('6e7ca8d4-8a8f-4ff4-ae42-be264be9610a', 'remarks', 'ext', null, '2013-01-12', null, '2013-01-12', false, 'schema_code', '0161ab70-8d65-4f74-bb96-5b9ded3e1da3', 'fe640b63-5501-44b0-9fb1-6bbd93c5e8e5', 1);
INSERT INTO t_employee_warehouse(id, remarks, ext, created_by, created_at, updated_by, updated_at, deleted, schema_code, employee_id, warehouse_id, version) VALUES ('86b34bc9-44c2-447e-9415-b4af0587275e', 'remarks', 'ext', null, '2013-01-12', null, '2013-01-12', false, 'schema_code', '3f3881dd-c292-4218-9fc8-e1dbdf4762a4', 'fe640b63-5501-44b0-9fb1-6bbd93c5e8e5', 1);
INSERT INTO t_employee_warehouse(id, remarks, ext, created_by, created_at, updated_by, updated_at, deleted, schema_code, employee_id, warehouse_id, version) VALUES ('edc18b5f-6166-4208-bc42-1ff7f62ea3e4', 'remarks', 'ext', null, '2013-01-12', null, '2013-01-12', false, 'schema_code', 'd2880194-6f96-4619-8414-bb0c6c23540b', 'fe640b63-5501-44b0-9fb1-6bbd93c5e8e5', 1);
INSERT INTO t_employee_warehouse(id, remarks, ext, created_by, created_at, updated_by, updated_at, deleted, schema_code, employee_id, warehouse_id, version) VALUES ('f2084675-4ff0-4ff0-9f31-a66fe62644cf', 'remarks', 'ext', null, '2013-01-12', null, '2013-01-12', false, 'schema_code', '03c18f4a-c806-46e2-ac07-5990e506a6d8', 'fe640b63-5501-44b0-9fb1-6bbd93c5e8e5', 1);
INSERT INTO t_employee_warehouse(id, remarks, ext, created_by, created_at, updated_by, updated_at, deleted, schema_code, employee_id, warehouse_id, version) VALUES ('c51744b4-70b4-4fd5-951e-8a2ba3254b3b', 'remarks', 'ext', null, '2013-01-12', null, '2013-01-12', false, 'schema_code', '27f84fac-ebf4-4b87-8c53-e402671df0d1', 'fe640b63-5501-44b0-9fb1-6bbd93c5e8e5', 1);
INSERT INTO t_employee_warehouse(id, remarks, ext, created_by, created_at, updated_by, updated_at, deleted, schema_code, employee_id, warehouse_id, version) VALUES ('7c7f8fb4-db29-4709-8e7c-b744f01f0193', 'remarks', 'ext', null, '2013-01-12', null, '2013-01-12', false, 'schema_code', '7474bc37-6e23-4302-b941-9b3da15327ca', 'fe640b63-5501-44b0-9fb1-6bbd93c5e8e5', 1);
INSERT INTO t_employee_warehouse(id, remarks, ext, created_by, created_at, updated_by, updated_at, deleted, schema_code, employee_id, warehouse_id, version) VALUES ('19e9ff01-cf54-4dbc-a3ac-50027ce09323', 'remarks', 'ext', null, '2013-01-12', null, '2013-01-12', false, 'schema_code', '1a073852-d1f8-4f39-b271-09b8e90e31d4', 'fe640b63-5501-44b0-9fb1-6bbd93c5e8e5', 1);

--user
INSERT INTO t_user(id, ext,  created_at, updated_at, deleted, name,  password_hash, locked, version) VALUES ('2adf213f-8255-4e5f-945a-1ba8de75e98c', '"email"=>"1050206141@qq.com"','2013-05-17 18:03:13.23',  '2013-05-17 18:03:13.23', false, 'admin', 'admin', false, 1);
INSERT INTO t_user(id, ext,  created_at, updated_at, deleted, name,  password_hash, locked, version) VALUES ('2adf213f-8255-4e5f-945a-1ba8de75e97c', '"email"=>"rumlik.fajar@wilmar.co.id"','2013-05-17 18:03:13.23',  '2013-05-17 18:03:13.23', false, 'Rumlik', 'admin', false, 1);
INSERT INTO t_user(id, ext,  created_at, updated_at, deleted, name,  password_hash, locked, version) VALUES ('2adf213f-8255-4e5f-945a-1ba8de75e96c', '"email"=>"jeprin.turnip@wilmar.co.id"','2013-05-17 18:03:13.23',  '2013-05-17 18:03:13.23', false, 'Jeprin', 'admin', false, 1);
INSERT INTO t_user(id, ext,  created_at, updated_at, deleted, name,  password_hash, locked, version) VALUES ('2adf213f-8255-4e5f-945a-1ba8de75e95c', '"email"=>"hotmaida.saragih@wilmar.co.id"','2013-05-17 18:03:13.23',  '2013-05-17 18:03:13.23', false, 'Hotmaida', 'admin', false, 1);
INSERT INTO t_user(id, ext,  created_at, updated_at, deleted, name,  password_hash, locked, version) VALUES ('2adf213f-8255-4e5f-945a-1ba8de75e94c', '"email"=>"lusiana.handayani@wilmar.co.id"','2013-05-17 18:03:13.23',  '2013-05-17 18:03:13.23', false, 'Lusiana', 'admin', false, 1);
INSERT INTO t_user(id, ext,  created_at, updated_at, deleted, name,  password_hash, locked, version) VALUES ('2adf213f-8255-4e5f-945a-1ba8de75e93c', '"email"=>"aswin.nasution@wilmar.co.id"','2013-05-17 18:03:13.23',  '2013-05-17 18:03:13.23', false, 'Sugiharto', 'admin', false, 1);
INSERT INTO t_user(id, ext,  created_at, updated_at, deleted, name,  password_hash, locked, version) VALUES ('2adf213f-8255-4e5f-945a-1ba8de75e92c', '"email"=>"deni.iwansastro@wilmar.co.id"','2013-05-17 18:03:13.23',  '2013-05-17 18:03:13.23', false, 'Leader Plant', 'admin', false, 1);

--business_user
INSERT INTO t_business_user(id, created_at, updated_at, deleted, user_id, business_id, locked, version) VALUES ('12264114-a2fa-47af-bb30-15e170ce0874','2013-05-17 18:03:13.23',  '2013-05-17 18:03:13.23', false,'2adf213f-8255-4e5f-945a-1ba8de75e98c', '427d7814-881e-4a5e-9b52-38f404481e35', False, 1);   
INSERT INTO t_business_user(id, created_at, updated_at, deleted, user_id, business_id, locked, version) VALUES ('12264114-a2fa-47af-bb30-15e170ce0877','2013-05-17 18:03:13.23',  '2013-05-17 18:03:13.23', false,'2adf213f-8255-4e5f-945a-1ba8de75e97c', '427d7814-881e-4a5e-9b52-38f404481e35', False, 1);  
INSERT INTO t_business_user(id, created_at, updated_at, deleted, user_id, business_id, locked, version) VALUES ('12264114-a2fa-47af-bb30-15e170ce0876','2013-05-17 18:03:13.23',  '2013-05-17 18:03:13.23', false,'2adf213f-8255-4e5f-945a-1ba8de75e96c', '427d7814-881e-4a5e-9b52-38f404481e35', False, 1); 
INSERT INTO t_business_user(id, created_at, updated_at, deleted, user_id, business_id, locked, version) VALUES ('12264114-a2fa-47af-bb30-15e170ce0875','2013-05-17 18:03:13.23',  '2013-05-17 18:03:13.23', false,'2adf213f-8255-4e5f-945a-1ba8de75e95c', '427d7814-881e-4a5e-9b52-38f404481e35', False, 1);   
INSERT INTO t_business_user(id, created_at, updated_at, deleted, user_id, business_id, locked, version) VALUES ('12264114-a2fa-47af-bb30-15e170ce0872','2013-05-17 18:03:13.23',  '2013-05-17 18:03:13.23', false,'2adf213f-8255-4e5f-945a-1ba8de75e94c', '427d7814-881e-4a5e-9b52-38f404481e35', False, 1);  
INSERT INTO t_business_user(id, created_at, updated_at, deleted, user_id, business_id, locked, version) VALUES ('12264114-a2fa-47af-bb30-15e170ce0873','2013-05-17 18:03:13.23',  '2013-05-17 18:03:13.23', false,'2adf213f-8255-4e5f-945a-1ba8de75e93c', '427d7814-881e-4a5e-9b52-38f404481e35', False, 1);  
INSERT INTO t_business_user(id, created_at, updated_at, deleted, user_id, business_id, locked, version) VALUES ('12264114-a2fa-47af-bb30-15e170ce0871','2013-05-17 18:03:13.23',  '2013-05-17 18:03:13.23', false,'2adf213f-8255-4e5f-945a-1ba8de75e92c', '427d7814-881e-4a5e-9b52-38f404481e35', False, 1); 

--user_warehouse
INSERT INTO t_user_warehouse(id, created_at, updated_at, deleted, user_id, warehouse_id, version) VALUES ('949cfc4d-defc-45bb-9afb-84c6c0748bfd', '2013-05-17 18:03:13.365', '2013-05-17 18:03:13.365', FALSE,  '2adf213f-8255-4e5f-945a-1ba8de75e98c', 'fe640b63-5501-44b0-9fb1-6bbd93c5e8e5','1');  
INSERT INTO t_user_warehouse(id, created_at, updated_at, deleted, user_id, warehouse_id, version) VALUES ('949cfc4d-defc-45bb-9afb-84c6c0741bfd', '2013-05-17 18:03:13.365', '2013-05-17 18:03:13.365', FALSE,  '2adf213f-8255-4e5f-945a-1ba8de75e97c', 'fe640b63-5501-44b0-9fb1-6bbd93c5e8e5','1'); 
INSERT INTO t_user_warehouse(id, created_at, updated_at, deleted, user_id, warehouse_id, version) VALUES ('949cfc4d-defc-45bb-9afb-84c6c0742bfd', '2013-05-17 18:03:13.365', '2013-05-17 18:03:13.365', FALSE,  '2adf213f-8255-4e5f-945a-1ba8de75e96c', 'fe640b63-5501-44b0-9fb1-6bbd93c5e8e5','1');  
INSERT INTO t_user_warehouse(id, created_at, updated_at, deleted, user_id, warehouse_id, version) VALUES ('949cfc4d-defc-45bb-9afb-84c6c0743bfd', '2013-05-17 18:03:13.365', '2013-05-17 18:03:13.365', FALSE,  '2adf213f-8255-4e5f-945a-1ba8de75e95c', 'fe640b63-5501-44b0-9fb1-6bbd93c5e8e5','1'); 
INSERT INTO t_user_warehouse(id, created_at, updated_at, deleted, user_id, warehouse_id, version) VALUES ('949cfc4d-defc-45bb-9afb-84c6c0744bfd', '2013-05-17 18:03:13.365', '2013-05-17 18:03:13.365', FALSE,  '2adf213f-8255-4e5f-945a-1ba8de75e94c', 'fe640b63-5501-44b0-9fb1-6bbd93c5e8e5','1');  
INSERT INTO t_user_warehouse(id, created_at, updated_at, deleted, user_id, warehouse_id, version) VALUES ('949cfc4d-defc-45bb-9afb-84c6c0745bfd', '2013-05-17 18:03:13.365', '2013-05-17 18:03:13.365', FALSE,  '2adf213f-8255-4e5f-945a-1ba8de75e93c', 'fe640b63-5501-44b0-9fb1-6bbd93c5e8e5','1'); 
INSERT INTO t_user_warehouse(id, created_at, updated_at, deleted, user_id, warehouse_id, version) VALUES ('949cfc4d-defc-45bb-9afb-84c6c0746bfd', '2013-05-17 18:03:13.365', '2013-05-17 18:03:13.365', FALSE,  '2adf213f-8255-4e5f-945a-1ba8de75e92c', 'fe640b63-5501-44b0-9fb1-6bbd93c5e8e5','1');  

--t_role
INSERT INTO t_role(id,remarks,ext,created_by ,created_at ,updated_by ,updated_at ,deleted,schema_code,name_key,version) VALUES('2ff6131b-a4dc-441c-a8ce-ad4e15ae8ebf',null,null,null,'2013-06-13',NULL,'2013-06-13',FALSE,NULL,'Admin',1);    
INSERT INTO t_role(id,remarks,ext,created_by ,created_at ,updated_by ,updated_at ,deleted,schema_code,name_key,version) VALUES('22f6131b-a4dc-441c-a8ce-ad4ec5ae8ebf',null,null,null,'2013-06-13',NULL,'2013-06-13',FALSE,NULL,'Supervisor',1); 
INSERT INTO t_role(id,remarks,ext,created_by ,created_at ,updated_by ,updated_at ,deleted,schema_code,name_key,version) VALUES('2f36131b-a4dc-441c-a8ce-ad4ec5ae8ebf',null,null,null,'2013-06-13',NULL,'2013-06-13',FALSE,NULL,'PA Worker',1); 
INSERT INTO t_role(id,remarks,ext,created_by ,created_at ,updated_by ,updated_at ,deleted,schema_code,name_key,version) VALUES('2f46131b-a4dc-441c-a8ce-ad4ec5ae8ebf',null,null,null,'2013-06-13',NULL,'2013-06-13',FALSE,NULL,'Leader Shift',1); 
INSERT INTO t_role(id,remarks,ext,created_by ,created_at ,updated_by ,updated_at ,deleted,schema_code,name_key,version) VALUES('2f56131b-a4dc-441c-a8ce-ad4ec5ae8ebf',null,null,null,'2013-06-13',NULL,'2013-06-13',FALSE,NULL,'Forklift Driver',1); 
INSERT INTO t_role(id,remarks,ext,created_by ,created_at ,updated_by ,updated_at ,deleted,schema_code,name_key,version) VALUES('2ff6131b-a4dc-441c-a8ce-ad42c5ae8ebf',null,null,null,'2013-06-13',NULL,'2013-06-13',FALSE,NULL,'Tally Man',1); 

--t_role_menu
INSERT INTO t_role_menu(id, remarks, ext, created_by, created_at, updated_by, updated_at,deleted, schema_code, role_id, summary, version) VALUES ('2ff6131b-a4dc-441c-a8ce-ad4115ae8ebf',null,null,null,'2013-06-13',null,'2013-06-13',FALSE,null,'2ff6131b-a4dc-441c-a8ce-ad4e15ae8ebf','7ffdfffbff',1);--111111111111101111111111111101111111111-->
INSERT INTO t_role_menu(id, remarks, ext, created_by, created_at, updated_by, updated_at,deleted, schema_code, role_id, summary, version) VALUES ('2ff6131b-a4dc-441c-a8ce-ad4e25ae8ebf',null,null,null,'2013-06-13',null,'2013-06-13',FALSE,null,'22f6131b-a4dc-441c-a8ce-ad4ec5ae8ebf','7ffdc078bf',1);--111111111111101110000000111100010111111 -->
INSERT INTO t_role_menu(id, remarks, ext, created_by, created_at, updated_by, updated_at,deleted, schema_code, role_id, summary, version) VALUES ('2ff6131b-a4dc-441c-a8ce-ad4e35ae8ebf',null,null,null,'2013-06-13',null,'2013-06-13',FALSE,null,'2f36131b-a4dc-441c-a8ce-ad4ec5ae8ebf','0',1);        -- 111111111111111111111111111111111111111
INSERT INTO t_role_menu(id, remarks, ext, created_by, created_at, updated_by, updated_at,deleted, schema_code, role_id, summary, version) VALUES ('2ff6131b-a4dc-441c-a8ce-ad44c5ae8ebf',null,null,null,'2013-06-13',null,'2013-06-13',FALSE,null,'2f46131b-a4dc-441c-a8ce-ad4ec5ae8ebf','5fbdc078bf',1);--101111110111101110000000111100010111111 -->
INSERT INTO t_role_menu(id, remarks, ext, created_by, created_at, updated_by, updated_at,deleted, schema_code, role_id, summary, version) VALUES ('2ff6131b-a4dc-441c-a8ce-ad45c5ae8ebf',null,null,null,'2013-06-13',null,'2013-06-13',FALSE,null,'2f56131b-a4dc-441c-a8ce-ad4ec5ae8ebf','0',1);
INSERT INTO t_role_menu(id, remarks, ext, created_by, created_at, updated_by, updated_at,deleted, schema_code, role_id, summary, version) VALUES ('2ff6131b-a4dc-441c-a8ce-ad48c5ae8ebf',null,null,null,'2013-06-13',null,'2013-06-13',FALSE,null,'2ff6131b-a4dc-441c-a8ce-ad42c5ae8ebf','0',1);

--business_user_role
INSERT INTO t_business_user_role(id, created_at, updated_at, deleted, business_user_id,role_id, version) VALUES ('02ec138b-b27e-48d0-a6d9-5542e9d5169f','2013-05-17 18:03:13.23',  '2013-05-17 18:03:13.23', false,'12264114-a2fa-47af-bb30-15e170ce0874','2ff6131b-a4dc-441c-a8ce-ad4e15ae8ebf', 1);   
INSERT INTO t_business_user_role(id, created_at, updated_at, deleted, business_user_id, version) VALUES ('02ec138b-b27e-48d0-a6d9-5542e9d5168f','2013-05-17 18:03:13.23',  '2013-05-17 18:03:13.23', false,'12264114-a2fa-47af-bb30-15e170ce0871', 1);   
INSERT INTO t_business_user_role(id, created_at, updated_at, deleted, business_user_id, version) VALUES ('02ec138b-b27e-48d0-a6d9-5542e9d5167f','2013-05-17 18:03:13.23',  '2013-05-17 18:03:13.23', false,'12264114-a2fa-47af-bb30-15e170ce0872', 1);   
INSERT INTO t_business_user_role(id, created_at, updated_at, deleted, business_user_id, version) VALUES ('02ec138b-b27e-48d0-a6d9-5542e9d5166f','2013-05-17 18:03:13.23',  '2013-05-17 18:03:13.23', false,'12264114-a2fa-47af-bb30-15e170ce0873', 1);   
INSERT INTO t_business_user_role(id, created_at, updated_at, deleted, business_user_id, version) VALUES ('02ec138b-b27e-48d0-a6d9-5542e9d5165f','2013-05-17 18:03:13.23',  '2013-05-17 18:03:13.23', false,'12264114-a2fa-47af-bb30-15e170ce0875', 1);   
INSERT INTO t_business_user_role(id, created_at, updated_at, deleted, business_user_id, version) VALUES ('02ec138b-b27e-48d0-a6d9-5542e9d5164f','2013-05-17 18:03:13.23',  '2013-05-17 18:03:13.23', false,'12264114-a2fa-47af-bb30-15e170ce0876', 1);   
INSERT INTO t_business_user_role(id, created_at, updated_at, deleted, business_user_id, version) VALUES ('02ec138b-b27e-48d0-a6d9-5542e9d5163f','2013-05-17 18:03:13.23',  '2013-05-17 18:03:13.23', false,'12264114-a2fa-47af-bb30-15e170ce0877', 1);

--t_menu_set
INSERT INTO t_menu_set(id, remarks, ext, created_by, created_at, updated_by, updated_at, deleted, schema_code, parent_id, name_key, sort_no, version) VALUES ('05ea566f-4ab6-1250-70da-da03f34c1ffc', '', '', null, '2013-06-06 10:43:04.974', null, '2013-06-06 10:43:04.974', false, '', null, 'Goods Receive', 0, 0);
INSERT INTO t_menu_set(id, remarks, ext, created_by, created_at, updated_by, updated_at, deleted, schema_code, parent_id, name_key, sort_no, version) VALUES ('db422e03-4bbf-a311-ce2d-195c47818244', '', '', null, '2013-06-06 10:43:04.974', null, '2013-06-06 10:43:04.974', false, '', null, 'Goods Transfer', 0, 0);
INSERT INTO t_menu_set(id, remarks, ext, created_by, created_at, updated_by, updated_at, deleted, schema_code, parent_id, name_key, sort_no, version) VALUES ('60a55ddb-39c6-7d21-0765-528f6bdf00c4', '', '', null, '2013-06-06 10:43:04.974', null, '2013-06-06 10:43:04.974', false, '', null, 'Goods Issue', 0, 0);
INSERT INTO t_menu_set(id, remarks, ext, created_by, created_at, updated_by, updated_at, deleted, schema_code, parent_id, name_key, sort_no, version) VALUES ('ef202598-08aa-5535-9ad1-8580aed4eb44', '', '', null, '2013-06-06 10:43:04.974', null, '2013-06-06 10:43:04.974', false, '', null, 'Auxiliary', 0, 0);
INSERT INTO t_menu_set(id, remarks, ext, created_by, created_at, updated_by, updated_at, deleted, schema_code, parent_id, name_key, sort_no, version) VALUES ('d0e9cbf8-43d6-f51c-1a3a-1af654d5db8a', '', '', null, '2013-06-06 10:43:04.974', null, '2013-06-06 10:43:04.974', false, '', null, 'Report', 0, 0);
INSERT INTO t_menu_set(id, remarks, ext, created_by, created_at, updated_by, updated_at, deleted, schema_code, parent_id, name_key, sort_no, version) VALUES ('61dfd9de-0f58-d47f-4ef3-26a571de16d4', '', '', null, '2013-06-06 10:43:04.974', null, '2013-06-06 10:43:04.974', false, '', null, 'SetUp', 0, 0);
INSERT INTO t_menu_set(id, remarks, ext, created_by, created_at, updated_by, updated_at, deleted, schema_code, parent_id, name_key, sort_no, version) VALUES ('dfa19786-f8e9-a715-e75a-433c12959a12', '', '', null, '2013-06-06 10:43:04.974', null, '2013-06-06 10:43:04.974', false, '', null, 'Display', 0, 0);

--menu
INSERT INTO t_menu(id, remarks, ext, created_by, created_at, updated_by, updated_at, deleted, schema_code, menu_set_id, index, name_key, uri, sort_no, version) VALUES ('6717dec5-8068-f624-4a38-7653d903f336', null, null, null, '2013-06-06 10:43:04.974', null, '2013-06-06 10:43:04.974', true, null, null, 0, 'Home', '/', 0, 0);
INSERT INTO t_menu(id, remarks, ext, created_by, created_at, updated_by, updated_at, deleted, schema_code, menu_set_id, index, name_key, uri, sort_no, version) VALUES ('6717dec5-8068-f624-4a38-7653d903f337', null, null, null, '2013-06-06 10:43:04.974', null, '2013-06-06 10:43:04.974', false, null, '05ea566f-4ab6-1250-70da-da03f34c1ffc', 1, 'PI Management', '/inbound/pi', 0, 0);
INSERT INTO t_menu(id, remarks, ext, created_by, created_at, updated_by, updated_at, deleted, schema_code, menu_set_id, index, name_key, uri, sort_no, version) VALUES ('6717dec5-8068-f624-4a38-7653d903f338', null, null, null, '2013-06-06 10:43:04.974', null, '2013-06-06 10:43:04.974', false, null, '05ea566f-4ab6-1250-70da-da03f34c1ffc', 2, 'Goods Receive', '/inbound/planmanagement', 0, 0);
INSERT INTO t_menu(id, remarks, ext, created_by, created_at, updated_by, updated_at, deleted, schema_code, menu_set_id, index, name_key, uri, sort_no, version) VALUES ('6717dec5-8068-f624-4a38-7653d903f339', null, null, null, '2013-06-06 10:43:04.974', null, '2013-06-06 10:43:04.974', false, null, '05ea566f-4ab6-1250-70da-da03f34c1ffc', 3, 'Receive Execution', '/inbound/executionmanagement', 0, 0);
INSERT INTO t_menu(id, remarks, ext, created_by, created_at, updated_by, updated_at, deleted, schema_code, menu_set_id, index, name_key, uri, sort_no, version) VALUES ('6717dec5-8068-f624-4a38-7653d903f330', null, null, null, '2013-06-06 10:43:04.974', null, '2013-06-06 10:43:04.974', false, null, 'db422e03-4bbf-a311-ce2d-195c47818244', 4, 'Transfer Plan', '/transfer/transferplan', 0, 0);
INSERT INTO t_menu(id, remarks, ext, created_by, created_at, updated_by, updated_at, deleted, schema_code, menu_set_id, index, name_key, uri, sort_no, version) VALUES ('6717dec5-8068-f624-4a38-7653d903f316', null, null, null, '2013-06-06 10:43:04.974', null, '2013-06-06 10:43:04.974', false, null, 'db422e03-4bbf-a311-ce2d-195c47818244', 5, 'Transfer Execution', '/transfer/goodstransfer', 0, 0);
INSERT INTO t_menu(id, remarks, ext, created_by, created_at, updated_by, updated_at, deleted, schema_code, menu_set_id, index, name_key, uri, sort_no, version) VALUES ('6717dec5-8068-f624-4a38-7653d903f326', null, null, null, '2013-06-06 10:43:04.974', null, '2013-06-06 10:43:04.974', false, null, '60a55ddb-39c6-7d21-0765-528f6bdf00c4', 6, 'CargoPlan Management', '/outbound/cargoplan', 0, 0);
INSERT INTO t_menu(id, remarks, ext, created_by, created_at, updated_by, updated_at, deleted, schema_code, menu_set_id, index, name_key, uri, sort_no, version) VALUES ('6717dec5-8068-f624-4a38-7653d903f346', null, null, null, '2013-06-06 10:43:04.974', null, '2013-06-06 10:43:04.974', false, null, '60a55ddb-39c6-7d21-0765-528f6bdf00c4', 7, 'Stuffing Execution', '/outbound/goodsStuffing', 0, 0);
INSERT INTO t_menu(id, remarks, ext, created_by, created_at, updated_by, updated_at, deleted, schema_code, menu_set_id, index, name_key, uri, sort_no, version) VALUES ('6717dec5-8068-f624-4a38-7653d903f356', null, null, null, '2013-06-06 10:43:04.974', null, '2013-06-06 10:43:04.974', false, null, 'ef202598-08aa-5535-9ad1-8580aed4eb44', 8, 'Stock Adjust Qty', '/adjustment/stockadjust', 0, 0);
INSERT INTO t_menu(id, remarks, ext, created_by, created_at, updated_by, updated_at, deleted, schema_code, menu_set_id, index, name_key, uri, sort_no, version) VALUES ('6717dec5-8068-f624-4a38-7653d903f366', null, null, null, '2013-06-06 10:43:04.974', null, '2013-06-06 10:43:04.974', false, null, 'ef202598-08aa-5535-9ad1-8580aed4eb44', 9, 'Stock Count', '/stockcount/StockCount', 0, 0);
INSERT INTO t_menu(id, remarks, ext, created_by, created_at, updated_by, updated_at, deleted, schema_code, menu_set_id, index, name_key, uri, sort_no, version) VALUES ('6717dec5-8068-f624-4a38-7653d903f376', null, null, null, '2013-06-06 10:43:04.974', null, '2013-06-06 10:43:04.974', false, null, 'ef202598-08aa-5535-9ad1-8580aed4eb44', 10, 'Pallet Arrangement', '/arrangement/palletarrangement', 0, 0);
INSERT INTO t_menu(id, remarks, ext, created_by, created_at, updated_by, updated_at, deleted, schema_code, menu_set_id, index, name_key, uri, sort_no, version) VALUES ('6717dec5-8068-f624-4a38-7653d903f386', null, null, null, '2013-06-06 10:43:04.974', null, '2013-06-06 10:43:04.974', false, null, 'd0e9cbf8-43d6-f51c-1a3a-1af654d5db8a', 11, 'Transaction Query', '/query/TransactionQuery', 0, 0);
INSERT INTO t_menu(id, remarks, ext, created_by, created_at, updated_by, updated_at, deleted, schema_code, menu_set_id, index, name_key, uri, sort_no, version) VALUES ('6717dec5-8068-f624-4a38-7653d903f396', null, null, null, '2013-06-06 10:43:04.974', null, '2013-06-06 10:43:04.974', false, null, 'd0e9cbf8-43d6-f51c-1a3a-1af654d5db8a', 12, 'Warehouse Query', '/query/WarehouseQuery', 0, 0);
INSERT INTO t_menu(id, remarks, ext, created_by, created_at, updated_by, updated_at, deleted, schema_code, menu_set_id, index, name_key, uri, sort_no, version) VALUES ('6717dec5-8068-f624-4a38-7653d903f136', null, null, null, '2013-06-06 10:43:04.974', null, '2013-06-06 10:43:04.974', false, null, 'd0e9cbf8-43d6-f51c-1a3a-1af654d5db8a', 13, 'Production Schedule', '/report/productionSchedule', 0, 0);
INSERT INTO t_menu(id, remarks, ext, created_by, created_at, updated_by, updated_at, deleted, schema_code, menu_set_id, index, name_key, uri, sort_no, version) VALUES ('6717dec5-8068-f624-4a38-7653d903f236', null, null, null, '2013-06-06 10:43:04.974', null, '2013-06-06 10:43:04.974', false, null, 'd0e9cbf8-43d6-f51c-1a3a-1af654d5db8a', 14, 'Tempering Room', '/report/temperingroom', 0, 0);
--INSERT INTO t_menu(id, remarks, ext, created_by, created_at, updated_by, updated_at, deleted, schema_code, menu_set_id, index, name_key, uri, sort_no, version) VALUES ('6717dec5-8068-f624-4a38-7653d903f436', null, null, null, '2013-06-06 10:43:04.974', null, '2013-06-06 10:43:04.974', false, null, 'd0e9cbf8-43d6-f51c-1a3a-1af654d5db8a', 15, 'Stuffing Recapitulation', '/report/stuffingrecapitulation', 0, 0);
INSERT INTO t_menu(id, remarks, ext, created_by, created_at, updated_by, updated_at, deleted, schema_code, menu_set_id, index, name_key, uri, sort_no, version) VALUES ('6717dec5-8068-f624-4a38-7653d903f436', null, null, null, '2013-06-06 10:43:04.974', null, '2013-06-06 10:43:04.974', false, null, 'd0e9cbf8-43d6-f51c-1a3a-1af654d5db8a', 15, 'PI Status Report', '/report/statusReport', 0, 0);
INSERT INTO t_menu(id, remarks, ext, created_by, created_at, updated_by, updated_at, deleted, schema_code, menu_set_id, index, name_key, uri, sort_no, version) VALUES ('6717dec5-8068-f624-4a38-7653d903f536', null, null, null, '2013-06-06 10:43:04.974', null, '2013-06-06 10:43:04.974', false, null, 'd0e9cbf8-43d6-f51c-1a3a-1af654d5db8a', 16, 'Pack Product Stock', '/report/packProductStock', 0, 0);
INSERT INTO t_menu(id, remarks, ext, created_by, created_at, updated_by, updated_at, deleted, schema_code, menu_set_id, index, name_key, uri, sort_no, version) VALUES ('6717dec5-8068-f624-4a38-7653d903f636', null, null, null, '2013-06-06 10:43:04.974', null, '2013-06-06 10:43:04.974', false, null, '61dfd9de-0f58-d47f-4ef3-26a571de16d4', 17, 'Warehouse Setup', '/setup/warehouse', 0, 0);
INSERT INTO t_menu(id, remarks, ext, created_by, created_at, updated_by, updated_at, deleted, schema_code, menu_set_id, index, name_key, uri, sort_no, version) VALUES ('6717dec5-8068-f624-4a38-7653d903f736', null, null, null, '2013-06-06 10:43:04.974', null, '2013-06-06 10:43:04.974', false, null, '61dfd9de-0f58-d47f-4ef3-26a571de16d4', 18, 'Material Setup', '/setup/materialMaster', 0, 0);
INSERT INTO t_menu(id, remarks, ext, created_by, created_at, updated_by, updated_at, deleted, schema_code, menu_set_id, index, name_key, uri, sort_no, version) VALUES ('6717dec5-8068-f624-4a38-7653d903f836', null, null, null, '2013-06-06 10:43:04.974', null, '2013-06-06 10:43:04.974', true, null, '61dfd9de-0f58-d47f-4ef3-26a571de16d4', 19, 'Code Setup', '/setup/code', 0, 0);
INSERT INTO t_menu(id, remarks, ext, created_by, created_at, updated_by, updated_at, deleted, schema_code, menu_set_id, index, name_key, uri, sort_no, version) VALUES ('6717dec5-8068-f624-4a38-7653d903f936', null, null, null, '2013-06-06 10:43:04.974', null, '2013-06-06 10:43:04.974', true, null, '61dfd9de-0f58-d47f-4ef3-26a571de16d4', 20, 'Paramter Setup', '/setup/config', 0, 0);
INSERT INTO t_menu(id, remarks, ext, created_by, created_at, updated_by, updated_at, deleted, schema_code, menu_set_id, index, name_key, uri, sort_no, version) VALUES ('6717dec5-8068-f624-4a38-7653d901f336', null, null, null, '2013-06-06 10:43:04.974', null, '2013-06-06 10:43:04.974', true, null, '61dfd9de-0f58-d47f-4ef3-26a571de16d4', 21, 'Sequence Setup', '/setup/sequence', 0, 0);
INSERT INTO t_menu(id, remarks, ext, created_by, created_at, updated_by, updated_at, deleted, schema_code, menu_set_id, index, name_key, uri, sort_no, version) VALUES ('6717dec5-8068-f624-4a38-7653d902f336', null, null, null, '2013-06-06 10:43:04.974', null, '2013-06-06 10:43:04.974', false, null, '61dfd9de-0f58-d47f-4ef3-26a571de16d4', 22, 'Employee Setup', '/setup/employee', 0, 0);
INSERT INTO t_menu(id, remarks, ext, created_by, created_at, updated_by, updated_at, deleted, schema_code, menu_set_id, index, name_key, uri, sort_no, version) VALUES ('6717dec5-8068-f624-4a38-7653d904f336', null, null, null, '2013-06-06 10:43:04.974', null, '2013-06-06 10:43:04.974', false, null, '61dfd9de-0f58-d47f-4ef3-26a571de16d4', 23, 'User Setup', '/setup/user', 0, 0);
INSERT INTO t_menu(id, remarks, ext, created_by, created_at, updated_by, updated_at, deleted, schema_code, menu_set_id, index, name_key, uri, sort_no, version) VALUES ('6717dec5-8068-f624-4a38-7653d905f337', null, null, null, '2013-06-06 10:43:04.974', null, '2013-06-06 10:43:04.974', false, null, 'dfa19786-f8e9-a715-e75a-433c12959a12', 24, 'LED Display Receiving', '/display/receiving', 0, 0);
INSERT INTO t_menu(id, remarks, ext, created_by, created_at, updated_by, updated_at, deleted, schema_code, menu_set_id, index, name_key, uri, sort_no, version) VALUES ('6717dec5-8068-f624-4a38-7653d905f336', null, null, null, '2013-06-06 10:43:04.974', null, '2013-06-06 10:43:04.974', false, null, 'dfa19786-f8e9-a715-e75a-433c12959a12', 25, 'LED Display Stuffing', '/display/stuffing', 0, 0);
INSERT INTO t_menu(id, remarks, ext, created_by, created_at, updated_by, updated_at, deleted, schema_code, menu_set_id, index, name_key, uri, sort_no, version) VALUES ('78872787-8bb8-4d87-990a-ed1f36947ef2', null, null, null, '2013-06-06 10:43:04.974', null, '2013-06-06 10:43:04.974', false, null, 'ef202598-08aa-5535-9ad1-8580aed4eb44', 26, 'Stock Adjust Location', '/adjustment/stockadjustlocation', 0, 0);
INSERT INTO t_menu(id, remarks, ext, created_by, created_at, updated_by, updated_at, deleted, schema_code, menu_set_id, index, name_key, uri, sort_no, version) VALUES ('6717dec5-8068-f624-4a38-7653d903f367', null, null, null, '2013-06-06 10:43:04.974', null, '2013-06-06 10:43:04.974', false, null, 'ef202598-08aa-5535-9ad1-8580aed4eb44', 27, 'Stock Query', '/stockcount/StockQuery', 0, 0);
INSERT INTO t_menu(id, remarks, ext, created_by, created_at, updated_by, updated_at, deleted, schema_code, menu_set_id, index, name_key, uri, sort_no, version) VALUES ('6717dec5-8068-f624-4a38-7653d903f537', null, null, null, '2013-06-06 10:43:04.974', null, '2013-06-06 10:43:04.974', false, null, 'd0e9cbf8-43d6-f51c-1a3a-1af654d5db8a', 28, 'Stuffing For Planning', '/report/stuffingForPlanning', 0, 0);
INSERT INTO t_menu(id, remarks, ext, created_by, created_at, updated_by, updated_at, deleted, schema_code, menu_set_id, index, name_key, uri, sort_no, version) VALUES ('6717dec5-8068-f624-4a38-7653d903f317', null, null, null, '2013-06-06 10:43:04.974', null, '2013-06-06 10:43:04.974', false, null, 'ef202598-08aa-5535-9ad1-8580aed4eb44', 29, 'Direct Goods Issue', '/auxilliary/DirectGoodsIssue', 0, 0);
INSERT INTO t_menu(id, remarks, ext, created_by, created_at, updated_by, updated_at, deleted, schema_code, menu_set_id, index, name_key, uri, sort_no, version) VALUES ('6717dec5-8068-f624-4a38-7653d903f318', null, null, null, '2013-06-06 10:43:04.974', null, '2013-06-06 10:43:04.974', false, null, 'ef202598-08aa-5535-9ad1-8580aed4eb44', 30, 'Direct PI Transfer', '/transfer/directpitransfer', 0, 0);
INSERT INTO t_menu(id, remarks, ext, created_by, created_at, updated_by, updated_at, deleted, schema_code, menu_set_id, index, name_key, uri, sort_no, version) VALUES ('aa0e4add-e7d8-477d-920a-ec17a7599fbd', null, null, null, '2013-06-06 10:43:04.974', null, '2013-06-06 10:43:04.974', false, null, '05ea566f-4ab6-1250-70da-da03f34c1ffc', 31, 'Receive From Return', '/inbound/receiveFromReturn', 0, 0);
INSERT INTO t_menu(id, remarks, ext, created_by, created_at, updated_by, updated_at, deleted, schema_code, menu_set_id, index, name_key, uri, sort_no, version) VALUES ('6717dec5-8068-f624-4a38-7653d903f319', null, null, null, '2013-06-06 10:43:04.974', null, '2013-06-06 10:43:04.974', false, null, 'ef202598-08aa-5535-9ad1-8580aed4eb44', 32, 'Direct Goods Receive', '/inbound/dgreceive/list', 0, 0);
INSERT INTO t_menu(id, remarks, ext, created_by, created_at, updated_by, updated_at, deleted, schema_code, menu_set_id, index, name_key, uri, sort_no, version) VALUES ('72a6a8e3-af9a-49fd-8299-11e419a890e4', null, null, null, '2013-06-06 10:43:04.974', null, '2013-06-06 10:43:04.974', false, null, 'd0e9cbf8-43d6-f51c-1a3a-1af654d5db8a', 33, 'Pack Product Report', '/report/packproductdetails', 0, 0);
INSERT INTO t_menu(id, remarks, ext, created_by, created_at, updated_by, updated_at, deleted, schema_code, menu_set_id, index, name_key, uri, sort_no, version) VALUES ('6717dec5-8068-f624-4a38-7653d903f538', null, null, null, '2013-06-06 10:43:04.974', null, '2013-06-06 10:43:04.974', false, null, 'd0e9cbf8-43d6-f51c-1a3a-1af654d5db8a', 34, 'Tempring Control Report', '/report/TemperingReport', 0, 0);
INSERT INTO t_menu(id, remarks, ext, created_by, created_at, updated_by, updated_at, deleted, schema_code, menu_set_id, index, name_key, uri, sort_no, version) VALUES ('165be8e4-7ebd-42f1-82b9-e90b00096e32', null, null, null, '2013-06-06 10:43:04.974', null, '2013-06-06 10:43:04.974', false, null, 'd0e9cbf8-43d6-f51c-1a3a-1af654d5db8a', 35, 'Goods Transfer Details', '/report/goodstransferdetails', 0, 0);
INSERT INTO t_menu(id, remarks, ext, created_by, created_at, updated_by, updated_at, deleted, schema_code, menu_set_id, index, name_key, uri, sort_no, version) VALUES ('6717dec5-8068-f624-4a38-7653d9032f36', null, null, null, '2013-06-06 10:43:04.974', null, '2013-06-06 10:43:04.974', false, null, 'd0e9cbf8-43d6-f51c-1a3a-1af654d5db8a', 36, 'Goods Receive Details', '/report/receiveReport', 0, 0);
INSERT INTO t_menu(id, remarks, ext, created_by, created_at, updated_by, updated_at, deleted, schema_code, menu_set_id, index, name_key, uri, sort_no, version) VALUES ('6717dec5-8068-f624-4b38-7653d9012f36', null, null, null, '2013-06-06 10:43:04.974', null, '2013-06-06 10:43:04.974', false, null, 'd0e9cbf8-43d6-f51c-1a3a-1af654d5db8a', 37, 'Pending Goods Receive Execution', '/report/pendingReceiveReport', 0, 0);
INSERT INTO t_menu(id, remarks, ext, created_by, created_at, updated_by, updated_at, deleted, schema_code, menu_set_id, index, name_key, uri, sort_no, version) VALUES ('6717dec5-8068-f624-4c38-7653d9012f36', null, null, null, '2013-06-06 10:43:04.974', null, '2013-06-06 10:43:04.974', false, null, 'd0e9cbf8-43d6-f51c-1a3a-1af654d5db8a', 38, 'Stock Movement Report', '/report/stockMovement', 0, 0);
--code_cate
INSERT INTO t_code_cat (id, remarks, ext, created_by, created_at, updated_by, updated_at, deleted, schema_code, business_id, company_id, warehouse_id, cat_level, cat_key, name_key, sys_code_cat, version) VALUES ('c1325966-c682-48d4-a691-5960ec9af6c5', NULL, NULL, NULL, '2013-06-06 10:43:04.908', NULL, '2013-06-06 10:43:04.908', false, NULL, '427d7814-881e-4a5e-9b52-38f404481e35', 'e500b748-a38c-4fa1-9675-b569dcbde851', 'fe640b63-5501-44b0-9fb1-6bbd93c5e8e5', NULL, 'TRANSACTION_CODE', 'TRANSACTION_CODE', false, 1);
INSERT INTO t_code_cat (id, remarks, ext, created_by, created_at, updated_by, updated_at, deleted, schema_code, business_id, company_id, warehouse_id, cat_level, cat_key, name_key, sys_code_cat, version) VALUES ('11336d8d-c669-44d8-9067-2e24aecd0ff6', NULL, NULL, NULL, '2013-06-06 10:43:05.040', NULL, '2013-06-06 10:43:05.040', false, NULL, '427d7814-881e-4a5e-9b52-38f404481e35', 'e500b748-a38c-4fa1-9675-b569dcbde851', 'fe640b63-5501-44b0-9fb1-6bbd93c5e8e5', NULL, 'ORDER_STATUS', 'ORDER_STATUS', false, 1);
INSERT INTO t_code_cat (id, remarks, ext, created_by, created_at, updated_by, updated_at, deleted, schema_code, business_id, company_id, warehouse_id, cat_level, cat_key, name_key, sys_code_cat, version) VALUES ('6e083ed1-6af4-49f7-9587-de987e28bb63', NULL, NULL, NULL, '2013-06-06 10:43:05.054', NULL, '2013-06-06 10:43:05.054', false, NULL, '427d7814-881e-4a5e-9b52-38f404481e35', 'e500b748-a38c-4fa1-9675-b569dcbde851', 'fe640b63-5501-44b0-9fb1-6bbd93c5e8e5', NULL, 'PLAN_STATUS', 'PLAN_STATUS', false, 1);
INSERT INTO t_code_cat (id, remarks, ext, created_by, created_at, updated_by, updated_at, deleted, schema_code, business_id, company_id, warehouse_id, cat_level, cat_key, name_key, sys_code_cat, version) VALUES ('fcfd85ed-4dd7-47c8-8f14-8142bfc1db52', NULL, NULL, NULL, '2013-06-06 10:43:05.067', NULL, '2013-06-06 10:43:05.067', false, NULL, '427d7814-881e-4a5e-9b52-38f404481e35', 'e500b748-a38c-4fa1-9675-b569dcbde851', 'fe640b63-5501-44b0-9fb1-6bbd93c5e8e5', NULL, 'PALLET_STATUS', 'PALLET_STATUS', false, 1);
INSERT INTO t_code_cat (id, remarks, ext, created_by, created_at, updated_by, updated_at, deleted, schema_code, business_id, company_id, warehouse_id, cat_level, cat_key, name_key, sys_code_cat, version) VALUES ('8ab9dbe9-58f7-484d-b29b-f4d5a025e452', NULL, NULL, NULL, '2013-06-06 10:43:05.075', NULL, '2013-06-06 10:43:05.075', false, NULL, '427d7814-881e-4a5e-9b52-38f404481e35', 'e500b748-a38c-4fa1-9675-b569dcbde851', 'fe640b63-5501-44b0-9fb1-6bbd93c5e8e5', NULL, 'STOCK_STATUS', 'STOCK_STATUS', false, 1);
INSERT INTO t_code_cat (id, remarks, ext, created_by, created_at, updated_by, updated_at, deleted, schema_code, business_id, company_id, warehouse_id, cat_level, cat_key, name_key, sys_code_cat, version) VALUES ('79fed71c-456b-447f-97a4-cb09ff7f89f8', NULL, NULL, NULL, '2013-06-06 10:43:05.089', NULL, '2013-06-06 10:43:05.089', false, NULL, '427d7814-881e-4a5e-9b52-38f404481e35', 'e500b748-a38c-4fa1-9675-b569dcbde851', 'fe640b63-5501-44b0-9fb1-6bbd93c5e8e5', NULL, 'COUNT_STATUS', 'COUNT_STATUS', false, 1);
INSERT INTO t_code_cat (id, remarks, ext, created_by, created_at, updated_by, updated_at, deleted, schema_code, business_id, company_id, warehouse_id, cat_level, cat_key, name_key, sys_code_cat, version) VALUES ('6d696d7f-2485-4925-b5ec-e8fe9651e7bb', NULL, NULL, NULL, '2013-06-06 10:43:05.101', NULL, '2013-06-06 10:43:05.101', false, NULL, '427d7814-881e-4a5e-9b52-38f404481e35', 'e500b748-a38c-4fa1-9675-b569dcbde851', 'fe640b63-5501-44b0-9fb1-6bbd93c5e8e5', NULL, 'UNIT_TYPE', 'UNIT_TYPE', false, 1);
INSERT INTO t_code_cat (id, remarks, ext, created_by, created_at, updated_by, updated_at, deleted, schema_code, business_id, company_id, warehouse_id, cat_level, cat_key, name_key, sys_code_cat, version) VALUES ('5e1848c5-e026-41cc-8386-8b4f3e26018a', NULL, NULL, NULL, '2013-06-06 10:43:05.110', NULL, '2013-06-06 10:43:05.110', false, NULL, '427d7814-881e-4a5e-9b52-38f404481e35', 'e500b748-a38c-4fa1-9675-b569dcbde851', 'fe640b63-5501-44b0-9fb1-6bbd93c5e8e5', NULL, 'SOURCE_TYPE', 'SOURCE_TYPE', false, 1);
INSERT INTO t_code_cat (id, remarks, ext, created_by, created_at, updated_by, updated_at, deleted, schema_code, business_id, company_id, warehouse_id, cat_level, cat_key, name_key, sys_code_cat, version) VALUES ('0298f1e3-70d7-4a8f-b0b8-196439c83305', NULL, NULL, NULL, '2013-06-06 10:43:05.117', NULL, '2013-06-06 10:43:05.117', false, NULL, '427d7814-881e-4a5e-9b52-38f404481e35', 'e500b748-a38c-4fa1-9675-b569dcbde851', 'fe640b63-5501-44b0-9fb1-6bbd93c5e8e5', NULL, 'ORDER_TYPE', 'ORDER_TYPE', false, 1);
INSERT INTO t_code_cat (id, remarks, ext, created_by, created_at, updated_by, updated_at, deleted, schema_code, business_id, company_id, warehouse_id, cat_level, cat_key, name_key, sys_code_cat, version) VALUES ('1043e654-9553-4cc0-9e8c-2857621ab8ce', NULL, NULL, NULL, '2013-06-06 10:43:05.128', NULL, '2013-06-06 10:43:05.128', false, NULL, '427d7814-881e-4a5e-9b52-38f404481e35', 'e500b748-a38c-4fa1-9675-b569dcbde851', 'fe640b63-5501-44b0-9fb1-6bbd93c5e8e5', NULL, 'PLAN_TYPE', 'PLAN_TYPE', false, 1);
INSERT INTO t_code_cat (id, remarks, ext, created_by, created_at, updated_by, updated_at, deleted, schema_code, business_id, company_id, warehouse_id, cat_level, cat_key, name_key, sys_code_cat, version) VALUES ('f9006704-227d-44bd-bb45-983eeb6d8c5d', NULL, NULL, NULL, '2013-06-06 10:43:05.140', NULL, '2013-06-06 10:43:05.140', false, NULL, '427d7814-881e-4a5e-9b52-38f404481e35', 'e500b748-a38c-4fa1-9675-b569dcbde851', 'fe640b63-5501-44b0-9fb1-6bbd93c5e8e5', NULL, 'PLAN_SUBTYPE', 'PLAN_SUBTYPE', false, 1);
INSERT INTO t_code_cat (id, remarks, ext, created_by, created_at, updated_by, updated_at, deleted, schema_code, business_id, company_id, warehouse_id, cat_level, cat_key, name_key, sys_code_cat, version) VALUES ('08215d01-b9c1-4d7b-ab11-0266d4af3056', NULL, NULL, NULL, '2013-06-06 10:43:05.187', NULL, '2013-06-06 10:43:05.187', false, NULL, '427d7814-881e-4a5e-9b52-38f404481e35', 'e500b748-a38c-4fa1-9675-b569dcbde851', 'fe640b63-5501-44b0-9fb1-6bbd93c5e8e5', NULL, 'COUNT_TYPE', 'COUNT_TYPE', false, 1);
INSERT INTO t_code_cat (id, remarks, ext, created_by, created_at, updated_by, updated_at, deleted, schema_code, business_id, company_id, warehouse_id, cat_level, cat_key, name_key, sys_code_cat, version) VALUES ('70b2b03b-4ec2-4f45-ba84-96ae248461f6', NULL, NULL, NULL, '2013-06-06 10:43:05.187', NULL, '2013-06-06 10:43:05.187', false, NULL, '427d7814-881e-4a5e-9b52-38f404481e35', 'e500b748-a38c-4fa1-9675-b569dcbde851', 'fe640b63-5501-44b0-9fb1-6bbd93c5e8e5', NULL, 'STORAGE_TYPE', 'STORAGE_TYPE', false, 1);

--code
INSERT INTO t_code (id, remarks, ext, created_by, created_at, updated_by, updated_at, deleted, schema_code, code_cat_id, code_key, cat_key, name_key, sys_code, sort_no, version) VALUES ('4016a91e-3c5c-4032-ae25-ab3acd93c455', 'receipt', NULL, NULL, '2013-06-06 10:43:04.974', NULL, '2013-06-06 10:43:04.974', false, NULL, 'c1325966-c682-48d4-a691-5960ec9af6c5', 'T101', 'TRANSACTION_CODE', 'Receipt', false, 1, 1);
INSERT INTO t_code (id, remarks, ext, created_by, created_at, updated_by, updated_at, deleted, schema_code, code_cat_id, code_key, cat_key, name_key, sys_code, sort_no, version) VALUES ('9868ec83-d1a2-42c9-8695-3c16740920a7', 'receipt reversed', NULL, NULL, '2013-06-06 10:43:04.984', NULL, '2013-06-06 10:43:04.984', false, NULL, 'c1325966-c682-48d4-a691-5960ec9af6c5', 'T102', 'TRANSACTION_CODE', 'ReceiptReversed', false, 1, 1);
INSERT INTO t_code (id, remarks, ext, created_by, created_at, updated_by, updated_at, deleted, schema_code, code_cat_id, code_key, cat_key, name_key, sys_code, sort_no, version) VALUES ('b1e15d9a-6551-4cf6-b9f6-7b292b8523ba', 'transfer', NULL, NULL, '2013-06-06 10:43:04.988', NULL, '2013-06-06 10:43:04.988', false, NULL, 'c1325966-c682-48d4-a691-5960ec9af6c5', 'T201', 'TRANSACTION_CODE', 'Transfer', false, 1, 1);
INSERT INTO t_code (id, remarks, ext, created_by, created_at, updated_by, updated_at, deleted, schema_code, code_cat_id, code_key, cat_key, name_key, sys_code, sort_no, version) VALUES ('615d674e-df5a-42e2-8e68-d4691335f798', 'transfer from fixed location to moving ()', NULL, NULL, '2013-06-06 10:43:04.991', NULL, '2013-06-06 10:43:04.991', false, NULL, 'c1325966-c682-48d4-a691-5960ec9af6c5', 'T202', 'TRANSACTION_CODE', 'OffShelfReversed', false, 1, 1);
INSERT INTO t_code (id, remarks, ext, created_by, created_at, updated_by, updated_at, deleted, schema_code, code_cat_id, code_key, cat_key, name_key, sys_code, sort_no, version) VALUES ('397ba9f7-8512-40eb-98ed-93018f98a54f', 'transfer from fixed location to moving () reversed', NULL, NULL, '2013-06-06 10:43:04.997', NULL, '2013-06-06 10:43:04.997', false, NULL, 'c1325966-c682-48d4-a691-5960ec9af6c5', 'T203', 'TRANSACTION_CODE', 'OffShelf', false, 1, 1);
INSERT INTO t_code (id, remarks, ext, created_by, created_at, updated_by, updated_at, deleted, schema_code, code_cat_id, code_key, cat_key, name_key, sys_code, sort_no, version) VALUES ('f1ee4e2a-032a-42a1-bcfe-5a7358bdca77', 'transfer from fixed location to fixed location ()', NULL, NULL, '2013-06-06 10:43:05', NULL, '2013-06-06 10:43:05', false, NULL, 'c1325966-c682-48d4-a691-5960ec9af6c5', 'T204', 'TRANSACTION_CODE', 'DirectTransfer', false, 1, 1);
INSERT INTO t_code (id, remarks, ext, created_by, created_at, updated_by, updated_at, deleted, schema_code, code_cat_id, code_key, cat_key, name_key, sys_code, sort_no, version) VALUES ('b22e771e-74ec-47e5-be2b-87ec2bda5a3d', 'transfer from fixed location to fixed location () reversed', NULL, NULL, '2013-06-06 10:43:05.004', NULL, '2013-06-06 10:43:05.004', false, NULL, 'c1325966-c682-48d4-a691-5960ec9af6c5', 'T205', 'TRANSACTION_CODE', 'DirectTransferReversed', false, 1, 1);
INSERT INTO t_code (id, remarks, ext, created_by, created_at, updated_by, updated_at, deleted, schema_code, code_cat_id, code_key, cat_key, name_key, sys_code, sort_no, version) VALUES ('bd603ece-0cee-4005-93b8-b56302fe59a2', 'transfer from moving to fixed location ()', NULL, NULL, '2013-06-06 10:43:05.007', NULL, '2013-06-06 10:43:05.007', false, NULL, 'c1325966-c682-48d4-a691-5960ec9af6c5', 'T206', 'TRANSACTION_CODE', 'OnShelf', false, 1, 1);
INSERT INTO t_code (id, remarks, ext, created_by, created_at, updated_by, updated_at, deleted, schema_code, code_cat_id, code_key, cat_key, name_key, sys_code, sort_no, version) VALUES ('0a75078d-9889-41db-97a0-fef9336e7619', 'transfer from moving to fixed location () reversed', NULL, NULL, '2013-06-06 10:43:05.01', NULL, '2013-06-06 10:43:05.01', false, NULL, 'c1325966-c682-48d4-a691-5960ec9af6c5', 'T207', 'TRANSACTION_CODE', 'OnShelfReversed', false, 1, 1);
INSERT INTO t_code (id, remarks, ext, created_by, created_at, updated_by, updated_at, deleted, schema_code, code_cat_id, code_key, cat_key, name_key, sys_code, sort_no, version) VALUES ('76019a95-a194-4ef6-94b9-9553a52ed830', 'issue', NULL, NULL, '2013-06-06 10:43:05.014', NULL, '2013-06-06 10:43:05.014', false, NULL, 'c1325966-c682-48d4-a691-5960ec9af6c5', 'T301', 'TRANSACTION_CODE', 'Issue', false, 1, 1);
INSERT INTO t_code (id, remarks, ext, created_by, created_at, updated_by, updated_at, deleted, schema_code, code_cat_id, code_key, cat_key, name_key, sys_code, sort_no, version) VALUES ('bf09d8d8-0c29-40b4-ae26-43e94bc697f9', 'issue reversed', NULL, NULL, '2013-06-06 10:43:05.017', NULL, '2013-06-06 10:43:05.017', false, NULL, 'c1325966-c682-48d4-a691-5960ec9af6c5', 'T302', 'TRANSACTION_CODE', 'IssueReversed', false, 1, 1);
INSERT INTO t_code (id, remarks, ext, created_by, created_at, updated_by, updated_at, deleted, schema_code, code_cat_id, code_key, cat_key, name_key, sys_code, sort_no, version) VALUES ('bf09d8d8-0c29-40b4-ae26-43e94bc697f0', 'issue Blend', NULL, NULL, '2013-06-06 10:43:05.017', NULL, '2013-06-06 10:43:05.017', false, NULL, 'c1325966-c682-48d4-a691-5960ec9af6c5', 'T303', 'TRANSACTION_CODE', 'IssueBlend', false, 1, 1);
INSERT INTO t_code (id, remarks, ext, created_by, created_at, updated_by, updated_at, deleted, schema_code, code_cat_id, code_key, cat_key, name_key, sys_code, sort_no, version) VALUES ('bf09d8d8-0c29-40b4-ae26-43e94bc697f1', 'issue Sample', NULL, NULL, '2013-06-06 10:43:05.017', NULL, '2013-06-06 10:43:05.017', false, NULL, 'c1325966-c682-48d4-a691-5960ec9af6c5', 'T304', 'TRANSACTION_CODE', 'IssueSample', false, 1, 1);
INSERT INTO t_code (id, remarks, ext, created_by, created_at, updated_by, updated_at, deleted, schema_code, code_cat_id, code_key, cat_key, name_key, sys_code, sort_no, version) VALUES ('bf09d8d8-0c29-40b4-ae26-43e94bc697f2', 'issue Other', NULL, NULL, '2013-06-06 10:43:05.017', NULL, '2013-06-06 10:43:05.017', false, NULL, 'c1325966-c682-48d4-a691-5960ec9af6c5', 'T399', 'TRANSACTION_CODE', 'IssueOther', false, 1, 1);


INSERT INTO t_code (id, remarks, ext, created_by, created_at, updated_by, updated_at, deleted, schema_code, code_cat_id, code_key, cat_key, name_key, sys_code, sort_no, version) VALUES ('b796609d-d2f0-40b1-84d4-4788ee60d9c1', 'separate', NULL, NULL, '2013-06-06 10:43:05.02', NULL, '2013-06-06 10:43:05.02', false, NULL, 'c1325966-c682-48d4-a691-5960ec9af6c5', 'T401', 'TRANSACTION_CODE', 'Separate', false, 1, 1);
INSERT INTO t_code (id, remarks, ext, created_by, created_at, updated_by, updated_at, deleted, schema_code, code_cat_id, code_key, cat_key, name_key, sys_code, sort_no, version) VALUES ('f9c4c6ab-c7ce-4531-8d97-29e7b636f8cc', 'separate reversed', NULL, NULL, '2013-06-06 10:43:05.022', NULL, '2013-06-06 10:43:05.022', false, NULL, 'c1325966-c682-48d4-a691-5960ec9af6c5', 'T402', 'TRANSACTION_CODE', 'SeparateReversed', false, 1, 1);
INSERT INTO t_code (id, remarks, ext, created_by, created_at, updated_by, updated_at, deleted, schema_code, code_cat_id, code_key, cat_key, name_key, sys_code, sort_no, version) VALUES ('172010ea-c1fd-46a6-8187-3e31491c06bb', 'combine', NULL, NULL, '2013-06-06 10:43:05.024', NULL, '2013-06-06 10:43:05.024', false, NULL, 'c1325966-c682-48d4-a691-5960ec9af6c5', 'T403', 'TRANSACTION_CODE', 'Combine', false, 1, 1);
INSERT INTO t_code (id, remarks, ext, created_by, created_at, updated_by, updated_at, deleted, schema_code, code_cat_id, code_key, cat_key, name_key, sys_code, sort_no, version) VALUES ('f964f21c-e62b-4747-b938-afbefc5fd2d5', 'combine reversed', NULL, NULL, '2013-06-06 10:43:05.028', NULL, '2013-06-06 10:43:05.028', false, NULL, 'c1325966-c682-48d4-a691-5960ec9af6c5', 'T404', 'TRANSACTION_CODE', 'CombineReversed', false, 1, 1);
INSERT INTO t_code (id, remarks, ext, created_by, created_at, updated_by, updated_at, deleted, schema_code, code_cat_id, code_key, cat_key, name_key, sys_code, sort_no, version) VALUES ('ba32484e-5045-470a-995d-35781902bcf5', 'adjust', NULL, NULL, '2013-06-06 10:43:05.032', NULL, '2013-06-06 10:43:05.032', false, NULL, 'c1325966-c682-48d4-a691-5960ec9af6c5', 'T501', 'TRANSACTION_CODE', 'Adjust', false, 1, 1);
INSERT INTO t_code (id, remarks, ext, created_by, created_at, updated_by, updated_at, deleted, schema_code, code_cat_id, code_key, cat_key, name_key, sys_code, sort_no, version) VALUES ('754e1acd-67c0-47e4-9fc4-03845edbebe5', 'repackage', NULL, NULL, '2013-06-06 10:43:05.035', NULL, '2013-06-06 10:43:05.035', false, NULL, 'c1325966-c682-48d4-a691-5960ec9af6c5', 'T405', 'TRANSACTION_CODE', 'Repackage', false, 1, 1);
INSERT INTO t_code (id, remarks, ext, created_by, created_at, updated_by, updated_at, deleted, schema_code, code_cat_id, code_key, cat_key, name_key, sys_code, sort_no, version) VALUES ('14880d47-485c-4c34-881d-740ba41db054', 'repackage reversed', NULL, NULL, '2013-06-06 10:43:05.038', NULL, '2013-06-06 10:43:05.038', false, NULL, 'c1325966-c682-48d4-a691-5960ec9af6c5', 'T406', 'TRANSACTION_CODE', 'RepackageReversed', false, 1, 1);
INSERT INTO t_code (id, remarks, ext, created_by, created_at, updated_by, updated_at, deleted, schema_code, code_cat_id, code_key, cat_key, name_key, sys_code, sort_no, version) VALUES ('d0b91ce3-e3ea-4467-9c72-991834664534', '', NULL, NULL, '2013-06-06 10:43:05.041', NULL, '2013-06-06 10:43:05.041', false, NULL, '11336d8d-c669-44d8-9067-2e24aecd0ff6', 'S000', 'ORDER_STATUS', 'New', false, 1, 1);
INSERT INTO t_code (id, remarks, ext, created_by, created_at, updated_by, updated_at, deleted, schema_code, code_cat_id, code_key, cat_key, name_key, sys_code, sort_no, version) VALUES ('a8d361d9-e115-4706-ae4b-aa9b58398655', '', NULL, NULL, '2013-06-06 10:43:05.044', NULL, '2013-06-06 10:43:05.044', false, NULL, '11336d8d-c669-44d8-9067-2e24aecd0ff6', 'S001', 'ORDER_STATUS', 'Confirm', false, 1, 1);
INSERT INTO t_code (id, remarks, ext, created_by, created_at, updated_by, updated_at, deleted, schema_code, code_cat_id, code_key, cat_key, name_key, sys_code, sort_no, version) VALUES ('d401326a-9354-424d-b895-5e09b72238af', '', NULL, NULL, '2013-06-06 10:43:05.048', NULL, '2013-06-06 10:43:05.048', false, NULL, '11336d8d-c669-44d8-9067-2e24aecd0ff6', 'S002', 'ORDER_STATUS', 'Executing', false, 1, 1);
INSERT INTO t_code (id, remarks, ext, created_by, created_at, updated_by, updated_at, deleted, schema_code, code_cat_id, code_key, cat_key, name_key, sys_code, sort_no, version) VALUES ('ce37215a-8396-4778-9d33-8ffdf136e354', '', NULL, NULL, '2013-06-06 10:43:05.05', NULL, '2013-06-06 10:43:05.05', false, NULL, '11336d8d-c669-44d8-9067-2e24aecd0ff6', 'S003', 'ORDER_STATUS', 'Executed', false, 1, 1);
INSERT INTO t_code (id, remarks, ext, created_by, created_at, updated_by, updated_at, deleted, schema_code, code_cat_id, code_key, cat_key, name_key, sys_code, sort_no, version) VALUES ('f8aa54fe-d528-415f-ac0f-83a3013ab24f', '', NULL, NULL, '2013-06-06 10:43:05.052', NULL, '2013-06-06 10:43:05.052', false, NULL, '11336d8d-c669-44d8-9067-2e24aecd0ff6', 'S999', 'ORDER_STATUS', 'Cancel', false, 1, 1);
INSERT INTO t_code (id, remarks, ext, created_by, created_at, updated_by, updated_at, deleted, schema_code, code_cat_id, code_key, cat_key, name_key, sys_code, sort_no, version) VALUES ('2c4708b9-94a3-4ee7-87e4-ed7a4dd133a0', '', NULL, NULL, '2013-06-06 10:43:05.055', NULL, '2013-06-06 10:43:05.055', false, NULL, '6e083ed1-6af4-49f7-9587-de987e28bb63', 'S000', 'PLAN_STATUS', 'New', false, 1, 1);
INSERT INTO t_code (id, remarks, ext, created_by, created_at, updated_by, updated_at, deleted, schema_code, code_cat_id, code_key, cat_key, name_key, sys_code, sort_no, version) VALUES ('a369bc4d-c0e5-428c-ad9d-62635a2b6bdd', '', NULL, NULL, '2013-06-06 10:43:05.057', NULL, '2013-06-06 10:43:05.057', false, NULL, '6e083ed1-6af4-49f7-9587-de987e28bb63', 'S001', 'PLAN_STATUS', 'Confirm', false, 1, 1);
INSERT INTO t_code (id, remarks, ext, created_by, created_at, updated_by, updated_at, deleted, schema_code, code_cat_id, code_key, cat_key, name_key, sys_code, sort_no, version) VALUES ('28ade140-886b-4637-b57d-9346fa253dce', '', NULL, NULL, '2013-06-06 10:43:05.059', NULL, '2013-06-06 10:43:05.059', false, NULL, '6e083ed1-6af4-49f7-9587-de987e28bb63', 'S002', 'PLAN_STATUS', 'Executing', false, 1, 1);
INSERT INTO t_code (id, remarks, ext, created_by, created_at, updated_by, updated_at, deleted, schema_code, code_cat_id, code_key, cat_key, name_key, sys_code, sort_no, version) VALUES ('cf589228-3e92-48f0-b36c-fb9ceaa43ffc', '', NULL, NULL, '2013-06-06 10:43:05.062', NULL, '2013-06-06 10:43:05.062', false, NULL, '6e083ed1-6af4-49f7-9587-de987e28bb63', 'S003', 'PLAN_STATUS', 'Executed', false, 1, 1);
INSERT INTO t_code (id, remarks, ext, created_by, created_at, updated_by, updated_at, deleted, schema_code, code_cat_id, code_key, cat_key, name_key, sys_code, sort_no, version) VALUES ('8a7d1270-0b76-424d-acc6-f362c6bc3374', '', NULL, NULL, '2013-06-06 10:43:05.065', NULL, '2013-06-06 10:43:05.065', false, NULL, '6e083ed1-6af4-49f7-9587-de987e28bb63', 'S999', 'PLAN_STATUS', 'Cancel', false, 1, 1);
INSERT INTO t_code (id, remarks, ext, created_by, created_at, updated_by, updated_at, deleted, schema_code, code_cat_id, code_key, cat_key, name_key, sys_code, sort_no, version) VALUES ('ea204590-a1ed-4851-ad2f-00a1edf61294', '', NULL, NULL, '2013-06-06 10:43:05.068', NULL, '2013-06-06 10:43:05.068', false, NULL, 'fcfd85ed-4dd7-47c8-8f14-8142bfc1db52', 'S000', 'PALLET_STATUS', 'Empty', false, 1, 1);
INSERT INTO t_code (id, remarks, ext, created_by, created_at, updated_by, updated_at, deleted, schema_code, code_cat_id, code_key, cat_key, name_key, sys_code, sort_no, version) VALUES ('3cdb73f5-fffc-4cac-b9c7-53ef28f9e283', '', NULL, NULL, '2013-06-06 10:43:05.071', NULL, '2013-06-06 10:43:05.071', false, NULL, 'fcfd85ed-4dd7-47c8-8f14-8142bfc1db52', 'S001', 'PALLET_STATUS', 'Occupy', false, 1, 1);
INSERT INTO t_code (id, remarks, ext, created_by, created_at, updated_by, updated_at, deleted, schema_code, code_cat_id, code_key, cat_key, name_key, sys_code, sort_no, version) VALUES ('20295b1d-61fd-459d-a4ec-55adbb595f7a', '', NULL, NULL, '2013-06-06 10:43:05.074', NULL, '2013-06-06 10:43:05.074', false, NULL, 'fcfd85ed-4dd7-47c8-8f14-8142bfc1db52', 'S999', 'PALLET_STATUS', 'Scrapped', false, 1, 1);
INSERT INTO t_code (id, remarks, ext, created_by, created_at, updated_by, updated_at, deleted, schema_code, code_cat_id, code_key, cat_key, name_key, sys_code, sort_no, version) VALUES ('29fe74f7-4fca-4aea-bda0-4fa29b0e6811', '', NULL, NULL, '2013-06-06 10:43:05.076', NULL, '2013-06-06 10:43:05.076', false, NULL, '8ab9dbe9-58f7-484d-b29b-f4d5a025e452', 'S000', 'STOCK_STATUS', 'UnConfirm', false, 1, 1);
INSERT INTO t_code (id, remarks, ext, created_by, created_at, updated_by, updated_at, deleted, schema_code, code_cat_id, code_key, cat_key, name_key, sys_code, sort_no, version) VALUES ('c733a6fb-b339-4cc1-82ea-19ce55fcac5b', '', NULL, NULL, '2013-06-06 10:43:05.079', NULL, '2013-06-06 10:43:05.079', false, NULL, '8ab9dbe9-58f7-484d-b29b-f4d5a025e452', 'S001', 'STOCK_STATUS', 'InWarehouse', false, 1, 1);
INSERT INTO t_code (id, remarks, ext, created_by, created_at, updated_by, updated_at, deleted, schema_code, code_cat_id, code_key, cat_key, name_key, sys_code, sort_no, version) VALUES ('011699db-4341-44a6-8131-e9367af046e6', '', NULL, NULL, '2013-06-06 10:43:05.081', NULL, '2013-06-06 10:43:05.081', false, NULL, '8ab9dbe9-58f7-484d-b29b-f4d5a025e452', 'S002', 'STOCK_STATUS', 'Transfering', false, 1, 1);
INSERT INTO t_code (id, remarks, ext, created_by, created_at, updated_by, updated_at, deleted, schema_code, code_cat_id, code_key, cat_key, name_key, sys_code, sort_no, version) VALUES ('b15dbce7-745d-4e54-8081-a0c314492b29', '', NULL, NULL, '2013-06-06 10:43:05.083', NULL, '2013-06-06 10:43:05.083', false, NULL, '8ab9dbe9-58f7-484d-b29b-f4d5a025e452', 'S003', 'STOCK_STATUS', 'Freezed', false, 1, 1);
INSERT INTO t_code (id, remarks, ext, created_by, created_at, updated_by, updated_at, deleted, schema_code, code_cat_id, code_key, cat_key, name_key, sys_code, sort_no, version) VALUES ('41b2de7f-4dbc-45a1-847e-011eac0d9d3c', '', NULL, NULL, '2013-06-06 10:43:05.086', NULL, '2013-06-06 10:43:05.086', false, NULL, '8ab9dbe9-58f7-484d-b29b-f4d5a025e452', 'S004', 'STOCK_STATUS', 'Issued', false, 1, 1);
INSERT INTO t_code (id, remarks, ext, created_by, created_at, updated_by, updated_at, deleted, schema_code, code_cat_id, code_key, cat_key, name_key, sys_code, sort_no, version) VALUES ('3e35b11e-1b12-4074-acd2-2db1fcc3c147', '', NULL, NULL, '2013-06-06 10:43:05.088', NULL, '2013-06-06 10:43:05.088', false, NULL, '8ab9dbe9-58f7-484d-b29b-f4d5a025e452', 'S999', 'STOCK_STATUS', 'Pending', false, 1, 1);
INSERT INTO t_code (id, remarks, ext, created_by, created_at, updated_by, updated_at, deleted, schema_code, code_cat_id, code_key, cat_key, name_key, sys_code, sort_no, version) VALUES ('6b50eec1-af45-4d95-941a-8bb40c38ba0e', '', NULL, NULL, '2013-06-06 10:43:05.09', NULL, '2013-06-06 10:43:05.09', false, NULL, '79fed71c-456b-447f-97a4-cb09ff7f89f8', 'S000', 'COUNT_STATUS', 'New', false, 1, 1);
INSERT INTO t_code (id, remarks, ext, created_by, created_at, updated_by, updated_at, deleted, schema_code, code_cat_id, code_key, cat_key, name_key, sys_code, sort_no, version) VALUES ('dfecb5b1-2a15-40f3-8817-b7b0605bf80b', '', NULL, NULL, '2013-06-06 10:43:05.093', NULL, '2013-06-06 10:43:05.093', false, NULL, '79fed71c-456b-447f-97a4-cb09ff7f89f8', 'S001', 'COUNT_STATUS', 'Confirm', false, 1, 1);
INSERT INTO t_code (id, remarks, ext, created_by, created_at, updated_by, updated_at, deleted, schema_code, code_cat_id, code_key, cat_key, name_key, sys_code, sort_no, version) VALUES ('14d6608a-38f4-47a1-a599-8b51daba27b2', '', NULL, NULL, '2013-06-06 10:43:05.095', NULL, '2013-06-06 10:43:05.095', false, NULL, '79fed71c-456b-447f-97a4-cb09ff7f89f8', 'S002', 'COUNT_STATUS', 'Executing', false, 1, 1);
INSERT INTO t_code (id, remarks, ext, created_by, created_at, updated_by, updated_at, deleted, schema_code, code_cat_id, code_key, cat_key, name_key, sys_code, sort_no, version) VALUES ('068d0f8d-57fb-4074-8963-2e2b1954b714', '', NULL, NULL, '2013-06-06 10:43:05.098', NULL, '2013-06-06 10:43:05.098', false, NULL, '79fed71c-456b-447f-97a4-cb09ff7f89f8', 'S003', 'COUNT_STATUS', 'Executed', false, 1, 1);
INSERT INTO t_code (id, remarks, ext, created_by, created_at, updated_by, updated_at, deleted, schema_code, code_cat_id, code_key, cat_key, name_key, sys_code, sort_no, version) VALUES ('40b00eeb-1c1b-4098-a4d6-f1f98e73984d', '', NULL, NULL, '2013-06-06 10:43:05.1', NULL, '2013-06-06 10:43:05.1', false, NULL, '79fed71c-456b-447f-97a4-cb09ff7f89f8', 'S999', 'COUNT_STATUS', 'Cancel', false, 1, 1);
INSERT INTO t_code (id, remarks, ext, created_by, created_at, updated_by, updated_at, deleted, schema_code, code_cat_id, code_key, cat_key, name_key, sys_code, sort_no, version) VALUES ('75613099-d0b4-4ace-bcbe-5a526a389368', '', NULL, NULL, '2013-06-06 10:43:05.102', NULL, '2013-06-06 10:43:05.102', false, NULL, '6d696d7f-2485-4925-b5ec-e8fe9651e7bb', 'T001', 'UNIT_TYPE', 'Weight', false, 1, 1);
INSERT INTO t_code (id, remarks, ext, created_by, created_at, updated_by, updated_at, deleted, schema_code, code_cat_id, code_key, cat_key, name_key, sys_code, sort_no, version) VALUES ('064a6a50-81d8-4470-a0af-5a8eacb6c994', '', NULL, NULL, '2013-06-06 10:43:05.106', NULL, '2013-06-06 10:43:05.106', false, NULL, '6d696d7f-2485-4925-b5ec-e8fe9651e7bb', 'T002', 'UNIT_TYPE', 'Volume', false, 1, 1);
INSERT INTO t_code (id, remarks, ext, created_by, created_at, updated_by, updated_at, deleted, schema_code, code_cat_id, code_key, cat_key, name_key, sys_code, sort_no, version) VALUES ('afd740f6-b003-4936-8755-676bb0c5dd0a', '', NULL, NULL, '2013-06-06 10:43:05.108', NULL, '2013-06-06 10:43:05.108', false, NULL, '6d696d7f-2485-4925-b5ec-e8fe9651e7bb', 'T999', 'UNIT_TYPE', 'Other', false, 1, 1);
INSERT INTO t_code (id, remarks, ext, created_by, created_at, updated_by, updated_at, deleted, schema_code, code_cat_id, code_key, cat_key, name_key, sys_code, sort_no, version) VALUES ('f8b8d04d-9871-47ae-a8dc-f584da2f1a89', 'SAP', NULL, NULL, '2013-06-06 10:43:05.11', NULL, '2013-06-06 10:43:05.11', false, NULL, '5e1848c5-e026-41cc-8386-8b4f3e26018a', 'T001', 'SOURCE_TYPE', 'SAP', false, 1, 1);
INSERT INTO t_code (id, remarks, ext, created_by, created_at, updated_by, updated_at, deleted, schema_code, code_cat_id, code_key, cat_key, name_key, sys_code, sort_no, version) VALUES ('1450af6a-ce82-4f2e-b9aa-9b100a12bcc4', '', NULL, NULL, '2013-06-06 10:43:05.113', NULL, '2013-06-06 10:43:05.113', false, NULL, '5e1848c5-e026-41cc-8386-8b4f3e26018a', 'T002', 'SOURCE_TYPE', 'Manually', false, 1, 1);
INSERT INTO t_code (id, remarks, ext, created_by, created_at, updated_by, updated_at, deleted, schema_code, code_cat_id, code_key, cat_key, name_key, sys_code, sort_no, version) VALUES ('1450af6a-ce82-4f2e-b9aa-9b100a12bcc5', '', NULL, NULL, '2013-06-06 10:43:05.114', NULL, '2013-06-06 10:43:05.114', false, NULL, '5e1848c5-e026-41cc-8386-8b4f3e26018a', 'T003', 'SOURCE_TYPE', 'Return', false, 1, 1);
INSERT INTO t_code (id, remarks, ext, created_by, created_at, updated_by, updated_at, deleted, schema_code, code_cat_id, code_key, cat_key, name_key, sys_code, sort_no, version) VALUES ('d95d99da-8b06-4b05-a9fd-aedf75a5d953', '', NULL, NULL, '2013-06-06 10:43:05.116', NULL, '2013-06-06 10:43:05.116', false, NULL, '5e1848c5-e026-41cc-8386-8b4f3e26018a', 'T999', 'SOURCE_TYPE', 'Other', false, 1, 1);
INSERT INTO t_code (id, remarks, ext, created_by, created_at, updated_by, updated_at, deleted, schema_code, code_cat_id, code_key, cat_key, name_key, sys_code, sort_no, version) VALUES ('0b2cf282-04e7-437c-b84f-d1474e17c6b9', '', NULL, NULL, '2013-06-06 10:43:05.118', NULL, '2013-06-06 10:43:05.118', false, NULL, '0298f1e3-70d7-4a8f-b0b8-196439c83305', 'T001', 'ORDER_TYPE', 'Produce', false, 1, 1);
INSERT INTO t_code (id, remarks, ext, created_by, created_at, updated_by, updated_at, deleted, schema_code, code_cat_id, code_key, cat_key, name_key, sys_code, sort_no, version) VALUES ('c527dfa8-3deb-4d04-98d4-53a9cfeeebf4', '', NULL, NULL, '2013-06-06 10:43:05.12', NULL, '2013-06-06 10:43:05.12', false, NULL, '0298f1e3-70d7-4a8f-b0b8-196439c83305', 'T002', 'ORDER_TYPE', 'Purchase', false, 1, 1);
INSERT INTO t_code (id, remarks, ext, created_by, created_at, updated_by, updated_at, deleted, schema_code, code_cat_id, code_key, cat_key, name_key, sys_code, sort_no, version) VALUES ('7c86cca1-6daa-4b6b-8ab9-fc2bc9c0decd', '', NULL, NULL, '2013-06-06 10:43:05.122', NULL, '2013-06-06 10:43:05.122', false, NULL, '0298f1e3-70d7-4a8f-b0b8-196439c83305', 'T003', 'ORDER_TYPE', 'Sell', false, 1, 1);
INSERT INTO t_code (id, remarks, ext, created_by, created_at, updated_by, updated_at, deleted, schema_code, code_cat_id, code_key, cat_key, name_key, sys_code, sort_no, version) VALUES ('81438c96-37fc-4a17-8e14-cea7b22793ab', '', NULL, NULL, '2013-06-06 10:43:05.125', NULL, '2013-06-06 10:43:05.125', false, NULL, '0298f1e3-70d7-4a8f-b0b8-196439c83305', 'T004', 'ORDER_TYPE', 'Cargo', false, 1, 1);
INSERT INTO t_code (id, remarks, ext, created_by, created_at, updated_by, updated_at, deleted, schema_code, code_cat_id, code_key, cat_key, name_key, sys_code, sort_no, version) VALUES ('2d2406a7-1f63-40ff-b497-fa2777b30131', '', NULL, NULL, '2013-06-06 10:43:05.127', NULL, '2013-06-06 10:43:05.127', false, NULL, '0298f1e3-70d7-4a8f-b0b8-196439c83305', 'T999', 'ORDER_TYPE', 'Other', false, 1, 1);
INSERT INTO t_code (id, remarks, ext, created_by, created_at, updated_by, updated_at, deleted, schema_code, code_cat_id, code_key, cat_key, name_key, sys_code, sort_no, version) VALUES ('3c8c1b5e-114b-46b1-9c25-6eefacee75dd', '', NULL, NULL, '2013-06-06 10:43:05.129', NULL, '2013-06-06 10:43:05.129', false, NULL, '1043e654-9553-4cc0-9e8c-2857621ab8ce', 'T001', 'PLAN_TYPE', 'Receive', false, 1, 1);
INSERT INTO t_code (id, remarks, ext, created_by, created_at, updated_by, updated_at, deleted, schema_code, code_cat_id, code_key, cat_key, name_key, sys_code, sort_no, version) VALUES ('23ab3f0d-e3d1-4964-86b6-c1dac3dc2df6', '', NULL, NULL, '2013-06-06 10:43:05.131', NULL, '2013-06-06 10:43:05.131', false, NULL, '1043e654-9553-4cc0-9e8c-2857621ab8ce', 'T002', 'PLAN_TYPE', 'Transfer', false, 1, 1);
INSERT INTO t_code (id, remarks, ext, created_by, created_at, updated_by, updated_at, deleted, schema_code, code_cat_id, code_key, cat_key, name_key, sys_code, sort_no, version) VALUES ('228fa209-75bc-4298-ad9d-6a49ae799353', '', NULL, NULL, '2013-06-06 10:43:05.134', NULL, '2013-06-06 10:43:05.134', false, NULL, '1043e654-9553-4cc0-9e8c-2857621ab8ce', 'T003', 'PLAN_TYPE', 'Issue', false, 1, 1);
INSERT INTO t_code (id, remarks, ext, created_by, created_at, updated_by, updated_at, deleted, schema_code, code_cat_id, code_key, cat_key, name_key, sys_code, sort_no, version) VALUES ('2c0e698a-c246-4f7c-a9f4-0fb89663d3ff', '', NULL, NULL, '2013-06-06 10:43:05.136', NULL, '2013-06-06 10:43:05.136', false, NULL, '1043e654-9553-4cc0-9e8c-2857621ab8ce', 'T004', 'PLAN_TYPE', 'InternalAdjustment', false, 1, 1);
INSERT INTO t_code (id, remarks, ext, created_by, created_at, updated_by, updated_at, deleted, schema_code, code_cat_id, code_key, cat_key, name_key, sys_code, sort_no, version) VALUES ('d51f7b3f-8a4b-46cc-8edf-2c4030d93411', '', NULL, NULL, '2013-06-06 10:43:05.139', NULL, '2013-06-06 10:43:05.139', false, NULL, '1043e654-9553-4cc0-9e8c-2857621ab8ce', 'T999', 'PLAN_TYPE', 'Other', false, 1, 1);
INSERT INTO t_code (id, remarks, ext, created_by, created_at, updated_by, updated_at, deleted, schema_code, code_cat_id, code_key, cat_key, name_key, sys_code, sort_no, version) VALUES ('626988ce-cb14-40bf-8d49-4109fe538ae3', '', NULL, NULL, '2013-06-06 10:43:05.141', NULL, '2013-06-06 10:43:05.141', false, NULL, 'f9006704-227d-44bd-bb45-983eeb6d8c5d', 'T001.001', 'PLAN_SUBTYPE', 'ProductionReceive', false, 1, 1);
INSERT INTO t_code (id, remarks, ext, created_by, created_at, updated_by, updated_at, deleted, schema_code, code_cat_id, code_key, cat_key, name_key, sys_code, sort_no, version) VALUES ('5366ba76-f8d3-4fa0-ba38-4e662c85fdad', '', NULL, NULL, '2013-06-06 10:43:05.143', NULL, '2013-06-06 10:43:05.143', false, NULL, 'f9006704-227d-44bd-bb45-983eeb6d8c5d', 'T001.002', 'PLAN_SUBTYPE', 'PurchaseReceive', false, 1, 1);
INSERT INTO t_code (id, remarks, ext, created_by, created_at, updated_by, updated_at, deleted, schema_code, code_cat_id, code_key, cat_key, name_key, sys_code, sort_no, version) VALUES ('307659a0-9f00-49fd-bb63-139e0ae9bfe8', '', NULL, NULL, '2013-06-06 10:43:05.146', NULL, '2013-06-06 10:43:05.146', false, NULL, 'f9006704-227d-44bd-bb45-983eeb6d8c5d', 'T001.003', 'PLAN_SUBTYPE', 'ReturnsReceive', false, 1, 1);
INSERT INTO t_code (id, remarks, ext, created_by, created_at, updated_by, updated_at, deleted, schema_code, code_cat_id, code_key, cat_key, name_key, sys_code, sort_no, version) VALUES ('12aa06ba-d515-4822-b529-a9cb7c2cb218', '', NULL, NULL, '2013-06-06 10:43:05.149', NULL, '2013-06-06 10:43:05.149', false, NULL, 'f9006704-227d-44bd-bb45-983eeb6d8c5d', 'T001.004', 'PLAN_SUBTYPE', 'Cross-dockingReceive', false, 1, 1);
INSERT INTO t_code (id, remarks, ext, created_by, created_at, updated_by, updated_at, deleted, schema_code, code_cat_id, code_key, cat_key, name_key, sys_code, sort_no, version) VALUES ('d9f81624-4615-4186-adc2-408ca3b947cf', '', NULL, NULL, '2013-06-06 10:43:05.152', NULL, '2013-06-06 10:43:05.152', false, NULL, 'f9006704-227d-44bd-bb45-983eeb6d8c5d', 'T001.999', 'PLAN_SUBTYPE', 'Other ', false, 1, 1);
INSERT INTO t_code (id, remarks, ext, created_by, created_at, updated_by, updated_at, deleted, schema_code, code_cat_id, code_key, cat_key, name_key, sys_code, sort_no, version) VALUES ('553b1f5f-0a08-4ece-ac3b-81f6f451e66b', '', NULL, NULL, '2013-06-06 10:43:05.155', NULL, '2013-06-06 10:43:05.155', false, NULL, 'f9006704-227d-44bd-bb45-983eeb6d8c5d', 'T002.001', 'PLAN_SUBTYPE', 'OnShelfTransfer', false, 1, 1);
INSERT INTO t_code (id, remarks, ext, created_by, created_at, updated_by, updated_at, deleted, schema_code, code_cat_id, code_key, cat_key, name_key, sys_code, sort_no, version) VALUES ('657b7d63-75ec-43cc-8812-f22014484680', '', NULL, NULL, '2013-06-06 10:43:05.158', NULL, '2013-06-06 10:43:05.158', false, NULL, 'f9006704-227d-44bd-bb45-983eeb6d8c5d', 'T002.002', 'PLAN_SUBTYPE', 'PickingTransfer', false, 1, 1);
INSERT INTO t_code (id, remarks, ext, created_by, created_at, updated_by, updated_at, deleted, schema_code, code_cat_id, code_key, cat_key, name_key, sys_code, sort_no, version) VALUES ('681b72a0-43f3-47de-bfaf-10811b23ca89', 'ADHOC', NULL, NULL, '2013-06-06 10:43:05.16', NULL, '2013-06-06 10:43:05.16', false, NULL, 'f9006704-227d-44bd-bb45-983eeb6d8c5d', 'T002.003', 'PLAN_SUBTYPE', 'ADHOCTransfer', false, 1, 1);
INSERT INTO t_code (id, remarks, ext, created_by, created_at, updated_by, updated_at, deleted, schema_code, code_cat_id, code_key, cat_key, name_key, sys_code, sort_no, version) VALUES ('cc07a733-522e-47ae-a7aa-9c7c4d53fd87', '', NULL, NULL, '2013-06-06 10:43:05.162', NULL, '2013-06-06 10:43:05.162', false, NULL, 'f9006704-227d-44bd-bb45-983eeb6d8c5d', 'T002.004', 'PLAN_SUBTYPE', 'TimeConstraintsTransfer', false, 1, 1);
INSERT INTO t_code (id, remarks, ext, created_by, created_at, updated_by, updated_at, deleted, schema_code, code_cat_id, code_key, cat_key, name_key, sys_code, sort_no, version) VALUES ('385efff3-aea0-4e4c-9b07-5550baf4615a', '', NULL, NULL, '2013-06-06 10:43:05.165', NULL, '2013-06-06 10:43:05.165', false, NULL, 'f9006704-227d-44bd-bb45-983eeb6d8c5d', 'T002.999', 'PLAN_SUBTYPE', 'Other ', false, 1, 1);
INSERT INTO t_code (id, remarks, ext, created_by, created_at, updated_by, updated_at, deleted, schema_code, code_cat_id, code_key, cat_key, name_key, sys_code, sort_no, version) VALUES ('acc33634-cb5e-495e-b47f-3603aa6621a7', '', NULL, NULL, '2013-06-06 10:43:05.168', NULL, '2013-06-06 10:43:05.168', false, NULL, 'f9006704-227d-44bd-bb45-983eeb6d8c5d', 'T003.001', 'PLAN_SUBTYPE', 'SaleIssue', false, 1, 1);
INSERT INTO t_code (id, remarks, ext, created_by, created_at, updated_by, updated_at, deleted, schema_code, code_cat_id, code_key, cat_key, name_key, sys_code, sort_no, version) VALUES ('c34ed5da-e558-40d9-8f39-0b8bf9d9cb99', '()', NULL, NULL, '2013-06-06 10:43:05.171', NULL, '2013-06-06 10:43:05.171', false, NULL, 'f9006704-227d-44bd-bb45-983eeb6d8c5d', 'T003.002', 'PLAN_SUBTYPE', 'TransferIssue', false, 1, 1);
INSERT INTO t_code (id, remarks, ext, created_by, created_at, updated_by, updated_at, deleted, schema_code, code_cat_id, code_key, cat_key, name_key, sys_code, sort_no, version) VALUES ('ea095e0d-ba3b-4ecc-9a4e-823547a8d82a', '', NULL, NULL, '2013-06-06 10:43:05.174', NULL, '2013-06-06 10:43:05.174', false, NULL, 'f9006704-227d-44bd-bb45-983eeb6d8c5d', 'T003.003', 'PLAN_SUBTYPE', 'LossIssue', false, 1, 1);
INSERT INTO t_code (id, remarks, ext, created_by, created_at, updated_by, updated_at, deleted, schema_code, code_cat_id, code_key, cat_key, name_key, sys_code, sort_no, version) VALUES ('5fefd5c9-b3c3-4c7c-9c32-857eacbd5dc1', '', NULL, NULL, '2013-06-06 10:43:05.177', NULL, '2013-06-06 10:43:05.177', false, NULL, 'f9006704-227d-44bd-bb45-983eeb6d8c5d', 'T003.999', 'PLAN_SUBTYPE', 'Other ', false, 1, 1);
INSERT INTO t_code (id, remarks, ext, created_by, created_at, updated_by, updated_at, deleted, schema_code, code_cat_id, code_key, cat_key, name_key, sys_code, sort_no, version) VALUES ('7ec4b4c2-4c80-4cb3-b0d7-0685cd550363', '', NULL, NULL, '2013-06-06 10:43:05.181', NULL, '2013-06-06 10:43:05.181', false, NULL, 'f9006704-227d-44bd-bb45-983eeb6d8c5d', 'T004.001', 'PLAN_SUBTYPE', 'PalletAdjustment', false, 1, 1);
INSERT INTO t_code (id, remarks, ext, created_by, created_at, updated_by, updated_at, deleted, schema_code, code_cat_id, code_key, cat_key, name_key, sys_code, sort_no, version) VALUES ('4e15396d-6887-4432-a31d-0c845bb95c30', '', NULL, NULL, '2013-06-06 10:43:05.185', NULL, '2013-06-06 10:43:05.185', false, NULL, 'f9006704-227d-44bd-bb45-983eeb6d8c5d', 'T004.999', 'PLAN_SUBTYPE', 'OtherAdjustment', false, 1, 1);
INSERT INTO t_code (id, remarks, ext, created_by, created_at, updated_by, updated_at, deleted, schema_code, code_cat_id, code_key, cat_key, name_key, sys_code, sort_no, version) VALUES ('303da920-7ce1-44b8-96c5-40436cdce33c', '', NULL, NULL, '2013-06-06 10:43:05.188', NULL, '2013-06-06 10:43:05.188', false, NULL, '08215d01-b9c1-4d7b-ab11-0266d4af3056', 'T001', 'COUNT_TYPE', 'DailyAdjustment', false, 1, 1);
INSERT INTO t_code (id, remarks, ext, created_by, created_at, updated_by, updated_at, deleted, schema_code, code_cat_id, code_key, cat_key, name_key, sys_code, sort_no, version) VALUES ('bc831998-3c87-45e9-a982-729c264f95ea', '', NULL, NULL, '2013-06-06 10:43:05.192', NULL, '2013-06-06 10:43:05.192', false, NULL, '08215d01-b9c1-4d7b-ab11-0266d4af3056', 'T002', 'COUNT_TYPE', 'TemporaryAdjustment', false, 1, 1);
INSERT INTO t_code (id, remarks, ext, created_by, created_at, updated_by, updated_at, deleted, schema_code, code_cat_id, code_key, cat_key, name_key, sys_code, sort_no, version) VALUES ('ab93475b-9aec-4aa4-94e2-dbb84c37372d', '', NULL, NULL, '2013-06-06 10:43:05.197', NULL, '2013-06-06 10:43:05.197', false, NULL, '08215d01-b9c1-4d7b-ab11-0266d4af3056', 'T003', 'COUNT_TYPE', 'AssignAdjustment', false, 1, 1);
INSERT INTO t_code (id, remarks, ext, created_by, created_at, updated_by, updated_at, deleted, schema_code, code_cat_id, code_key, cat_key, name_key, sys_code, sort_no, version) VALUES ('3897684a-e3ac-4d2d-9633-83228bb4b638', '', NULL, NULL, '2013-06-06 10:43:05.203', NULL, '2013-06-06 10:43:05.203', false, NULL, '08215d01-b9c1-4d7b-ab11-0266d4af3056', 'T999', 'COUNT_TYPE', 'Other ', false, 1, 1);
INSERT INTO t_code (id, remarks, ext, created_by, created_at, updated_by, updated_at, deleted, schema_code, code_cat_id, code_key, cat_key, name_key, sys_code, sort_no, version) VALUES ('341c9b9d-56a8-41ef-8dd8-f5d29ce2db38', 'Receiving', NULL, NULL, '2013-06-06 10:43:05.203', NULL, '2013-06-06 10:43:05.203', false, NULL, '70b2b03b-4ec2-4f45-ba84-96ae248461f6', 'Receiving', 'STORAGE_TYPE', 'Receiving', false, 1, 1);
INSERT INTO t_code (id, remarks, ext, created_by, created_at, updated_by, updated_at, deleted, schema_code, code_cat_id, code_key, cat_key, name_key, sys_code, sort_no, version) VALUES ('b327dced-577a-4c21-88d4-20e5c174f780', 'Loading Bay', NULL, NULL, '2013-06-06 10:43:05.203', NULL, '2013-06-06 10:43:05.203', false, NULL, '70b2b03b-4ec2-4f45-ba84-96ae248461f6', 'Loading Bay', 'STORAGE_TYPE', 'Loading Bay', false, 1, 1);
INSERT INTO t_code (id, remarks, ext, created_by, created_at, updated_by, updated_at, deleted, schema_code, code_cat_id, code_key, cat_key, name_key, sys_code, sort_no, version) VALUES ('4f8fe6c9-2006-4b22-8e5f-07e7836fc9bd', 'Tempering', NULL, NULL, '2013-06-06 10:43:05.203', NULL, '2013-06-06 10:43:05.203', false, NULL, '70b2b03b-4ec2-4f45-ba84-96ae248461f6', 'Tempering', 'STORAGE_TYPE', 'Tempering', false, 1, 1);
INSERT INTO t_code (id, remarks, ext, created_by, created_at, updated_by, updated_at, deleted, schema_code, code_cat_id, code_key, cat_key, name_key, sys_code, sort_no, version) VALUES ('3fb1637d-7d68-4a02-877e-9618b7ff6f59', 'Ageing', NULL, NULL, '2013-06-06 10:43:05.203', NULL, '2013-06-06 10:43:05.203', false, NULL, '70b2b03b-4ec2-4f45-ba84-96ae248461f6', 'Ageing', 'STORAGE_TYPE', 'Ageing', false, 1, 1);
