create extension hstore;

--group
INSERT INTO t_business(id, remarks, ext, created_by, created_at, updated_by, updated_at, deleted, schema_code, business_code, name_key, version) VALUES ('427d7814-881e-4a5e-9b52-38f404481e35', 'remarks', 'ext', null, '2013-01-12', null, '2013-01-12', false, 'schema_code', 'WILMAR001', 'wilmar', 1);

--company
INSERT INTO t_company(id, remarks, ext, created_by, created_at, updated_by, updated_at, deleted, schema_code, business_id, company_code, name_key, version) VALUES ('e500b748-a38c-4fa1-9675-b569dcbde851', '', '', null, '2013-01-12', null, '2013-01-12', false, 'schema_code', '427d7814-881e-4a5e-9b52-38f404481e35', 'COM002', 'KTMNA', 1);

--warehouse            
INSERT INTO t_warehouse(id, remarks, ext, created_by, created_at, updated_by, updated_at, deleted, schema_code, company_id, warehouse_code, name_key, sort_no, version) VALUES ('fe640b63-5501-44b0-9fb1-6bbd93c5e8e5', 'remarks', 'ext', null, '2013-01-12', null, '2013-01-12', false, 'schema_code', 'e500b748-a38c-4fa1-9675-b569dcbde851', 'WH01', 'WH01', 0, 1);

--storage_type
INSERT INTO t_storage_type (id, remarks, ext, created_by, created_at, updated_by, updated_at, deleted, schema_code, warehouse_id, name_key, sort_no, version) VALUES ('0f74506c-9049-42de-bad7-4588d9a99a5b', NULL, NULL, NULL, '2013-05-29 23:13:42.921', NULL, '2013-05-29 23:13:42.921', false, NULL, 'fe640b63-5501-44b0-9fb1-6bbd93c5e8e5', 'Receiving', 0, 1);
INSERT INTO t_storage_type (id, remarks, ext, created_by, created_at, updated_by, updated_at, deleted, schema_code, warehouse_id, name_key, sort_no, version) VALUES ('bcb8ef5f-b1d7-4b8c-8e81-90fa57669ccc', NULL, NULL, NULL, '2013-05-29 23:13:42.963', NULL, '2013-05-29 23:13:42.963', false, NULL, 'fe640b63-5501-44b0-9fb1-6bbd93c5e8e5', 'Ageing', 0, 1);
INSERT INTO t_storage_type (id, remarks, ext, created_by, created_at, updated_by, updated_at, deleted, schema_code, warehouse_id, name_key, sort_no, version) VALUES ('73688fd9-324f-49b8-a8d8-839c6e0a625b', NULL, NULL, NULL, '2013-05-29 23:13:43.633', NULL, '2013-05-29 23:13:43.633', false, NULL, 'fe640b63-5501-44b0-9fb1-6bbd93c5e8e5', 'Tempering', 0, 1);
INSERT INTO t_storage_type (id, remarks, ext, created_by, created_at, updated_by, updated_at, deleted, schema_code, warehouse_id, name_key, sort_no, version) VALUES ('6a975d26-2273-4af6-b811-8855856440f0', NULL, NULL, NULL, '2013-05-29 23:13:43.793', NULL, '2013-05-29 23:13:43.793', false, NULL, 'fe640b63-5501-44b0-9fb1-6bbd93c5e8e5', 'Loading Bay', 0, 1);

--storage_area
INSERT INTO t_area (id, remarks, ext, created_by, created_at, updated_by, updated_at, deleted, schema_code, warehouse_id, storage_type_id, area_code, name_key, sort_no, version) VALUES ('935ed4b6-e678-4e27-9322-1c78f56aab9d', NULL, NULL, NULL, '2013-05-29 23:13:42.932', NULL, '2013-05-29 23:13:42.932', false, NULL, 'fe640b63-5501-44b0-9fb1-6bbd93c5e8e5', '0f74506c-9049-42de-bad7-4588d9a99a5b', 'Receiving', 'Receiving', 0, 1);
INSERT INTO t_area (id, remarks, ext, created_by, created_at, updated_by, updated_at, deleted, schema_code, warehouse_id, storage_type_id, area_code, name_key, sort_no, version) VALUES ('b0e47101-9a87-4edd-b74b-c033277d5425', NULL, NULL, NULL, '2013-05-29 23:13:42.964', NULL, '2013-05-29 23:13:42.964', false, NULL, 'fe640b63-5501-44b0-9fb1-6bbd93c5e8e5', 'bcb8ef5f-b1d7-4b8c-8e81-90fa57669ccc', 'Ageing-A', 'Ageing-A', 0, 1);
INSERT INTO t_area (id, remarks, ext, created_by, created_at, updated_by, updated_at, deleted, schema_code, warehouse_id, storage_type_id, area_code, name_key, sort_no, version) VALUES ('5890f808-4731-4869-b4cb-bdae6f4b4f2f', NULL, NULL, NULL, '2013-05-29 23:13:43.037', NULL, '2013-05-29 23:13:43.037', false, NULL, 'fe640b63-5501-44b0-9fb1-6bbd93c5e8e5', 'bcb8ef5f-b1d7-4b8c-8e81-90fa57669ccc', 'Ageing-B', 'Ageing-B', 0, 1);
INSERT INTO t_area (id, remarks, ext, created_by, created_at, updated_by, updated_at, deleted, schema_code, warehouse_id, storage_type_id, area_code, name_key, sort_no, version) VALUES ('d27aed5d-7381-42d8-aaa5-e0e14ed6bab5', NULL, NULL, NULL, '2013-05-29 23:13:43.226', NULL, '2013-05-29 23:13:43.226', false, NULL, 'fe640b63-5501-44b0-9fb1-6bbd93c5e8e5', 'bcb8ef5f-b1d7-4b8c-8e81-90fa57669ccc', 'Ageing-C', 'Ageing-C', 0, 1);
INSERT INTO t_area (id, remarks, ext, created_by, created_at, updated_by, updated_at, deleted, schema_code, warehouse_id, storage_type_id, area_code, name_key, sort_no, version) VALUES ('b50ccea6-6678-46a6-9d6f-8900225afb72', NULL, NULL, NULL, '2013-05-29 23:13:43.429', NULL, '2013-05-29 23:13:43.429', false, NULL, 'fe640b63-5501-44b0-9fb1-6bbd93c5e8e5', 'bcb8ef5f-b1d7-4b8c-8e81-90fa57669ccc', 'Ageing-D', 'Ageing-D', 0, 1);
INSERT INTO t_area (id, remarks, ext, created_by, created_at, updated_by, updated_at, deleted, schema_code, warehouse_id, storage_type_id, area_code, name_key, sort_no, version) VALUES ('b403f597-a9e8-49f3-95a4-716fdcf43792', NULL, NULL, NULL, '2013-05-29 23:13:43.633', NULL, '2013-05-29 23:13:43.633', false, NULL, 'fe640b63-5501-44b0-9fb1-6bbd93c5e8e5', '73688fd9-324f-49b8-a8d8-839c6e0a625b', 'Tempering-A', 'Tempering-A', 0, 1);
INSERT INTO t_area (id, remarks, ext, created_by, created_at, updated_by, updated_at, deleted, schema_code, warehouse_id, storage_type_id, area_code, name_key, sort_no, version) VALUES ('547d2ba9-a83d-4a1a-b5c0-b24d61cd3bab', NULL, NULL, NULL, '2013-05-29 23:13:43.664', NULL, '2013-05-29 23:13:43.664', false, NULL, 'fe640b63-5501-44b0-9fb1-6bbd93c5e8e5', '73688fd9-324f-49b8-a8d8-839c6e0a625b', 'Tempering-B', 'Tempering-B', 0, 1);
INSERT INTO t_area (id, remarks, ext, created_by, created_at, updated_by, updated_at, deleted, schema_code, warehouse_id, storage_type_id, area_code, name_key, sort_no, version) VALUES ('d248f5c3-1914-4413-996d-c2fc8bd4079f', NULL, NULL, NULL, '2013-05-29 23:13:43.725', NULL, '2013-05-29 23:13:43.725', false, NULL, 'fe640b63-5501-44b0-9fb1-6bbd93c5e8e5', '73688fd9-324f-49b8-a8d8-839c6e0a625b', 'Tempering-C', 'Tempering-C', 0, 1);
INSERT INTO t_area (id, remarks, ext, created_by, created_at, updated_by, updated_at, deleted, schema_code, warehouse_id, storage_type_id, area_code, name_key, sort_no, version) VALUES ('6c3bdcbf-6c4d-42c3-aa47-9c2d2b9a040e', NULL, NULL, NULL, '2013-05-29 23:13:43.791', NULL, '2013-05-29 23:13:43.791', false, NULL, 'fe640b63-5501-44b0-9fb1-6bbd93c5e8e5', '6a975d26-2273-4af6-b811-8855856440f0', 'Loading Bay-A', 'Loading Bay-A', 0, 1);

--storage_bin
INSERT INTO t_bin (id, remarks, ext, created_by, created_at, updated_by, updated_at, deleted, schema_code, area_id, bin_code, name_key, sort_no, version) VALUES ('715f0306-233e-4f50-b5dd-faab32bdd0a8', NULL, NULL, NULL, '2013-05-29 23:13:42.935', NULL, '2013-05-29 23:13:42.935', false, NULL, '935ed4b6-e678-4e27-9322-1c78f56aab9d', 'RL-01', 'RL-01', 0, 1);
INSERT INTO t_bin (id, remarks, ext, created_by, created_at, updated_by, updated_at, deleted, schema_code, area_id, bin_code, name_key, sort_no, version) VALUES ('dca221c6-40d2-40f6-9792-294a0815931b', NULL, NULL, NULL, '2013-05-29 23:13:42.947', NULL, '2013-05-29 23:13:42.947', false, NULL, '935ed4b6-e678-4e27-9322-1c78f56aab9d', 'RL-02', 'RL-02', 0, 1);
INSERT INTO t_bin (id, remarks, ext, created_by, created_at, updated_by, updated_at, deleted, schema_code, area_id, bin_code, name_key, sort_no, version) VALUES ('380fb40d-903c-41c8-adff-50cce409bcf3', NULL, NULL, NULL, '2013-05-29 23:13:42.952', NULL, '2013-05-29 23:13:42.952', false, NULL, '935ed4b6-e678-4e27-9322-1c78f56aab9d', 'RL-03', 'RL-03', 0, 1);
INSERT INTO t_bin (id, remarks, ext, created_by, created_at, updated_by, updated_at, deleted, schema_code, area_id, bin_code, name_key, sort_no, version) VALUES ('eb1510d6-91fe-4da3-b562-c70450a6e0eb', NULL, NULL, NULL, '2013-05-29 23:13:42.959', NULL, '2013-05-29 23:13:42.959', false, NULL, '935ed4b6-e678-4e27-9322-1c78f56aab9d', 'RL-04', 'RL-04', 0, 1);
INSERT INTO t_bin (id, remarks, ext, created_by, created_at, updated_by, updated_at, deleted, schema_code, area_id, bin_code, name_key, sort_no, version) VALUES ('899d011e-b4ea-4512-a388-cd504e5de3f7', NULL, NULL, NULL, '2013-05-29 23:13:42.965', NULL, '2013-05-29 23:13:42.965', false, NULL, 'b0e47101-9a87-4edd-b74b-c033277d5425', 'A-01', 'A-01', 0, 1);
INSERT INTO t_bin (id, remarks, ext, created_by, created_at, updated_by, updated_at, deleted, schema_code, area_id, bin_code, name_key, sort_no, version) VALUES ('4608dde4-ba50-4e36-ba43-826f97787f11', NULL, NULL, NULL, '2013-05-29 23:13:42.972', NULL, '2013-05-29 23:13:42.972', false, NULL, 'b0e47101-9a87-4edd-b74b-c033277d5425', 'A-02', 'A-02', 0, 1);
INSERT INTO t_bin (id, remarks, ext, created_by, created_at, updated_by, updated_at, deleted, schema_code, area_id, bin_code, name_key, sort_no, version) VALUES ('cf361489-88dc-412a-931b-22d84483ecfd', NULL, NULL, NULL, '2013-05-29 23:13:42.978', NULL, '2013-05-29 23:13:42.978', false, NULL, 'b0e47101-9a87-4edd-b74b-c033277d5425', 'A-03', 'A-03', 0, 1);
INSERT INTO t_bin (id, remarks, ext, created_by, created_at, updated_by, updated_at, deleted, schema_code, area_id, bin_code, name_key, sort_no, version) VALUES ('9c65beb7-190a-4912-9756-cf1343560ddc', NULL, NULL, NULL, '2013-05-29 23:13:43.038', NULL, '2013-05-29 23:13:43.038', false, NULL, '5890f808-4731-4869-b4cb-bdae6f4b4f2f', 'B-01', 'B-01', 0, 1);
INSERT INTO t_bin (id, remarks, ext, created_by, created_at, updated_by, updated_at, deleted, schema_code, area_id, bin_code, name_key, sort_no, version) VALUES ('c4c6a1c6-37c1-40ea-bc7c-0064583de958', NULL, NULL, NULL, '2013-05-29 23:13:43.042', NULL, '2013-05-29 23:13:43.042', false, NULL, '5890f808-4731-4869-b4cb-bdae6f4b4f2f', 'B-02', 'B-02', 0, 1);
INSERT INTO t_bin (id, remarks, ext, created_by, created_at, updated_by, updated_at, deleted, schema_code, area_id, bin_code, name_key, sort_no, version) VALUES ('66b48633-dab2-4ac8-b4a5-832eb46c33fc', NULL, NULL, NULL, '2013-05-29 23:13:43.046', NULL, '2013-05-29 23:13:43.046', false, NULL, '5890f808-4731-4869-b4cb-bdae6f4b4f2f', 'B-03', 'B-03', 0, 1);
INSERT INTO t_bin (id, remarks, ext, created_by, created_at, updated_by, updated_at, deleted, schema_code, area_id, bin_code, name_key, sort_no, version) VALUES ('bde9575e-8a5e-459b-9969-1f4d1de58d37', NULL, NULL, NULL, '2013-05-29 23:13:43.227', NULL, '2013-05-29 23:13:43.227', false, NULL, 'd27aed5d-7381-42d8-aaa5-e0e14ed6bab5', 'C-01', 'C-01', 0, 1);
INSERT INTO t_bin (id, remarks, ext, created_by, created_at, updated_by, updated_at, deleted, schema_code, area_id, bin_code, name_key, sort_no, version) VALUES ('18ff80ab-7ca7-4052-bf54-a3c524e6d497', NULL, NULL, NULL, '2013-05-29 23:13:43.232', NULL, '2013-05-29 23:13:43.232', false, NULL, 'd27aed5d-7381-42d8-aaa5-e0e14ed6bab5', 'C-02', 'C-02', 0, 1);
INSERT INTO t_bin (id, remarks, ext, created_by, created_at, updated_by, updated_at, deleted, schema_code, area_id, bin_code, name_key, sort_no, version) VALUES ('3aaf939e-b5ce-4b1b-9b1d-55255c5e1b1a', NULL, NULL, NULL, '2013-05-29 23:13:43.236', NULL, '2013-05-29 23:13:43.236', false, NULL, 'd27aed5d-7381-42d8-aaa5-e0e14ed6bab5', 'C-03', 'C-03', 0, 1);
INSERT INTO t_bin (id, remarks, ext, created_by, created_at, updated_by, updated_at, deleted, schema_code, area_id, bin_code, name_key, sort_no, version) VALUES ('9c8af5cc-8205-4ff0-858d-49ae804a67c9', NULL, NULL, NULL, '2013-05-29 23:13:43.432', NULL, '2013-05-29 23:13:43.432', false, NULL, 'b50ccea6-6678-46a6-9d6f-8900225afb72', 'D-01', 'D-01', 0, 1);
INSERT INTO t_bin (id, remarks, ext, created_by, created_at, updated_by, updated_at, deleted, schema_code, area_id, bin_code, name_key, sort_no, version) VALUES ('8a2ded81-5e30-4570-8441-662691fa7bb4', NULL, NULL, NULL, '2013-05-29 23:13:43.437', NULL, '2013-05-29 23:13:43.437', false, NULL, 'b50ccea6-6678-46a6-9d6f-8900225afb72', 'D-02', 'D-02', 0, 1);
INSERT INTO t_bin (id, remarks, ext, created_by, created_at, updated_by, updated_at, deleted, schema_code, area_id, bin_code, name_key, sort_no, version) VALUES ('d45b1ec2-f16d-4c22-b3ca-0ead6521cf74', NULL, NULL, NULL, '2013-05-29 23:13:43.446', NULL, '2013-05-29 23:13:43.446', false, NULL, 'b50ccea6-6678-46a6-9d6f-8900225afb72', 'D-03', 'D-03', 0, 1);
INSERT INTO t_bin (id, remarks, ext, created_by, created_at, updated_by, updated_at, deleted, schema_code, area_id, bin_code, name_key, sort_no, version) VALUES ('3f336bda-0df7-48f8-bb94-41076fd0b5b2', NULL, NULL, NULL, '2013-05-29 23:13:43.634', NULL, '2013-05-29 23:13:43.634', false, NULL, 'b403f597-a9e8-49f3-95a4-716fdcf43792', 'TA-01', 'TA-01', 0, 1);
INSERT INTO t_bin (id, remarks, ext, created_by, created_at, updated_by, updated_at, deleted, schema_code, area_id, bin_code, name_key, sort_no, version) VALUES ('f871a3e6-2bfa-4ecd-a8f1-f03604fdd797', NULL, NULL, NULL, '2013-05-29 23:13:43.639', NULL, '2013-05-29 23:13:43.639', false, NULL, 'b403f597-a9e8-49f3-95a4-716fdcf43792', 'TA-02', 'TA-02', 0, 1);
INSERT INTO t_bin (id, remarks, ext, created_by, created_at, updated_by, updated_at, deleted, schema_code, area_id, bin_code, name_key, sort_no, version) VALUES ('02abca66-fde3-4a42-b8f1-87f818db8892', NULL, NULL, NULL, '2013-05-29 23:13:43.644', NULL, '2013-05-29 23:13:43.644', false, NULL, 'b403f597-a9e8-49f3-95a4-716fdcf43792', 'TA-03', 'TA-03', 0, 1);
INSERT INTO t_bin (id, remarks, ext, created_by, created_at, updated_by, updated_at, deleted, schema_code, area_id, bin_code, name_key, sort_no, version) VALUES ('174fa6b2-8e89-4206-8b48-8ac2db0d9a74', NULL, NULL, NULL, '2013-05-29 23:13:43.665', NULL, '2013-05-29 23:13:43.665', false, NULL, '547d2ba9-a83d-4a1a-b5c0-b24d61cd3bab', 'TB-01', 'TB-01', 0, 1);
INSERT INTO t_bin (id, remarks, ext, created_by, created_at, updated_by, updated_at, deleted, schema_code, area_id, bin_code, name_key, sort_no, version) VALUES ('a285131b-c03a-4a28-983c-4db6b52186a3', NULL, NULL, NULL, '2013-05-29 23:13:43.672', NULL, '2013-05-29 23:13:43.672', false, NULL, '547d2ba9-a83d-4a1a-b5c0-b24d61cd3bab', 'TB-02', 'TB-02', 0, 1);
INSERT INTO t_bin (id, remarks, ext, created_by, created_at, updated_by, updated_at, deleted, schema_code, area_id, bin_code, name_key, sort_no, version) VALUES ('19f83a98-bc55-443e-a388-e32f883dd044', NULL, NULL, NULL, '2013-05-29 23:13:43.679', NULL, '2013-05-29 23:13:43.679', false, NULL, '547d2ba9-a83d-4a1a-b5c0-b24d61cd3bab', 'TB-03', 'TB-03', 0, 1);
INSERT INTO t_bin (id, remarks, ext, created_by, created_at, updated_by, updated_at, deleted, schema_code, area_id, bin_code, name_key, sort_no, version) VALUES ('73214d57-eebf-4073-8cc3-31723d889456', NULL, NULL, NULL, '2013-05-29 23:13:43.726', NULL, '2013-05-29 23:13:43.726', false, NULL, 'd248f5c3-1914-4413-996d-c2fc8bd4079f', 'TC-01', 'TC-01', 0, 1);
INSERT INTO t_bin (id, remarks, ext, created_by, created_at, updated_by, updated_at, deleted, schema_code, area_id, bin_code, name_key, sort_no, version) VALUES ('385d1bf9-9c21-4317-a9bd-93301f680807', NULL, NULL, NULL, '2013-05-29 23:13:43.732', NULL, '2013-05-29 23:13:43.732', false, NULL, 'd248f5c3-1914-4413-996d-c2fc8bd4079f', 'TC-02', 'TC-02', 0, 1);
INSERT INTO t_bin (id, remarks, ext, created_by, created_at, updated_by, updated_at, deleted, schema_code, area_id, bin_code, name_key, sort_no, version) VALUES ('f3033d06-fb78-4b53-bcad-debe22e931d6', NULL, NULL, NULL, '2013-05-29 23:13:43.737', NULL, '2013-05-29 23:13:43.737', false, NULL, 'd248f5c3-1914-4413-996d-c2fc8bd4079f', 'TC-03', 'TC-03', 0, 1);
INSERT INTO t_bin (id, remarks, ext, created_by, created_at, updated_by, updated_at, deleted, schema_code, area_id, bin_code, name_key, sort_no, version) VALUES ('2c8e25dd-88ed-4763-b347-7cacc02025e8', NULL, NULL, NULL, '2013-05-29 23:13:43.792', NULL, '2013-05-29 23:13:43.792', false, NULL, '6c3bdcbf-6c4d-42c3-aa47-9c2d2b9a040e', 'LA-01', 'LA-01', 0, 1);
INSERT INTO t_bin (id, remarks, ext, created_by, created_at, updated_by, updated_at, deleted, schema_code, area_id, bin_code, name_key, sort_no, version) VALUES ('cd96489c-d5d1-4afd-a87d-3d913087bfc9', NULL, NULL, NULL, '2013-05-29 23:13:43.798', NULL, '2013-05-29 23:13:43.798', false, NULL, '6c3bdcbf-6c4d-42c3-aa47-9c2d2b9a040e', 'LA-02', 'LA-02', 0, 1);
INSERT INTO t_bin (id, remarks, ext, created_by, created_at, updated_by, updated_at, deleted, schema_code, area_id, bin_code, name_key, sort_no, version) VALUES ('a80da159-4a5c-45e9-9250-c9ac7633437a', NULL, NULL, NULL, '2013-05-29 23:13:43.803', NULL, '2013-05-29 23:13:43.803', false, NULL, '6c3bdcbf-6c4d-42c3-aa47-9c2d2b9a040e', 'LA-03', 'LA-03', 0, 1);

--bin_capacity
INSERT INTO t_bin_capacity (id, remarks, ext, created_by, created_at, updated_by, updated_at, deleted, schema_code, bin_id, capacity_type, capacity, version) VALUES ('d7deb508-4dfd-492d-b2ef-b86567264df3', NULL, NULL, NULL, '2013-05-29 23:13:42.939', NULL, '2013-05-29 23:13:42.939', false, NULL, '715f0306-233e-4f50-b5dd-faab32bdd0a8', 'Kg', NULL, 1);
INSERT INTO t_bin_capacity (id, remarks, ext, created_by, created_at, updated_by, updated_at, deleted, schema_code, bin_id, capacity_type, capacity, version) VALUES ('7fe17f82-f1a6-4a5e-acb6-f049fcc9f4bd', NULL, NULL, NULL, '2013-05-29 23:13:42.947', NULL, '2013-05-29 23:13:42.947', false, NULL, 'dca221c6-40d2-40f6-9792-294a0815931b', 'Kg', NULL, 1);
INSERT INTO t_bin_capacity (id, remarks, ext, created_by, created_at, updated_by, updated_at, deleted, schema_code, bin_id, capacity_type, capacity, version) VALUES ('62e51ed9-3b8c-464b-8fcf-56375595b9e4', NULL, NULL, NULL, '2013-05-29 23:13:42.953', NULL, '2013-05-29 23:13:42.953', false, NULL, '380fb40d-903c-41c8-adff-50cce409bcf3', 'Kg', NULL, 1);
INSERT INTO t_bin_capacity (id, remarks, ext, created_by, created_at, updated_by, updated_at, deleted, schema_code, bin_id, capacity_type, capacity, version) VALUES ('dc748c68-ea13-4431-b940-4307ff5e99fd', NULL, NULL, NULL, '2013-05-29 23:13:42.962', NULL, '2013-05-29 23:13:42.962', false, NULL, 'eb1510d6-91fe-4da3-b562-c70450a6e0eb', 'Kg', NULL, 1);
INSERT INTO t_bin_capacity (id, remarks, ext, created_by, created_at, updated_by, updated_at, deleted, schema_code, bin_id, capacity_type, capacity, version) VALUES ('92206bc8-d9a4-483e-a391-b81e1404df64', NULL, NULL, NULL, '2013-05-29 23:13:42.966', NULL, '2013-05-29 23:13:42.966', false, NULL, '899d011e-b4ea-4512-a388-cd504e5de3f7', 'Kg', 7200.0000, 1);
INSERT INTO t_bin_capacity (id, remarks, ext, created_by, created_at, updated_by, updated_at, deleted, schema_code, bin_id, capacity_type, capacity, version) VALUES ('0ea3da7e-722a-412d-b954-7ade8e966660', NULL, NULL, NULL, '2013-05-29 23:13:42.974', NULL, '2013-05-29 23:13:42.974', false, NULL, '4608dde4-ba50-4e36-ba43-826f97787f11', 'Kg', 7200.0000, 1);
INSERT INTO t_bin_capacity (id, remarks, ext, created_by, created_at, updated_by, updated_at, deleted, schema_code, bin_id, capacity_type, capacity, version) VALUES ('89f532a3-8de9-46b1-b02b-4d34115f919e', NULL, NULL, NULL, '2013-05-29 23:13:42.982', NULL, '2013-05-29 23:13:42.982', false, NULL, 'cf361489-88dc-412a-931b-22d84483ecfd', 'Kg', 12000.0000, 1);
INSERT INTO t_bin_capacity (id, remarks, ext, created_by, created_at, updated_by, updated_at, deleted, schema_code, bin_id, capacity_type, capacity, version) VALUES ('2f087bd4-57df-4302-8bf0-728e9f1e5244', NULL, NULL, NULL, '2013-05-29 23:13:43.039', NULL, '2013-05-29 23:13:43.039', false, NULL, '9c65beb7-190a-4912-9756-cf1343560ddc', 'Kg', 22400.0000, 1);
INSERT INTO t_bin_capacity (id, remarks, ext, created_by, created_at, updated_by, updated_at, deleted, schema_code, bin_id, capacity_type, capacity, version) VALUES ('1bc0aaae-00a0-420b-bdb3-b8104a0125e7', NULL, NULL, NULL, '2013-05-29 23:13:43.043', NULL, '2013-05-29 23:13:43.043', false, NULL, 'c4c6a1c6-37c1-40ea-bc7c-0064583de958', 'Kg', 22400.0000, 1);
INSERT INTO t_bin_capacity (id, remarks, ext, created_by, created_at, updated_by, updated_at, deleted, schema_code, bin_id, capacity_type, capacity, version) VALUES ('dcfd4cf5-59eb-4f62-9315-07e819c94b12', NULL, NULL, NULL, '2013-05-29 23:13:43.047', NULL, '2013-05-29 23:13:43.047', false, NULL, '66b48633-dab2-4ac8-b4a5-832eb46c33fc', 'Kg', 22400.0000, 1);
INSERT INTO t_bin_capacity (id, remarks, ext, created_by, created_at, updated_by, updated_at, deleted, schema_code, bin_id, capacity_type, capacity, version) VALUES ('3e47e362-290b-48cc-855e-85346a94d067', NULL, NULL, NULL, '2013-05-29 23:13:43.228', NULL, '2013-05-29 23:13:43.228', false, NULL, 'bde9575e-8a5e-459b-9969-1f4d1de58d37', 'Kg', 22400.0000, 1);
INSERT INTO t_bin_capacity (id, remarks, ext, created_by, created_at, updated_by, updated_at, deleted, schema_code, bin_id, capacity_type, capacity, version) VALUES ('250bca9d-db7a-4db6-86bb-2dcf4745ea5f', NULL, NULL, NULL, '2013-05-29 23:13:43.232', NULL, '2013-05-29 23:13:43.232', false, NULL, '18ff80ab-7ca7-4052-bf54-a3c524e6d497', 'Kg', 22400.0000, 1);
INSERT INTO t_bin_capacity (id, remarks, ext, created_by, created_at, updated_by, updated_at, deleted, schema_code, bin_id, capacity_type, capacity, version) VALUES ('2fb9cf98-bafb-4d7c-9bdb-fbdbe725fdf6', NULL, NULL, NULL, '2013-05-29 23:13:43.237', NULL, '2013-05-29 23:13:43.237', false, NULL, '3aaf939e-b5ce-4b1b-9b1d-55255c5e1b1a', 'Kg', 22400.0000, 1);
INSERT INTO t_bin_capacity (id, remarks, ext, created_by, created_at, updated_by, updated_at, deleted, schema_code, bin_id, capacity_type, capacity, version) VALUES ('d677b0d6-dd2c-4d19-aceb-180b008a7d7e', NULL, NULL, NULL, '2013-05-29 23:13:43.432', NULL, '2013-05-29 23:13:43.432', false, NULL, '9c8af5cc-8205-4ff0-858d-49ae804a67c9', 'Kg', 22400.0000, 1);
INSERT INTO t_bin_capacity (id, remarks, ext, created_by, created_at, updated_by, updated_at, deleted, schema_code, bin_id, capacity_type, capacity, version) VALUES ('327fc0ed-2bcc-48a5-a8ae-b451bfb912c9', NULL, NULL, NULL, '2013-05-29 23:13:43.439', NULL, '2013-05-29 23:13:43.439', false, NULL, '8a2ded81-5e30-4570-8441-662691fa7bb4', 'Kg', 22400.0000, 1);
INSERT INTO t_bin_capacity (id, remarks, ext, created_by, created_at, updated_by, updated_at, deleted, schema_code, bin_id, capacity_type, capacity, version) VALUES ('d7f1bdcb-5bdf-45a8-ac1b-4488a182cc31', NULL, NULL, NULL, '2013-05-29 23:13:43.447', NULL, '2013-05-29 23:13:43.447', false, NULL, 'd45b1ec2-f16d-4c22-b3ca-0ead6521cf74', 'Kg', 22400.0000, 1);
INSERT INTO t_bin_capacity (id, remarks, ext, created_by, created_at, updated_by, updated_at, deleted, schema_code, bin_id, capacity_type, capacity, version) VALUES ('7ab610fc-3e6d-463b-aa5d-8558a8f6adc9', NULL, NULL, NULL, '2013-05-29 23:13:43.635', NULL, '2013-05-29 23:13:43.635', false, NULL, '3f336bda-0df7-48f8-bb94-41076fd0b5b2', 'Kg', 35200.0000, 1);
INSERT INTO t_bin_capacity (id, remarks, ext, created_by, created_at, updated_by, updated_at, deleted, schema_code, bin_id, capacity_type, capacity, version) VALUES ('50308a34-e139-4f6e-b1a1-4f1f7253ec03', NULL, NULL, NULL, '2013-05-29 23:13:43.639', NULL, '2013-05-29 23:13:43.639', false, NULL, 'f871a3e6-2bfa-4ecd-a8f1-f03604fdd797', 'Kg', 45600.0000, 1);
INSERT INTO t_bin_capacity (id, remarks, ext, created_by, created_at, updated_by, updated_at, deleted, schema_code, bin_id, capacity_type, capacity, version) VALUES ('cd157cc6-0321-4fdd-9a1f-adb3cfdb786f', NULL, NULL, NULL, '2013-05-29 23:13:43.644', NULL, '2013-05-29 23:13:43.644', false, NULL, '02abca66-fde3-4a42-b8f1-87f818db8892', 'Kg', 38400.0000, 1);
INSERT INTO t_bin_capacity (id, remarks, ext, created_by, created_at, updated_by, updated_at, deleted, schema_code, bin_id, capacity_type, capacity, version) VALUES ('b13faf8b-e4e3-4be5-8c01-2cf0bedbaa83', NULL, NULL, NULL, '2013-05-29 23:13:43.666', NULL, '2013-05-29 23:13:43.666', false, NULL, '174fa6b2-8e89-4206-8b48-8ac2db0d9a74', 'Kg', 28800.0000, 1);
INSERT INTO t_bin_capacity (id, remarks, ext, created_by, created_at, updated_by, updated_at, deleted, schema_code, bin_id, capacity_type, capacity, version) VALUES ('5b867305-6267-44ad-9867-da5411ad56e0', NULL, NULL, NULL, '2013-05-29 23:13:43.673', NULL, '2013-05-29 23:13:43.673', false, NULL, 'a285131b-c03a-4a28-983c-4db6b52186a3', 'Kg', 38400.0000, 1);
INSERT INTO t_bin_capacity (id, remarks, ext, created_by, created_at, updated_by, updated_at, deleted, schema_code, bin_id, capacity_type, capacity, version) VALUES ('2a0bc612-6c61-4418-baaf-918dc72f1473', NULL, NULL, NULL, '2013-05-29 23:13:43.683', NULL, '2013-05-29 23:13:43.683', false, NULL, '19f83a98-bc55-443e-a388-e32f883dd044', 'Kg', 38400.0000, 1);
INSERT INTO t_bin_capacity (id, remarks, ext, created_by, created_at, updated_by, updated_at, deleted, schema_code, bin_id, capacity_type, capacity, version) VALUES ('52cbfdcc-4353-4c18-8d2a-d5503e5e2961', NULL, NULL, NULL, '2013-05-29 23:13:43.727', NULL, '2013-05-29 23:13:43.727', false, NULL, '73214d57-eebf-4073-8cc3-31723d889456', 'Kg', 9600.0000, 1);
INSERT INTO t_bin_capacity (id, remarks, ext, created_by, created_at, updated_by, updated_at, deleted, schema_code, bin_id, capacity_type, capacity, version) VALUES ('e760234a-10c6-4d2f-81e9-d094c0cc7f66', NULL, NULL, NULL, '2013-05-29 23:13:43.733', NULL, '2013-05-29 23:13:43.733', false, NULL, '385d1bf9-9c21-4317-a9bd-93301f680807', 'Kg', 12000.0000, 1);
INSERT INTO t_bin_capacity (id, remarks, ext, created_by, created_at, updated_by, updated_at, deleted, schema_code, bin_id, capacity_type, capacity, version) VALUES ('cd9b392b-c607-42f9-936e-12c4423c94e9', NULL, NULL, NULL, '2013-05-29 23:13:43.738', NULL, '2013-05-29 23:13:43.738', false, NULL, 'f3033d06-fb78-4b53-bcad-debe22e931d6', 'Kg', 12000.0000, 1);
INSERT INTO t_bin_capacity (id, remarks, ext, created_by, created_at, updated_by, updated_at, deleted, schema_code, bin_id, capacity_type, capacity, version) VALUES ('eb0396da-4834-46ea-8a89-016ea565467d', NULL, NULL, NULL, '2013-05-29 23:13:43.793', NULL, '2013-05-29 23:13:43.793', false, NULL, '2c8e25dd-88ed-4763-b347-7cacc02025e8', 'Kg', NULL, 1);
INSERT INTO t_bin_capacity (id, remarks, ext, created_by, created_at, updated_by, updated_at, deleted, schema_code, bin_id, capacity_type, capacity, version) VALUES ('cb2ce84a-6c35-4819-8dac-40de6037dbe0', NULL, NULL, NULL, '2013-05-29 23:13:43.799', NULL, '2013-05-29 23:13:43.799', false, NULL, 'cd96489c-d5d1-4afd-a87d-3d913087bfc9', 'Kg', NULL, 1);
INSERT INTO t_bin_capacity (id, remarks, ext, created_by, created_at, updated_by, updated_at, deleted, schema_code, bin_id, capacity_type, capacity, version) VALUES ('119288eb-6ef0-47db-b811-271c3d0ea16a', NULL, NULL, NULL, '2013-05-29 23:13:43.804', NULL, '2013-05-29 23:13:43.804', false, NULL, 'a80da159-4a5c-45e9-9250-c9ac7633437a', 'Kg', NULL, 1);

--owner
INSERT INTO t_owner(id,warehouse_id,owner_code,owner_name,remarks,ext,created_by,created_at,updated_by,updated_at,deleted,version,schema_code)VALUES ('9e5eea55-05ca-4499-b6c4-dd6b058044cc','fe640b63-5501-44b0-9fb1-6bbd93c5e8e5','JS-00000001','KTMNA',null,null,null,'2013-04-08',null,'2013-04-08',false,1,null);       

--material
INSERT INTO t_material (id, remarks, ext, created_by, created_at, updated_by, updated_at, deleted, schema_code, owner_id, material_code, material_name, weight_unit_code, gross_weight, net_weight, volumn_unit_code, volumn, source_type, version) VALUES ('0c432343-40cf-4fd5-808a-ca67f7bffa93', NULL, NULL, NULL, '2013-05-29 23:37:10.05', NULL, '2013-05-29 23:37:10.05', false, NULL, '9e5eea55-05ca-4499-b6c4-dd6b058044cc', '7.010150701401', 'CHOC Oil (Drum) @ 190 Kg', NULL, NULL, 1.0000, NULL, NULL, NULL, 1);
INSERT INTO t_material (id, remarks, ext, created_by, created_at, updated_by, updated_at, deleted, schema_code, owner_id, material_code, material_name, weight_unit_code, gross_weight, net_weight, volumn_unit_code, volumn, source_type, version) VALUES ('b7ce3ec4-4d11-4881-aed7-3b2a00b341ca', NULL, NULL, NULL, '2013-05-29 23:37:10.064', NULL, '2013-05-29 23:37:10.064', false, NULL, '9e5eea55-05ca-4499-b6c4-dd6b058044cc', '7.038010701401', 'SPREAD FAT (RBD PALM OLEIN), MP 18 MAX', NULL, NULL, 1.0000, NULL, NULL, NULL, 1);
INSERT INTO t_material (id, remarks, ext, created_by, created_at, updated_by, updated_at, deleted, schema_code, owner_id, material_code, material_name, weight_unit_code, gross_weight, net_weight, volumn_unit_code, volumn, source_type, version) VALUES ('4cb919bc-5055-4ab1-a970-d89ff01866db', NULL, NULL, NULL, '2013-05-29 23:37:10.07', NULL, '2013-05-29 23:37:10.07', false, NULL, '9e5eea55-05ca-4499-b6c4-dd6b058044cc', '7.036100570901', 'RBD COCONUT OIL @ 18 KG, RCNO 100%', NULL, NULL, 1.0000, NULL, NULL, NULL, 1);
INSERT INTO t_material (id, remarks, ext, created_by, created_at, updated_by, updated_at, deleted, schema_code, owner_id, material_code, material_name, weight_unit_code, gross_weight, net_weight, volumn_unit_code, volumn, source_type, version) VALUES ('0cadd488-f4c5-419a-975c-f04838df1bf4', NULL, NULL, NULL, '2013-05-29 23:37:10.076', NULL, '2013-05-29 23:37:10.076', false, NULL, '9e5eea55-05ca-4499-b6c4-dd6b058044cc', '7.036030570801', 'RBDCNO KOSHER @ 18 KG', NULL, NULL, 1.0000, NULL, NULL, NULL, 1);
INSERT INTO t_material (id, remarks, ext, created_by, created_at, updated_by, updated_at, deleted, schema_code, owner_id, material_code, material_name, weight_unit_code, gross_weight, net_weight, volumn_unit_code, volumn, source_type, version) VALUES ('a1d9d905-5339-4268-94c5-79dc030512bb', NULL, NULL, NULL, '2013-05-29 23:37:10.08', NULL, '2013-05-29 23:37:10.08', false, NULL, '9e5eea55-05ca-4499-b6c4-dd6b058044cc', '7.037070580801', 'HPKO WILKOTE 100 @ 20 KG', NULL, NULL, 1.0000, NULL, NULL, NULL, 1);  

--material_uom
INSERT INTO t_material_uom (id, remarks, ext, created_by, created_at, updated_by, updated_at, deleted, schema_code, warehouse_id, material_id, uom_code, base_uom, qty_of_base_num, qty_of_base_denom, version) VALUES ('56cb7041-a768-4515-aa2c-deb95aa68163', NULL, NULL, NULL, '2013-05-29 23:37:10.054', NULL, '2013-05-29 23:37:10.054', false, NULL, 'fe640b63-5501-44b0-9fb1-6bbd93c5e8e5', '0c432343-40cf-4fd5-808a-ca67f7bffa93', 'KG', true, 1.0000, 1.0000, 1);
INSERT INTO t_material_uom (id, remarks, ext, created_by, created_at, updated_by, updated_at, deleted, schema_code, warehouse_id, material_id, uom_code, base_uom, qty_of_base_num, qty_of_base_denom, version) VALUES ('63685976-0478-45d2-9b01-5d8354cf238f', NULL, NULL, NULL, '2013-05-29 23:37:10.062', NULL, '2013-05-29 23:37:10.062', false, NULL, 'fe640b63-5501-44b0-9fb1-6bbd93c5e8e5', '0c432343-40cf-4fd5-808a-ca67f7bffa93', 'DRM', false, 190.0000, 1.0000, 1);
INSERT INTO t_material_uom (id, remarks, ext, created_by, created_at, updated_by, updated_at, deleted, schema_code, warehouse_id, material_id, uom_code, base_uom, qty_of_base_num, qty_of_base_denom, version) VALUES ('2f2144b3-3634-440e-9acb-6a93ae0fc0cf', NULL, NULL, NULL, '2013-05-29 23:37:10.065', NULL, '2013-05-29 23:37:10.065', false, NULL, 'fe640b63-5501-44b0-9fb1-6bbd93c5e8e5', 'b7ce3ec4-4d11-4881-aed7-3b2a00b341ca', 'KG', true, 1.0000, 1.0000, 1);
INSERT INTO t_material_uom (id, remarks, ext, created_by, created_at, updated_by, updated_at, deleted, schema_code, warehouse_id, material_id, uom_code, base_uom, qty_of_base_num, qty_of_base_denom, version) VALUES ('5cb5ed1a-de18-44ac-8c61-70c7053e0268', NULL, NULL, NULL, '2013-05-29 23:37:10.068', NULL, '2013-05-29 23:37:10.068', false, NULL, 'fe640b63-5501-44b0-9fb1-6bbd93c5e8e5', 'b7ce3ec4-4d11-4881-aed7-3b2a00b341ca', 'DRM', false, 190.0000, 1.0000, 1);
INSERT INTO t_material_uom (id, remarks, ext, created_by, created_at, updated_by, updated_at, deleted, schema_code, warehouse_id, material_id, uom_code, base_uom, qty_of_base_num, qty_of_base_denom, version) VALUES ('1408498d-5714-4169-a343-f7dcbbf2b7af', NULL, NULL, NULL, '2013-05-29 23:37:10.071', NULL, '2013-05-29 23:37:10.071', false, NULL, 'fe640b63-5501-44b0-9fb1-6bbd93c5e8e5', '4cb919bc-5055-4ab1-a970-d89ff01866db', 'KG', true, 1.0000, 1.0000, 1);
INSERT INTO t_material_uom (id, remarks, ext, created_by, created_at, updated_by, updated_at, deleted, schema_code, warehouse_id, material_id, uom_code, base_uom, qty_of_base_num, qty_of_base_denom, version) VALUES ('68a92582-750b-4f8c-9be4-758d57778f8d', NULL, NULL, NULL, '2013-05-29 23:37:10.073', NULL, '2013-05-29 23:37:10.073', false, NULL, 'fe640b63-5501-44b0-9fb1-6bbd93c5e8e5', '4cb919bc-5055-4ab1-a970-d89ff01866db', 'CAR', false, 18.0000, 1.0000, 1);
INSERT INTO t_material_uom (id, remarks, ext, created_by, created_at, updated_by, updated_at, deleted, schema_code, warehouse_id, material_id, uom_code, base_uom, qty_of_base_num, qty_of_base_denom, version) VALUES ('63607007-6080-4d44-ba66-bf8357f1ece2', NULL, NULL, NULL, '2013-05-29 23:37:10.077', NULL, '2013-05-29 23:37:10.077', false, NULL, 'fe640b63-5501-44b0-9fb1-6bbd93c5e8e5', '0cadd488-f4c5-419a-975c-f04838df1bf4', 'KG', true, 1.0000, 1.0000, 1);
INSERT INTO t_material_uom (id, remarks, ext, created_by, created_at, updated_by, updated_at, deleted, schema_code, warehouse_id, material_id, uom_code, base_uom, qty_of_base_num, qty_of_base_denom, version) VALUES ('013cc936-32fd-4785-9fcd-c1c1f5879f42', NULL, NULL, NULL, '2013-05-29 23:37:10.079', NULL, '2013-05-29 23:37:10.079', false, NULL, 'fe640b63-5501-44b0-9fb1-6bbd93c5e8e5', '0cadd488-f4c5-419a-975c-f04838df1bf4', 'CAR', false, 18.0000, 1.0000, 1);
INSERT INTO t_material_uom (id, remarks, ext, created_by, created_at, updated_by, updated_at, deleted, schema_code, warehouse_id, material_id, uom_code, base_uom, qty_of_base_num, qty_of_base_denom, version) VALUES ('619ebfc3-93c2-43d3-b80f-2f6a25d71ae1', NULL, NULL, NULL, '2013-05-29 23:37:10.081', NULL, '2013-05-29 23:37:10.081', false, NULL, 'fe640b63-5501-44b0-9fb1-6bbd93c5e8e5', 'a1d9d905-5339-4268-94c5-79dc030512bb', 'KG', true, 1.0000, 1.0000, 1);
INSERT INTO t_material_uom (id, remarks, ext, created_by, created_at, updated_by, updated_at, deleted, schema_code, warehouse_id, material_id, uom_code, base_uom, qty_of_base_num, qty_of_base_denom, version) VALUES ('f485d5a1-e2a4-42ac-b311-36b2a921e478', NULL, NULL, NULL, '2013-05-29 23:37:10.083', NULL, '2013-05-29 23:37:10.083', false, NULL, 'fe640b63-5501-44b0-9fb1-6bbd93c5e8e5', 'a1d9d905-5339-4268-94c5-79dc030512bb', 'CAR', false, 20.0000, 1.0000, 1);

--uom_capacity_point
INSERT INTO t_uom_capacity_point (id, remarks, ext, created_by, created_at, updated_by, updated_at, deleted, schema_code, material_uom_id, capacity_type, capacity_point, version) VALUES ('39b9c092-eff5-4069-af22-95db8526f932', NULL, NULL, NULL, '2013-05-29 23:37:10.057', NULL, '2013-05-29 23:37:10.057', false, NULL, '56cb7041-a768-4515-aa2c-deb95aa68163', 'Kg', 1.0000, 1);
INSERT INTO t_uom_capacity_point (id, remarks, ext, created_by, created_at, updated_by, updated_at, deleted, schema_code, material_uom_id, capacity_type, capacity_point, version) VALUES ('edaad4e3-6b72-4c21-b79c-f910400afa4b', NULL, NULL, NULL, '2013-05-29 23:37:10.063', NULL, '2013-05-29 23:37:10.063', false, NULL, '63685976-0478-45d2-9b01-5d8354cf238f', 'Kg', 190.0000, 1);
INSERT INTO t_uom_capacity_point (id, remarks, ext, created_by, created_at, updated_by, updated_at, deleted, schema_code, material_uom_id, capacity_type, capacity_point, version) VALUES ('8499a9b8-2fd6-47f8-aa76-00f85c7e3222', NULL, NULL, NULL, '2013-05-29 23:37:10.066', NULL, '2013-05-29 23:37:10.066', false, NULL, '2f2144b3-3634-440e-9acb-6a93ae0fc0cf', 'Kg', 1.0000, 1);
INSERT INTO t_uom_capacity_point (id, remarks, ext, created_by, created_at, updated_by, updated_at, deleted, schema_code, material_uom_id, capacity_type, capacity_point, version) VALUES ('4e18c3ff-f1f8-4bdd-9a51-b2c104301e58', NULL, NULL, NULL, '2013-05-29 23:37:10.069', NULL, '2013-05-29 23:37:10.069', false, NULL, '5cb5ed1a-de18-44ac-8c61-70c7053e0268', 'Kg', 190.0000, 1);
INSERT INTO t_uom_capacity_point (id, remarks, ext, created_by, created_at, updated_by, updated_at, deleted, schema_code, material_uom_id, capacity_type, capacity_point, version) VALUES ('ab7be538-aadc-4b11-a366-ffb2718e1107', NULL, NULL, NULL, '2013-05-29 23:37:10.072', NULL, '2013-05-29 23:37:10.072', false, NULL, '1408498d-5714-4169-a343-f7dcbbf2b7af', 'Kg', 1.0000, 1);
INSERT INTO t_uom_capacity_point (id, remarks, ext, created_by, created_at, updated_by, updated_at, deleted, schema_code, material_uom_id, capacity_type, capacity_point, version) VALUES ('2d1125d5-909c-4355-bd73-d9408690f880', NULL, NULL, NULL, '2013-05-29 23:37:10.074', NULL, '2013-05-29 23:37:10.074', false, NULL, '68a92582-750b-4f8c-9be4-758d57778f8d', 'Kg', 18.0000, 1);
INSERT INTO t_uom_capacity_point (id, remarks, ext, created_by, created_at, updated_by, updated_at, deleted, schema_code, material_uom_id, capacity_type, capacity_point, version) VALUES ('79c74b7f-c389-4462-b9dc-8a1a1ce86ceb', NULL, NULL, NULL, '2013-05-29 23:37:10.078', NULL, '2013-05-29 23:37:10.078', false, NULL, '63607007-6080-4d44-ba66-bf8357f1ece2', 'Kg', 1.0000, 1);
INSERT INTO t_uom_capacity_point (id, remarks, ext, created_by, created_at, updated_by, updated_at, deleted, schema_code, material_uom_id, capacity_type, capacity_point, version) VALUES ('b5f6a410-5b73-47d6-9bab-a56c422b2f5a', NULL, NULL, NULL, '2013-05-29 23:37:10.079', NULL, '2013-05-29 23:37:10.079', false, NULL, '013cc936-32fd-4785-9fcd-c1c1f5879f42', 'Kg', 18.0000, 1);
INSERT INTO t_uom_capacity_point (id, remarks, ext, created_by, created_at, updated_by, updated_at, deleted, schema_code, material_uom_id, capacity_type, capacity_point, version) VALUES ('86c3acb2-8dfa-4e8b-a95e-0e539a880e8d', NULL, NULL, NULL, '2013-05-29 23:37:10.082', NULL, '2013-05-29 23:37:10.082', false, NULL, '619ebfc3-93c2-43d3-b80f-2f6a25d71ae1', 'Kg', 1.0000, 1);
INSERT INTO t_uom_capacity_point (id, remarks, ext, created_by, created_at, updated_by, updated_at, deleted, schema_code, material_uom_id, capacity_type, capacity_point, version) VALUES ('1918cb11-875e-4633-ba71-902f8aaf43a8', NULL, NULL, NULL, '2013-05-29 23:37:10.084', NULL, '2013-05-29 23:37:10.084', false, NULL, 'f485d5a1-e2a4-42ac-b311-36b2a921e478', 'Kg', 20.0000, 1);

--employee_type
insert into T_EMPLOYEE_TYPE (ID, REMARKS, EXT, CREATED_BY, CREATED_AT, UPDATED_BY, UPDATED_AT, DELETED, SCHEMA_CODE, COMPANY_ID, TYPE_CODE, NAME_KEY, SORT_NO, VERSION) values ('db586bf7-9a3d-4d57-930f-705f4589dce5', 'remarks', null, null, '2013-01-12 00:00:00', null, '2013-01-12 00:00:00', false, null, 'e500b748-a38c-4fa1-9675-b569dcbde851', 'ET001', 'Supervisor', 0, 1);
insert into T_EMPLOYEE_TYPE (ID, REMARKS, EXT, CREATED_BY, CREATED_AT, UPDATED_BY, UPDATED_AT, DELETED, SCHEMA_CODE, COMPANY_ID, TYPE_CODE, NAME_KEY, SORT_NO, VERSION) values ('db586bf7-9a3d-4d57-930f-705f4589dce6', 'remarks', null, null, '2013-01-12 00:00:00', null, '2013-01-12 00:00:00', false, null, 'e500b748-a38c-4fa1-9675-b569dcbde851', 'ET002', 'Ass Supervisor', 0, 1);
insert into T_EMPLOYEE_TYPE (ID, REMARKS, EXT, CREATED_BY, CREATED_AT, UPDATED_BY, UPDATED_AT, DELETED, SCHEMA_CODE, COMPANY_ID, TYPE_CODE, NAME_KEY, SORT_NO, VERSION) values ('db586bf7-9a3d-4d57-930f-705f4589dce7', 'remarks', null, null, '2013-01-12 00:00:00', null, '2013-01-12 00:00:00', false, null, 'e500b748-a38c-4fa1-9675-b569dcbde851', 'ET003', 'Admin', 0, 1);
insert into T_EMPLOYEE_TYPE (ID, REMARKS, EXT, CREATED_BY, CREATED_AT, UPDATED_BY, UPDATED_AT, DELETED, SCHEMA_CODE, COMPANY_ID, TYPE_CODE, NAME_KEY, SORT_NO, VERSION) values ('db586bf7-9a3d-4d57-930f-705f4589dce8', 'remarks', null, null, '2013-01-12 00:00:00', null, '2013-01-12 00:00:00', false, null, 'e500b748-a38c-4fa1-9675-b569dcbde851', 'ET004', 'Stocker', 0, 1);
insert into T_EMPLOYEE_TYPE (ID, REMARKS, EXT, CREATED_BY, CREATED_AT, UPDATED_BY, UPDATED_AT, DELETED, SCHEMA_CODE, COMPANY_ID, TYPE_CODE, NAME_KEY, SORT_NO, VERSION) values ('db586bf7-9a3d-4d57-930f-705f4589dce9', 'remarks', null, null, '2013-01-12 00:00:00', null, '2013-01-12 00:00:00', false, null, 'e500b748-a38c-4fa1-9675-b569dcbde851', 'ET005', 'Leader Shift', 0, 1);
insert into T_EMPLOYEE_TYPE (ID, REMARKS, EXT, CREATED_BY, CREATED_AT, UPDATED_BY, UPDATED_AT, DELETED, SCHEMA_CODE, COMPANY_ID, TYPE_CODE, NAME_KEY, SORT_NO, VERSION) values ('db586bf7-9a3d-4d57-930f-705f4589dce1', 'remarks', null, null, '2013-01-12 00:00:00', null, '2013-01-12 00:00:00', false, null, 'e500b748-a38c-4fa1-9675-b569dcbde851', 'ET006', 'Forklift Driver', 0, 1);
insert into T_EMPLOYEE_TYPE (ID, REMARKS, EXT, CREATED_BY, CREATED_AT, UPDATED_BY, UPDATED_AT, DELETED, SCHEMA_CODE, COMPANY_ID, TYPE_CODE, NAME_KEY, SORT_NO, VERSION) values ('db586bf7-9a3d-4d57-930f-705f4589dce4', 'remarks', null, null, '2013-01-12 00:00:00', null, '2013-01-12 00:00:00', false, null, 'e500b748-a38c-4fa1-9675-b569dcbde851', 'ET007', 'Tally Man', 0, 1);

--employee
INSERT INTO t_employee(id, remarks, ext, created_by, created_at, updated_by, updated_at, deleted, schema_code, company_id, employee_type_id, employee_code, employee_name, version) VALUES ('19571b51-2214-4648-9e2a-07f96db1738d', 'remarks', 'ext', null, '2013-01-12', null, '2013-01-12', false, 'schema_code', 'e500b748-a38c-4fa1-9675-b569dcbde851', 'db586bf7-9a3d-4d57-930f-705f4589dce5', 'EM001', 'Rumlik', 1);
INSERT INTO t_employee(id, remarks, ext, created_by, created_at, updated_by, updated_at, deleted, schema_code, company_id, employee_type_id, employee_code, employee_name, version) VALUES ('19571b51-2214-4648-9e2a-07f96db17381', 'remarks', 'ext', null, '2013-01-12', null, '2013-01-12', false, 'schema_code', 'e500b748-a38c-4fa1-9675-b569dcbde851', 'db586bf7-9a3d-4d57-930f-705f4589dce6', 'EM002', 'Jeprin Turnip', 1);
INSERT INTO t_employee(id, remarks, ext, created_by, created_at, updated_by, updated_at, deleted, schema_code, company_id, employee_type_id, employee_code, employee_name, version) VALUES ('2f0c0f3f-d71f-4ff8-bfa0-28254f2f74da', 'remarks', 'ext', null, '2013-01-12', null, '2013-01-12', false, 'schema_code', 'e500b748-a38c-4fa1-9675-b569dcbde851', 'db586bf7-9a3d-4d57-930f-705f4589dce7', 'EM003', 'Hotmaida Saragih', 1);
INSERT INTO t_employee(id, remarks, ext, created_by, created_at, updated_by, updated_at, deleted, schema_code, company_id, employee_type_id, employee_code, employee_name, version) VALUES ('9a4986c7-4995-4a7d-b599-93595fd7a288', 'remarks', 'ext', null, '2013-01-12', null, '2013-01-12', false, 'schema_code', 'e500b748-a38c-4fa1-9675-b569dcbde851', 'db586bf7-9a3d-4d57-930f-705f4589dce7', 'EM003', 'Lusiana Handayani', 1);
INSERT INTO t_employee(id, remarks, ext, created_by, created_at, updated_by, updated_at, deleted, schema_code, company_id, employee_type_id, employee_code, employee_name, version) VALUES ('19571b51-2214-4648-9e2a-07f96db1739d', 'remarks', 'ext', null, '2013-01-12', null, '2013-01-12', false, 'schema_code', 'e500b748-a38c-4fa1-9675-b569dcbde851', 'db586bf7-9a3d-4d57-930f-705f4589dce8', 'EM004', 'Sugiharto', 1);
INSERT INTO t_employee(id, remarks, ext, created_by, created_at, updated_by, updated_at, deleted, schema_code, company_id, employee_type_id, employee_code, employee_name, version) VALUES ('19571b51-2214-4648-9e2a-07f96db17382', 'remarks', 'ext', null, '2013-01-12', null, '2013-01-12', false, 'schema_code', 'e500b748-a38c-4fa1-9675-b569dcbde851', 'db586bf7-9a3d-4d57-930f-705f4589dce9', 'EM005', 'Sastro Manik', 1);
INSERT INTO t_employee(id, remarks, ext, created_by, created_at, updated_by, updated_at, deleted, schema_code, company_id, employee_type_id, employee_code, employee_name, version) VALUES ('2f0c0f3f-d71f-4ff8-bfa0-28254f2f75da', 'remarks', 'ext', null, '2013-01-12', null, '2013-01-12', false, 'schema_code', 'e500b748-a38c-4fa1-9675-b569dcbde851', 'db586bf7-9a3d-4d57-930f-705f4589dce9', 'EM005', 'M. Iwan Syahputera', 1);
INSERT INTO t_employee(id, remarks, ext, created_by, created_at, updated_by, updated_at, deleted, schema_code, company_id, employee_type_id, employee_code, employee_name, version) VALUES ('9a4986c7-4995-4a7d-b599-93595fd7a287', 'remarks', 'ext', null, '2013-01-12', null, '2013-01-12', false, 'schema_code', 'e500b748-a38c-4fa1-9675-b569dcbde851', 'db586bf7-9a3d-4d57-930f-705f4589dce9', 'EM005', 'Denni Marbun', 1);
INSERT INTO t_employee(id, remarks, ext, created_by, created_at, updated_by, updated_at, deleted, schema_code, company_id, employee_type_id, employee_code, employee_name, version) VALUES ('8c0328a0-d35e-4568-a884-6a951056134c', 'remarks', 'ext', null, '2013-01-12', null, '2013-01-12', false, 'schema_code', 'e500b748-a38c-4fa1-9675-b569dcbde851', 'db586bf7-9a3d-4d57-930f-705f4589dce9', 'EM005', 'M. Nuri', 1);
INSERT INTO t_employee(id, remarks, ext, created_by, created_at, updated_by, updated_at, deleted, schema_code, company_id, employee_type_id, employee_code, employee_name, version) VALUES ('d6faf6d5-4573-4ec7-a1f7-b399400fc12c', 'remarks', 'ext', null, '2013-01-12', null, '2013-01-12', false, 'schema_code', 'e500b748-a38c-4fa1-9675-b569dcbde851', 'db586bf7-9a3d-4d57-930f-705f4589dce9', 'EM005', 'A.Aswin R Nst', 1);
INSERT INTO t_employee(id, remarks, ext, created_by, created_at, updated_by, updated_at, deleted, schema_code, company_id, employee_type_id, employee_code, employee_name, version) VALUES ('41d851ae-b2f7-441e-bd44-e49a934572bc', 'remarks', 'ext', null, '2013-01-12', null, '2013-01-12', false, 'schema_code', 'e500b748-a38c-4fa1-9675-b569dcbde851', 'db586bf7-9a3d-4d57-930f-705f4589dce1', 'EM006', 'Satar Situmorang', 1);
INSERT INTO t_employee(id, remarks, ext, created_by, created_at, updated_by, updated_at, deleted, schema_code, company_id, employee_type_id, employee_code, employee_name, version) VALUES ('fc10a5a7-3caf-4210-ae91-690d3cc7b607', 'remarks', 'ext', null, '2013-01-12', null, '2013-01-12', false, 'schema_code', 'e500b748-a38c-4fa1-9675-b569dcbde851', 'db586bf7-9a3d-4d57-930f-705f4589dce1', 'EM006', 'Fahri', 1);
INSERT INTO t_employee(id, remarks, ext, created_by, created_at, updated_by, updated_at, deleted, schema_code, company_id, employee_type_id, employee_code, employee_name, version) VALUES ('20a1e0fb-fab3-42cb-845c-cb26a944a10c', 'remarks', 'ext', null, '2013-01-12', null, '2013-01-12', false, 'schema_code', 'e500b748-a38c-4fa1-9675-b569dcbde851', 'db586bf7-9a3d-4d57-930f-705f4589dce1', 'EM006', 'Ramli', 1);
INSERT INTO t_employee(id, remarks, ext, created_by, created_at, updated_by, updated_at, deleted, schema_code, company_id, employee_type_id, employee_code, employee_name, version) VALUES ('f8d6fd48-75eb-4a2d-b16d-0a828ccc9ac4', 'remarks', 'ext', null, '2013-01-12', null, '2013-01-12', false, 'schema_code', 'e500b748-a38c-4fa1-9675-b569dcbde851', 'db586bf7-9a3d-4d57-930f-705f4589dce1', 'EM006', 'Iwan', 1);
INSERT INTO t_employee(id, remarks, ext, created_by, created_at, updated_by, updated_at, deleted, schema_code, company_id, employee_type_id, employee_code, employee_name, version) VALUES ('73aa5c37-9256-4561-ac9f-920f9f5255ee', 'remarks', 'ext', null, '2013-01-12', null, '2013-01-12', false, 'schema_code', 'e500b748-a38c-4fa1-9675-b569dcbde851', 'db586bf7-9a3d-4d57-930f-705f4589dce1', 'EM006', 'Mujianto', 1);
INSERT INTO t_employee(id, remarks, ext, created_by, created_at, updated_by, updated_at, deleted, schema_code, company_id, employee_type_id, employee_code, employee_name, version) VALUES ('f8453327-8b01-4d2b-b7bb-c9b2a14f786b', 'remarks', 'ext', null, '2013-01-12', null, '2013-01-12', false, 'schema_code', 'e500b748-a38c-4fa1-9675-b569dcbde851', 'db586bf7-9a3d-4d57-930f-705f4589dce1', 'EM006', 'Amir', 1);
INSERT INTO t_employee(id, remarks, ext, created_by, created_at, updated_by, updated_at, deleted, schema_code, company_id, employee_type_id, employee_code, employee_name, version) VALUES ('e2f1640a-459f-496a-be82-01e537ec55f8', 'remarks', 'ext', null, '2013-01-12', null, '2013-01-12', false, 'schema_code', 'e500b748-a38c-4fa1-9675-b569dcbde851', 'db586bf7-9a3d-4d57-930f-705f4589dce1', 'EM006', 'Kamaruddin', 1);
INSERT INTO t_employee(id, remarks, ext, created_by, created_at, updated_by, updated_at, deleted, schema_code, company_id, employee_type_id, employee_code, employee_name, version) VALUES ('00c07134-0c07-4edd-8efc-1960ebe3bfbe', 'remarks', 'ext', null, '2013-01-12', null, '2013-01-12', false, 'schema_code', 'e500b748-a38c-4fa1-9675-b569dcbde851', 'db586bf7-9a3d-4d57-930f-705f4589dce1', 'EM006', 'Rasiman', 1);
INSERT INTO t_employee(id, remarks, ext, created_by, created_at, updated_by, updated_at, deleted, schema_code, company_id, employee_type_id, employee_code, employee_name, version) VALUES ('793481fd-eaa3-4450-b76a-ad87138ceec5', 'remarks', 'ext', null, '2013-01-12', null, '2013-01-12', false, 'schema_code', 'e500b748-a38c-4fa1-9675-b569dcbde851', 'db586bf7-9a3d-4d57-930f-705f4589dce1', 'EM006', 'M. Effendi', 1);
INSERT INTO t_employee(id, remarks, ext, created_by, created_at, updated_by, updated_at, deleted, schema_code, company_id, employee_type_id, employee_code, employee_name, version) VALUES ('0161ab70-8d65-4f74-bb96-5b9ded3e1da3', 'remarks', 'ext', null, '2013-01-12', null, '2013-01-12', false, 'schema_code', 'e500b748-a38c-4fa1-9675-b569dcbde851', 'db586bf7-9a3d-4d57-930f-705f4589dce1', 'EM006', 'Paino', 1);
INSERT INTO t_employee(id, remarks, ext, created_by, created_at, updated_by, updated_at, deleted, schema_code, company_id, employee_type_id, employee_code, employee_name, version) VALUES ('3f3881dd-c292-4218-9fc8-e1dbdf4762a4', 'remarks', 'ext', null, '2013-01-12', null, '2013-01-12', false, 'schema_code', 'e500b748-a38c-4fa1-9675-b569dcbde851', 'db586bf7-9a3d-4d57-930f-705f4589dce1', 'EM006', 'Zen Hamid Rambe', 1);
INSERT INTO t_employee(id, remarks, ext, created_by, created_at, updated_by, updated_at, deleted, schema_code, company_id, employee_type_id, employee_code, employee_name, version) VALUES ('d2880194-6f96-4619-8414-bb0c6c23540b', 'remarks', 'ext', null, '2013-01-12', null, '2013-01-12', false, 'schema_code', 'e500b748-a38c-4fa1-9675-b569dcbde851', 'db586bf7-9a3d-4d57-930f-705f4589dce1', 'EM006', 'Zulkifli', 1);
INSERT INTO t_employee(id, remarks, ext, created_by, created_at, updated_by, updated_at, deleted, schema_code, company_id, employee_type_id, employee_code, employee_name, version) VALUES ('03c18f4a-c806-46e2-ac07-5990e506a6d8', 'remarks', 'ext', null, '2013-01-12', null, '2013-01-12', false, 'schema_code', 'e500b748-a38c-4fa1-9675-b569dcbde851', 'db586bf7-9a3d-4d57-930f-705f4589dce4', 'EM007', 'Sutarwin', 1);
INSERT INTO t_employee(id, remarks, ext, created_by, created_at, updated_by, updated_at, deleted, schema_code, company_id, employee_type_id, employee_code, employee_name, version) VALUES ('27f84fac-ebf4-4b87-8c53-e402671df0d1', 'remarks', 'ext', null, '2013-01-12', null, '2013-01-12', false, 'schema_code', 'e500b748-a38c-4fa1-9675-b569dcbde851', 'db586bf7-9a3d-4d57-930f-705f4589dce4', 'EM007', 'Erwin Syahputra', 1);
INSERT INTO t_employee(id, remarks, ext, created_by, created_at, updated_by, updated_at, deleted, schema_code, company_id, employee_type_id, employee_code, employee_name, version) VALUES ('7474bc37-6e23-4302-b941-9b3da15327ca', 'remarks', 'ext', null, '2013-01-12', null, '2013-01-12', false, 'schema_code', 'e500b748-a38c-4fa1-9675-b569dcbde851', 'db586bf7-9a3d-4d57-930f-705f4589dce4', 'EM007', 'Andry Prasetya', 1);
INSERT INTO t_employee(id, remarks, ext, created_by, created_at, updated_by, updated_at, deleted, schema_code, company_id, employee_type_id, employee_code, employee_name, version) VALUES ('1a073852-d1f8-4f39-b271-09b8e90e31d4', 'remarks', 'ext', null, '2013-01-12', null, '2013-01-12', false, 'schema_code', 'e500b748-a38c-4fa1-9675-b569dcbde851', 'db586bf7-9a3d-4d57-930f-705f4589dce4', 'EM007', 'M. Rapai', 1);

--employee_warehouse
INSERT INTO t_employee_warehouse(id, remarks, ext, created_by, created_at, updated_by, updated_at, deleted, schema_code, employee_id, warehouse_id, version) VALUES ('b4625272-0e51-4078-827e-8a2f17fbb125', 'remarks', 'ext', null, '2013-01-12', null, '2013-01-12', false, 'schema_code', '19571b51-2214-4648-9e2a-07f96db1738d', 'fe640b63-5501-44b0-9fb1-6bbd93c5e8e5', 1);
INSERT INTO t_employee_warehouse(id, remarks, ext, created_by, created_at, updated_by, updated_at, deleted, schema_code, employee_id, warehouse_id, version) VALUES ('b4625272-0e51-4078-827e-8a2f17fbb2aa', 'remarks', 'ext', null, '2013-01-12', null, '2013-01-12', false, 'schema_code', '19571b51-2214-4648-9e2a-07f96db17381', 'fe640b63-5501-44b0-9fb1-6bbd93c5e8e5', 1);
INSERT INTO t_employee_warehouse(id, remarks, ext, created_by, created_at, updated_by, updated_at, deleted, schema_code, employee_id, warehouse_id, version) VALUES ('191e5488-6455-40b2-b052-f1b77e401487', 'remarks', 'ext', null, '2013-01-12', null, '2013-01-12', false, 'schema_code', '2f0c0f3f-d71f-4ff8-bfa0-28254f2f74da', 'fe640b63-5501-44b0-9fb1-6bbd93c5e8e5', 1);
INSERT INTO t_employee_warehouse(id, remarks, ext, created_by, created_at, updated_by, updated_at, deleted, schema_code, employee_id, warehouse_id, version) VALUES ('5f188d82-3008-4c9e-be3a-ea3f97ef5cd7', 'remarks', 'ext', null, '2013-01-12', null, '2013-01-12', false, 'schema_code', '9a4986c7-4995-4a7d-b599-93595fd7a288', 'fe640b63-5501-44b0-9fb1-6bbd93c5e8e5', 1);
INSERT INTO t_employee_warehouse(id, remarks, ext, created_by, created_at, updated_by, updated_at, deleted, schema_code, employee_id, warehouse_id, version) VALUES ('b4625272-0e51-4078-827e-8a2f17fbb126', 'remarks', 'ext', null, '2013-01-12', null, '2013-01-12', false, 'schema_code', '19571b51-2214-4648-9e2a-07f96db1739d', 'fe640b63-5501-44b0-9fb1-6bbd93c5e8e5', 1);
INSERT INTO t_employee_warehouse(id, remarks, ext, created_by, created_at, updated_by, updated_at, deleted, schema_code, employee_id, warehouse_id, version) VALUES ('b4625272-0e51-4078-827e-8a2f17fbb5aa', 'remarks', 'ext', null, '2013-01-12', null, '2013-01-12', false, 'schema_code', '19571b51-2214-4648-9e2a-07f96db17382', 'fe640b63-5501-44b0-9fb1-6bbd93c5e8e5', 1);
INSERT INTO t_employee_warehouse(id, remarks, ext, created_by, created_at, updated_by, updated_at, deleted, schema_code, employee_id, warehouse_id, version) VALUES ('191e5488-6455-40b2-b052-f1b77e401481', 'remarks', 'ext', null, '2013-01-12', null, '2013-01-12', false, 'schema_code', '2f0c0f3f-d71f-4ff8-bfa0-28254f2f75da', 'fe640b63-5501-44b0-9fb1-6bbd93c5e8e5', 1);
INSERT INTO t_employee_warehouse(id, remarks, ext, created_by, created_at, updated_by, updated_at, deleted, schema_code, employee_id, warehouse_id, version) VALUES ('5f188d82-3008-4c9e-be3a-ea3f97ef5cd3', 'remarks', 'ext', null, '2013-01-12', null, '2013-01-12', false, 'schema_code', '9a4986c7-4995-4a7d-b599-93595fd7a287', 'fe640b63-5501-44b0-9fb1-6bbd93c5e8e5', 1);
INSERT INTO t_employee_warehouse(id, remarks, ext, created_by, created_at, updated_by, updated_at, deleted, schema_code, employee_id, warehouse_id, version) VALUES ('17d222b2-96f7-4eba-aee8-7a21ea9d5064', 'remarks', 'ext', null, '2013-01-12', null, '2013-01-12', false, 'schema_code', '41d851ae-b2f7-441e-bd44-e49a934572bc', 'fe640b63-5501-44b0-9fb1-6bbd93c5e8e5', 1);
INSERT INTO t_employee_warehouse(id, remarks, ext, created_by, created_at, updated_by, updated_at, deleted, schema_code, employee_id, warehouse_id, version) VALUES ('016a5dcf-a573-4b7c-ac28-7fe218ea2340', 'remarks', 'ext', null, '2013-01-12', null, '2013-01-12', false, 'schema_code', 'fc10a5a7-3caf-4210-ae91-690d3cc7b607', 'fe640b63-5501-44b0-9fb1-6bbd93c5e8e5', 1);
INSERT INTO t_employee_warehouse(id, remarks, ext, created_by, created_at, updated_by, updated_at, deleted, schema_code, employee_id, warehouse_id, version) VALUES ('6d46a1d4-8511-4af8-9ed1-c35711bd88a7', 'remarks', 'ext', null, '2013-01-12', null, '2013-01-12', false, 'schema_code', '20a1e0fb-fab3-42cb-845c-cb26a944a10c', 'fe640b63-5501-44b0-9fb1-6bbd93c5e8e5', 1);
INSERT INTO t_employee_warehouse(id, remarks, ext, created_by, created_at, updated_by, updated_at, deleted, schema_code, employee_id, warehouse_id, version) VALUES ('f1670bdc-136b-45ec-a236-07354eb2666a', 'remarks', 'ext', null, '2013-01-12', null, '2013-01-12', false, 'schema_code', 'f8d6fd48-75eb-4a2d-b16d-0a828ccc9ac4', 'fe640b63-5501-44b0-9fb1-6bbd93c5e8e5', 1);
INSERT INTO t_employee_warehouse(id, remarks, ext, created_by, created_at, updated_by, updated_at, deleted, schema_code, employee_id, warehouse_id, version) VALUES ('4e733f95-4ce0-4fe5-9ffc-7fbebbe25d8d', 'remarks', 'ext', null, '2013-01-12', null, '2013-01-12', false, 'schema_code', '73aa5c37-9256-4561-ac9f-920f9f5255ee', 'fe640b63-5501-44b0-9fb1-6bbd93c5e8e5', 1);
INSERT INTO t_employee_warehouse(id, remarks, ext, created_by, created_at, updated_by, updated_at, deleted, schema_code, employee_id, warehouse_id, version) VALUES ('3a2e0f83-37ff-4d5f-98b4-89385999ed25', 'remarks', 'ext', null, '2013-01-12', null, '2013-01-12', false, 'schema_code', 'f8453327-8b01-4d2b-b7bb-c9b2a14f786b', 'fe640b63-5501-44b0-9fb1-6bbd93c5e8e5', 1);
INSERT INTO t_employee_warehouse(id, remarks, ext, created_by, created_at, updated_by, updated_at, deleted, schema_code, employee_id, warehouse_id, version) VALUES ('2fc1d21f-18cb-47a3-9a0d-daff0d34d093', 'remarks', 'ext', null, '2013-01-12', null, '2013-01-12', false, 'schema_code', '8c0328a0-d35e-4568-a884-6a951056134c', 'fe640b63-5501-44b0-9fb1-6bbd93c5e8e5', 1);
INSERT INTO t_employee_warehouse(id, remarks, ext, created_by, created_at, updated_by, updated_at, deleted, schema_code, employee_id, warehouse_id, version) VALUES ('a7966466-cbdc-48f5-8de3-46b12e4281ad', 'remarks', 'ext', null, '2013-01-12', null, '2013-01-12', false, 'schema_code', 'd6faf6d5-4573-4ec7-a1f7-b399400fc12c', 'fe640b63-5501-44b0-9fb1-6bbd93c5e8e5', 1);
INSERT INTO t_employee_warehouse(id, remarks, ext, created_by, created_at, updated_by, updated_at, deleted, schema_code, employee_id, warehouse_id, version) VALUES ('fa06140c-ff3d-4744-820a-8397ec2f1cbe', 'remarks', 'ext', null, '2013-01-12', null, '2013-01-12', false, 'schema_code', 'e2f1640a-459f-496a-be82-01e537ec55f8', 'fe640b63-5501-44b0-9fb1-6bbd93c5e8e5', 1);
INSERT INTO t_employee_warehouse(id, remarks, ext, created_by, created_at, updated_by, updated_at, deleted, schema_code, employee_id, warehouse_id, version) VALUES ('b1aa9a06-c3a1-444a-9376-d1c4d7dc35ba', 'remarks', 'ext', null, '2013-01-12', null, '2013-01-12', false, 'schema_code', '00c07134-0c07-4edd-8efc-1960ebe3bfbe', 'fe640b63-5501-44b0-9fb1-6bbd93c5e8e5', 1);
INSERT INTO t_employee_warehouse(id, remarks, ext, created_by, created_at, updated_by, updated_at, deleted, schema_code, employee_id, warehouse_id, version) VALUES ('f847d18b-ce81-4e99-94a0-7a72e17d7664', 'remarks', 'ext', null, '2013-01-12', null, '2013-01-12', false, 'schema_code', '793481fd-eaa3-4450-b76a-ad87138ceec5', 'fe640b63-5501-44b0-9fb1-6bbd93c5e8e5', 1);
INSERT INTO t_employee_warehouse(id, remarks, ext, created_by, created_at, updated_by, updated_at, deleted, schema_code, employee_id, warehouse_id, version) VALUES ('6e7ca8d4-8a8f-4ff4-ae42-be264be9610a', 'remarks', 'ext', null, '2013-01-12', null, '2013-01-12', false, 'schema_code', '0161ab70-8d65-4f74-bb96-5b9ded3e1da3', 'fe640b63-5501-44b0-9fb1-6bbd93c5e8e5', 1);
INSERT INTO t_employee_warehouse(id, remarks, ext, created_by, created_at, updated_by, updated_at, deleted, schema_code, employee_id, warehouse_id, version) VALUES ('86b34bc9-44c2-447e-9415-b4af0587275e', 'remarks', 'ext', null, '2013-01-12', null, '2013-01-12', false, 'schema_code', '3f3881dd-c292-4218-9fc8-e1dbdf4762a4', 'fe640b63-5501-44b0-9fb1-6bbd93c5e8e5', 1);
INSERT INTO t_employee_warehouse(id, remarks, ext, created_by, created_at, updated_by, updated_at, deleted, schema_code, employee_id, warehouse_id, version) VALUES ('edc18b5f-6166-4208-bc42-1ff7f62ea3e4', 'remarks', 'ext', null, '2013-01-12', null, '2013-01-12', false, 'schema_code', 'd2880194-6f96-4619-8414-bb0c6c23540b', 'fe640b63-5501-44b0-9fb1-6bbd93c5e8e5', 1);
INSERT INTO t_employee_warehouse(id, remarks, ext, created_by, created_at, updated_by, updated_at, deleted, schema_code, employee_id, warehouse_id, version) VALUES ('f2084675-4ff0-4ff0-9f31-a66fe62644cf', 'remarks', 'ext', null, '2013-01-12', null, '2013-01-12', false, 'schema_code', '03c18f4a-c806-46e2-ac07-5990e506a6d8', 'fe640b63-5501-44b0-9fb1-6bbd93c5e8e5', 1);
INSERT INTO t_employee_warehouse(id, remarks, ext, created_by, created_at, updated_by, updated_at, deleted, schema_code, employee_id, warehouse_id, version) VALUES ('c51744b4-70b4-4fd5-951e-8a2ba3254b3b', 'remarks', 'ext', null, '2013-01-12', null, '2013-01-12', false, 'schema_code', '27f84fac-ebf4-4b87-8c53-e402671df0d1', 'fe640b63-5501-44b0-9fb1-6bbd93c5e8e5', 1);
INSERT INTO t_employee_warehouse(id, remarks, ext, created_by, created_at, updated_by, updated_at, deleted, schema_code, employee_id, warehouse_id, version) VALUES ('7c7f8fb4-db29-4709-8e7c-b744f01f0193', 'remarks', 'ext', null, '2013-01-12', null, '2013-01-12', false, 'schema_code', '7474bc37-6e23-4302-b941-9b3da15327ca', 'fe640b63-5501-44b0-9fb1-6bbd93c5e8e5', 1);
INSERT INTO t_employee_warehouse(id, remarks, ext, created_by, created_at, updated_by, updated_at, deleted, schema_code, employee_id, warehouse_id, version) VALUES ('19e9ff01-cf54-4dbc-a3ac-50027ce09323', 'remarks', 'ext', null, '2013-01-12', null, '2013-01-12', false, 'schema_code', '1a073852-d1f8-4f39-b271-09b8e90e31d4', 'fe640b63-5501-44b0-9fb1-6bbd93c5e8e5', 1);

--user
INSERT INTO t_user(id, ext,  created_at, updated_at, deleted, name,  password_hash, locked, version) VALUES ('2adf213f-8255-4e5f-945a-1ba8de75e98c', '"email"=>"1050206141@qq.com"','2013-05-17 18:03:13.23',  '2013-05-17 18:03:13.23', false, 'admin', 'admin', false, 1);
INSERT INTO t_user(id, ext,  created_at, updated_at, deleted, name,  password_hash, locked, version) VALUES ('2adf213f-8255-4e5f-945a-1ba8de75e97c', '"email"=>"rumlik.fajar@wilmar.co.id"','2013-05-17 18:03:13.23',  '2013-05-17 18:03:13.23', false, 'Rumlik', 'admin', false, 1);
INSERT INTO t_user(id, ext,  created_at, updated_at, deleted, name,  password_hash, locked, version) VALUES ('2adf213f-8255-4e5f-945a-1ba8de75e96c', '"email"=>"jeprin.turnip@wilmar.co.id"','2013-05-17 18:03:13.23',  '2013-05-17 18:03:13.23', false, 'Jeprin', 'admin', false, 1);
INSERT INTO t_user(id, ext,  created_at, updated_at, deleted, name,  password_hash, locked, version) VALUES ('2adf213f-8255-4e5f-945a-1ba8de75e95c', '"email"=>"hotmaida.saragih@wilmar.co.id"','2013-05-17 18:03:13.23',  '2013-05-17 18:03:13.23', false, 'Hotmaida', 'admin', false, 1);
INSERT INTO t_user(id, ext,  created_at, updated_at, deleted, name,  password_hash, locked, version) VALUES ('2adf213f-8255-4e5f-945a-1ba8de75e94c', '"email"=>"lusiana.handayani@wilmar.co.id"','2013-05-17 18:03:13.23',  '2013-05-17 18:03:13.23', false, 'Lusiana', 'admin', false, 1);
INSERT INTO t_user(id, ext,  created_at, updated_at, deleted, name,  password_hash, locked, version) VALUES ('2adf213f-8255-4e5f-945a-1ba8de75e93c', '"email"=>"aswin.nasution@wilmar.co.id"','2013-05-17 18:03:13.23',  '2013-05-17 18:03:13.23', false, 'Sugiharto', 'admin', false, 1);
INSERT INTO t_user(id, ext,  created_at, updated_at, deleted, name,  password_hash, locked, version) VALUES ('2adf213f-8255-4e5f-945a-1ba8de75e92c', '"email"=>"deni.iwansastro@wilmar.co.id"','2013-05-17 18:03:13.23',  '2013-05-17 18:03:13.23', false, 'Leader Plant', 'admin', false, 1);

--business_user
INSERT INTO t_business_user(id, created_at, updated_at, deleted, user_id, business_id, locked, version) VALUES ('12264114-a2fa-47af-bb30-15e170ce0874','2013-05-17 18:03:13.23',  '2013-05-17 18:03:13.23', false,'2adf213f-8255-4e5f-945a-1ba8de75e98c', '427d7814-881e-4a5e-9b52-38f404481e35', False, 1);   
INSERT INTO t_business_user(id, created_at, updated_at, deleted, user_id, business_id, locked, version) VALUES ('12264114-a2fa-47af-bb30-15e170ce0877','2013-05-17 18:03:13.23',  '2013-05-17 18:03:13.23', false,'2adf213f-8255-4e5f-945a-1ba8de75e97c', '427d7814-881e-4a5e-9b52-38f404481e35', False, 1);  
INSERT INTO t_business_user(id, created_at, updated_at, deleted, user_id, business_id, locked, version) VALUES ('12264114-a2fa-47af-bb30-15e170ce0876','2013-05-17 18:03:13.23',  '2013-05-17 18:03:13.23', false,'2adf213f-8255-4e5f-945a-1ba8de75e96c', '427d7814-881e-4a5e-9b52-38f404481e35', False, 1); 
INSERT INTO t_business_user(id, created_at, updated_at, deleted, user_id, business_id, locked, version) VALUES ('12264114-a2fa-47af-bb30-15e170ce0875','2013-05-17 18:03:13.23',  '2013-05-17 18:03:13.23', false,'2adf213f-8255-4e5f-945a-1ba8de75e95c', '427d7814-881e-4a5e-9b52-38f404481e35', False, 1);   
INSERT INTO t_business_user(id, created_at, updated_at, deleted, user_id, business_id, locked, version) VALUES ('12264114-a2fa-47af-bb30-15e170ce0872','2013-05-17 18:03:13.23',  '2013-05-17 18:03:13.23', false,'2adf213f-8255-4e5f-945a-1ba8de75e94c', '427d7814-881e-4a5e-9b52-38f404481e35', False, 1);  
INSERT INTO t_business_user(id, created_at, updated_at, deleted, user_id, business_id, locked, version) VALUES ('12264114-a2fa-47af-bb30-15e170ce0873','2013-05-17 18:03:13.23',  '2013-05-17 18:03:13.23', false,'2adf213f-8255-4e5f-945a-1ba8de75e93c', '427d7814-881e-4a5e-9b52-38f404481e35', False, 1);  
INSERT INTO t_business_user(id, created_at, updated_at, deleted, user_id, business_id, locked, version) VALUES ('12264114-a2fa-47af-bb30-15e170ce0871','2013-05-17 18:03:13.23',  '2013-05-17 18:03:13.23', false,'2adf213f-8255-4e5f-945a-1ba8de75e92c', '427d7814-881e-4a5e-9b52-38f404481e35', False, 1); 

--user_warehouse
INSERT INTO t_user_warehouse(id, created_at, updated_at, deleted, user_id, warehouse_id, version) VALUES ('949cfc4d-defc-45bb-9afb-84c6c0748bfd', '2013-05-17 18:03:13.365', '2013-05-17 18:03:13.365', FALSE,  '2adf213f-8255-4e5f-945a-1ba8de75e98c', 'fe640b63-5501-44b0-9fb1-6bbd93c5e8e5','1');  
INSERT INTO t_user_warehouse(id, created_at, updated_at, deleted, user_id, warehouse_id, version) VALUES ('949cfc4d-defc-45bb-9afb-84c6c0741bfd', '2013-05-17 18:03:13.365', '2013-05-17 18:03:13.365', FALSE,  '2adf213f-8255-4e5f-945a-1ba8de75e97c', 'fe640b63-5501-44b0-9fb1-6bbd93c5e8e5','1'); 
INSERT INTO t_user_warehouse(id, created_at, updated_at, deleted, user_id, warehouse_id, version) VALUES ('949cfc4d-defc-45bb-9afb-84c6c0742bfd', '2013-05-17 18:03:13.365', '2013-05-17 18:03:13.365', FALSE,  '2adf213f-8255-4e5f-945a-1ba8de75e96c', 'fe640b63-5501-44b0-9fb1-6bbd93c5e8e5','1');  
INSERT INTO t_user_warehouse(id, created_at, updated_at, deleted, user_id, warehouse_id, version) VALUES ('949cfc4d-defc-45bb-9afb-84c6c0743bfd', '2013-05-17 18:03:13.365', '2013-05-17 18:03:13.365', FALSE,  '2adf213f-8255-4e5f-945a-1ba8de75e95c', 'fe640b63-5501-44b0-9fb1-6bbd93c5e8e5','1'); 
INSERT INTO t_user_warehouse(id, created_at, updated_at, deleted, user_id, warehouse_id, version) VALUES ('949cfc4d-defc-45bb-9afb-84c6c0744bfd', '2013-05-17 18:03:13.365', '2013-05-17 18:03:13.365', FALSE,  '2adf213f-8255-4e5f-945a-1ba8de75e94c', 'fe640b63-5501-44b0-9fb1-6bbd93c5e8e5','1');  
INSERT INTO t_user_warehouse(id, created_at, updated_at, deleted, user_id, warehouse_id, version) VALUES ('949cfc4d-defc-45bb-9afb-84c6c0745bfd', '2013-05-17 18:03:13.365', '2013-05-17 18:03:13.365', FALSE,  '2adf213f-8255-4e5f-945a-1ba8de75e93c', 'fe640b63-5501-44b0-9fb1-6bbd93c5e8e5','1'); 
INSERT INTO t_user_warehouse(id, created_at, updated_at, deleted, user_id, warehouse_id, version) VALUES ('949cfc4d-defc-45bb-9afb-84c6c0746bfd', '2013-05-17 18:03:13.365', '2013-05-17 18:03:13.365', FALSE,  '2adf213f-8255-4e5f-945a-1ba8de75e92c', 'fe640b63-5501-44b0-9fb1-6bbd93c5e8e5','1');  

--business_user_role
INSERT INTO t_business_user_role(id, created_at, updated_at, deleted, business_user_id, version) VALUES ('02ec138b-b27e-48d0-a6d9-5542e9d5169f','2013-05-17 18:03:13.23',  '2013-05-17 18:03:13.23', false,'12264114-a2fa-47af-bb30-15e170ce0874', 1);   
INSERT INTO t_business_user_role(id, created_at, updated_at, deleted, business_user_id, version) VALUES ('02ec138b-b27e-48d0-a6d9-5542e9d5168f','2013-05-17 18:03:13.23',  '2013-05-17 18:03:13.23', false,'12264114-a2fa-47af-bb30-15e170ce0871', 1);   
INSERT INTO t_business_user_role(id, created_at, updated_at, deleted, business_user_id, version) VALUES ('02ec138b-b27e-48d0-a6d9-5542e9d5167f','2013-05-17 18:03:13.23',  '2013-05-17 18:03:13.23', false,'12264114-a2fa-47af-bb30-15e170ce0872', 1);   
INSERT INTO t_business_user_role(id, created_at, updated_at, deleted, business_user_id, version) VALUES ('02ec138b-b27e-48d0-a6d9-5542e9d5166f','2013-05-17 18:03:13.23',  '2013-05-17 18:03:13.23', false,'12264114-a2fa-47af-bb30-15e170ce0873', 1);   
INSERT INTO t_business_user_role(id, created_at, updated_at, deleted, business_user_id, version) VALUES ('02ec138b-b27e-48d0-a6d9-5542e9d5165f','2013-05-17 18:03:13.23',  '2013-05-17 18:03:13.23', false,'12264114-a2fa-47af-bb30-15e170ce0875', 1);   
INSERT INTO t_business_user_role(id, created_at, updated_at, deleted, business_user_id, version) VALUES ('02ec138b-b27e-48d0-a6d9-5542e9d5164f','2013-05-17 18:03:13.23',  '2013-05-17 18:03:13.23', false,'12264114-a2fa-47af-bb30-15e170ce0876', 1);   
INSERT INTO t_business_user_role(id, created_at, updated_at, deleted, business_user_id, version) VALUES ('02ec138b-b27e-48d0-a6d9-5542e9d5163f','2013-05-17 18:03:13.23',  '2013-05-17 18:03:13.23', false,'12264114-a2fa-47af-bb30-15e170ce0877', 1);

--t_menu_set
INSERT INTO t_menu_set(id, remarks, ext, created_by, created_at, updated_by, updated_at, deleted, schema_code, parent_id, name_key, sort_no, version) VALUES ('05ea566f-4ab6-1250-70da-da03f34c1ffc', '', '', null, '2013-06-06 10:43:04.974', null, '2013-06-06 10:43:04.974', false, '', null, 'Goods Receive', 0, 0);
INSERT INTO t_menu_set(id, remarks, ext, created_by, created_at, updated_by, updated_at, deleted, schema_code, parent_id, name_key, sort_no, version) VALUES ('db422e03-4bbf-a311-ce2d-195c47818244', '', '', null, '2013-06-06 10:43:04.974', null, '2013-06-06 10:43:04.974', false, '', null, 'Goods Transfer', 0, 0);
INSERT INTO t_menu_set(id, remarks, ext, created_by, created_at, updated_by, updated_at, deleted, schema_code, parent_id, name_key, sort_no, version) VALUES ('60a55ddb-39c6-7d21-0765-528f6bdf00c4', '', '', null, '2013-06-06 10:43:04.974', null, '2013-06-06 10:43:04.974', false, '', null, 'Goods Issue', 0, 0);
INSERT INTO t_menu_set(id, remarks, ext, created_by, created_at, updated_by, updated_at, deleted, schema_code, parent_id, name_key, sort_no, version) VALUES ('ef202598-08aa-5535-9ad1-8580aed4eb44', '', '', null, '2013-06-06 10:43:04.974', null, '2013-06-06 10:43:04.974', false, '', null, 'Auxiliary', 0, 0);
INSERT INTO t_menu_set(id, remarks, ext, created_by, created_at, updated_by, updated_at, deleted, schema_code, parent_id, name_key, sort_no, version) VALUES ('d0e9cbf8-43d6-f51c-1a3a-1af654d5db8a', '', '', null, '2013-06-06 10:43:04.974', null, '2013-06-06 10:43:04.974', false, '', null, 'Report', 0, 0);
INSERT INTO t_menu_set(id, remarks, ext, created_by, created_at, updated_by, updated_at, deleted, schema_code, parent_id, name_key, sort_no, version) VALUES ('61dfd9de-0f58-d47f-4ef3-26a571de16d4', '', '', null, '2013-06-06 10:43:04.974', null, '2013-06-06 10:43:04.974', false, '', null, 'SetUp', 0, 0);
INSERT INTO t_menu_set(id, remarks, ext, created_by, created_at, updated_by, updated_at, deleted, schema_code, parent_id, name_key, sort_no, version) VALUES ('dfa19786-f8e9-a715-e75a-433c12959a12', '', '', null, '2013-06-06 10:43:04.974', null, '2013-06-06 10:43:04.974', false, '', null, 'Display', 0, 0);

--menu
INSERT INTO t_menu(id, remarks, ext, created_by, created_at, updated_by, updated_at, deleted, schema_code, menu_set_id, index, name_key, uri, sort_no, version) VALUES ('6717dec5-8068-f624-4a38-7653d903f336', null, null, null, '2013-06-06 10:43:04.974', null, '2013-06-06 10:43:04.974', true, null, null, 0, 'Home', '/', 0, 0);
INSERT INTO t_menu(id, remarks, ext, created_by, created_at, updated_by, updated_at, deleted, schema_code, menu_set_id, index, name_key, uri, sort_no, version) VALUES ('6717dec5-8068-f624-4a38-7653d903f337', null, null, null, '2013-06-06 10:43:04.974', null, '2013-06-06 10:43:04.974', false, null, '05ea566f-4ab6-1250-70da-da03f34c1ffc', 1, 'PI Management', '/inbound/pi', 0, 0);
INSERT INTO t_menu(id, remarks, ext, created_by, created_at, updated_by, updated_at, deleted, schema_code, menu_set_id, index, name_key, uri, sort_no, version) VALUES ('6717dec5-8068-f624-4a38-7653d903f338', null, null, null, '2013-06-06 10:43:04.974', null, '2013-06-06 10:43:04.974', false, null, '05ea566f-4ab6-1250-70da-da03f34c1ffc', 2, 'Plan management', '/inbound/planmanagement', 0, 0);
INSERT INTO t_menu(id, remarks, ext, created_by, created_at, updated_by, updated_at, deleted, schema_code, menu_set_id, index, name_key, uri, sort_no, version) VALUES ('6717dec5-8068-f624-4a38-7653d903f339', null, null, null, '2013-06-06 10:43:04.974', null, '2013-06-06 10:43:04.974', false, null, '05ea566f-4ab6-1250-70da-da03f34c1ffc', 3, 'Execution management', '/inbound/executionmanagement', 0, 0);
INSERT INTO t_menu(id, remarks, ext, created_by, created_at, updated_by, updated_at, deleted, schema_code, menu_set_id, index, name_key, uri, sort_no, version) VALUES ('6717dec5-8068-f624-4a38-7653d903f330', null, null, null, '2013-06-06 10:43:04.974', null, '2013-06-06 10:43:04.974', false, null, 'db422e03-4bbf-a311-ce2d-195c47818244', 4, 'Transfer Plan', '/transfer/transferplan', 0, 0);
INSERT INTO t_menu(id, remarks, ext, created_by, created_at, updated_by, updated_at, deleted, schema_code, menu_set_id, index, name_key, uri, sort_no, version) VALUES ('6717dec5-8068-f624-4a38-7653d903f316', null, null, null, '2013-06-06 10:43:04.974', null, '2013-06-06 10:43:04.974', false, null, 'db422e03-4bbf-a311-ce2d-195c47818244', 5, 'Goods Transfer', '/transfer/goodstransfer', 0, 0);
INSERT INTO t_menu(id, remarks, ext, created_by, created_at, updated_by, updated_at, deleted, schema_code, menu_set_id, index, name_key, uri, sort_no, version) VALUES ('6717dec5-8068-f624-4a38-7653d903f326', null, null, null, '2013-06-06 10:43:04.974', null, '2013-06-06 10:43:04.974', false, null, '60a55ddb-39c6-7d21-0765-528f6bdf00c4', 6, 'CargoPlan Management', '/outbound/cargoplan', 0, 0);
INSERT INTO t_menu(id, remarks, ext, created_by, created_at, updated_by, updated_at, deleted, schema_code, menu_set_id, index, name_key, uri, sort_no, version) VALUES ('6717dec5-8068-f624-4a38-7653d903f346', null, null, null, '2013-06-06 10:43:04.974', null, '2013-06-06 10:43:04.974', false, null, '60a55ddb-39c6-7d21-0765-528f6bdf00c4', 7, 'Goods Stuffing', '/outbound/goodsStuffing', 0, 0);
INSERT INTO t_menu(id, remarks, ext, created_by, created_at, updated_by, updated_at, deleted, schema_code, menu_set_id, index, name_key, uri, sort_no, version) VALUES ('6717dec5-8068-f624-4a38-7653d903f356', null, null, null, '2013-06-06 10:43:04.974', null, '2013-06-06 10:43:04.974', false, null, 'ef202598-08aa-5535-9ad1-8580aed4eb44', 8, 'Stock Adjust', '/adjustment/stockadjust', 0, 0);
INSERT INTO t_menu(id, remarks, ext, created_by, created_at, updated_by, updated_at, deleted, schema_code, menu_set_id, index, name_key, uri, sort_no, version) VALUES ('6717dec5-8068-f624-4a38-7653d903f366', null, null, null, '2013-06-06 10:43:04.974', null, '2013-06-06 10:43:04.974', false, null, 'ef202598-08aa-5535-9ad1-8580aed4eb44', 9, 'Stock Count', '/stockcount/StockCount', 0, 0);
INSERT INTO t_menu(id, remarks, ext, created_by, created_at, updated_by, updated_at, deleted, schema_code, menu_set_id, index, name_key, uri, sort_no, version) VALUES ('6717dec5-8068-f624-4a38-7653d903f376', null, null, null, '2013-06-06 10:43:04.974', null, '2013-06-06 10:43:04.974', false, null, 'ef202598-08aa-5535-9ad1-8580aed4eb44', 10, 'Pallet Arrangement', '/arrangement/palletarrangement', 0, 0);
INSERT INTO t_menu(id, remarks, ext, created_by, created_at, updated_by, updated_at, deleted, schema_code, menu_set_id, index, name_key, uri, sort_no, version) VALUES ('6717dec5-8068-f624-4a38-7653d903f386', null, null, null, '2013-06-06 10:43:04.974', null, '2013-06-06 10:43:04.974', false, null, 'd0e9cbf8-43d6-f51c-1a3a-1af654d5db8a', 11, 'Transaction Query', '/query/TransactionQuery', 0, 0);
INSERT INTO t_menu(id, remarks, ext, created_by, created_at, updated_by, updated_at, deleted, schema_code, menu_set_id, index, name_key, uri, sort_no, version) VALUES ('6717dec5-8068-f624-4a38-7653d903f396', null, null, null, '2013-06-06 10:43:04.974', null, '2013-06-06 10:43:04.974', false, null, 'd0e9cbf8-43d6-f51c-1a3a-1af654d5db8a', 12, 'Warehouse Query', '/query/WarehouseQuery', 0, 0);
INSERT INTO t_menu(id, remarks, ext, created_by, created_at, updated_by, updated_at, deleted, schema_code, menu_set_id, index, name_key, uri, sort_no, version) VALUES ('6717dec5-8068-f624-4a38-7653d903f136', null, null, null, '2013-06-06 10:43:04.974', null, '2013-06-06 10:43:04.974', false, null, 'd0e9cbf8-43d6-f51c-1a3a-1af654d5db8a', 13, 'Production Schedule', '/report/productionSchedule', 0, 0);
INSERT INTO t_menu(id, remarks, ext, created_by, created_at, updated_by, updated_at, deleted, schema_code, menu_set_id, index, name_key, uri, sort_no, version) VALUES ('6717dec5-8068-f624-4a38-7653d903f236', null, null, null, '2013-06-06 10:43:04.974', null, '2013-06-06 10:43:04.974', false, null, 'd0e9cbf8-43d6-f51c-1a3a-1af654d5db8a', 14, 'Tempering Room', '/report/temperingroom', 0, 0);
INSERT INTO t_menu(id, remarks, ext, created_by, created_at, updated_by, updated_at, deleted, schema_code, menu_set_id, index, name_key, uri, sort_no, version) VALUES ('6717dec5-8068-f624-4a38-7653d903f436', null, null, null, '2013-06-06 10:43:04.974', null, '2013-06-06 10:43:04.974', false, null, 'd0e9cbf8-43d6-f51c-1a3a-1af654d5db8a', 15, 'Stuffing Recapitulation', '/report/stuffingrecapitulation', 0, 0);
INSERT INTO t_menu(id, remarks, ext, created_by, created_at, updated_by, updated_at, deleted, schema_code, menu_set_id, index, name_key, uri, sort_no, version) VALUES ('6717dec5-8068-f624-4a38-7653d903f536', null, null, null, '2013-06-06 10:43:04.974', null, '2013-06-06 10:43:04.974', false, null, 'd0e9cbf8-43d6-f51c-1a3a-1af654d5db8a', 16, 'Pack Product Stock', '/report/packProductStock', 0, 0);
INSERT INTO t_menu(id, remarks, ext, created_by, created_at, updated_by, updated_at, deleted, schema_code, menu_set_id, index, name_key, uri, sort_no, version) VALUES ('6717dec5-8068-f624-4a38-7653d903f636', null, null, null, '2013-06-06 10:43:04.974', null, '2013-06-06 10:43:04.974', false, null, '61dfd9de-0f58-d47f-4ef3-26a571de16d4', 17, 'Warehouse Setup', '/setup/warehouse', 0, 0);
INSERT INTO t_menu(id, remarks, ext, created_by, created_at, updated_by, updated_at, deleted, schema_code, menu_set_id, index, name_key, uri, sort_no, version) VALUES ('6717dec5-8068-f624-4a38-7653d903f736', null, null, null, '2013-06-06 10:43:04.974', null, '2013-06-06 10:43:04.974', false, null, '61dfd9de-0f58-d47f-4ef3-26a571de16d4', 18, 'Material Setup', '/setup/materialMaster', 0, 0);
INSERT INTO t_menu(id, remarks, ext, created_by, created_at, updated_by, updated_at, deleted, schema_code, menu_set_id, index, name_key, uri, sort_no, version) VALUES ('6717dec5-8068-f624-4a38-7653d903f836', null, null, null, '2013-06-06 10:43:04.974', null, '2013-06-06 10:43:04.974', true, null, '61dfd9de-0f58-d47f-4ef3-26a571de16d4', 19, 'Code Setup', '/setup/code', 0, 0);
INSERT INTO t_menu(id, remarks, ext, created_by, created_at, updated_by, updated_at, deleted, schema_code, menu_set_id, index, name_key, uri, sort_no, version) VALUES ('6717dec5-8068-f624-4a38-7653d903f936', null, null, null, '2013-06-06 10:43:04.974', null, '2013-06-06 10:43:04.974', true, null, '61dfd9de-0f58-d47f-4ef3-26a571de16d4', 20, 'Paramter Setup', '/setup/config', 0, 0);
INSERT INTO t_menu(id, remarks, ext, created_by, created_at, updated_by, updated_at, deleted, schema_code, menu_set_id, index, name_key, uri, sort_no, version) VALUES ('6717dec5-8068-f624-4a38-7653d901f336', null, null, null, '2013-06-06 10:43:04.974', null, '2013-06-06 10:43:04.974', true, null, '61dfd9de-0f58-d47f-4ef3-26a571de16d4', 21, 'Sequence Setup', '/setup/sequence', 0, 0);
INSERT INTO t_menu(id, remarks, ext, created_by, created_at, updated_by, updated_at, deleted, schema_code, menu_set_id, index, name_key, uri, sort_no, version) VALUES ('6717dec5-8068-f624-4a38-7653d902f336', null, null, null, '2013-06-06 10:43:04.974', null, '2013-06-06 10:43:04.974', false, null, '61dfd9de-0f58-d47f-4ef3-26a571de16d4', 22, 'Employee Setup', '/setup/employee', 0, 0);
INSERT INTO t_menu(id, remarks, ext, created_by, created_at, updated_by, updated_at, deleted, schema_code, menu_set_id, index, name_key, uri, sort_no, version) VALUES ('6717dec5-8068-f624-4a38-7653d904f336', null, null, null, '2013-06-06 10:43:04.974', null, '2013-06-06 10:43:04.974', false, null, '61dfd9de-0f58-d47f-4ef3-26a571de16d4', 23, 'User Setup', '/setup/user', 0, 0);
INSERT INTO t_menu(id, remarks, ext, created_by, created_at, updated_by, updated_at, deleted, schema_code, menu_set_id, index, name_key, uri, sort_no, version) VALUES ('6717dec5-8068-f624-4a38-7653d905f337', null, null, null, '2013-06-06 10:43:04.974', null, '2013-06-06 10:43:04.974', false, null, 'dfa19786-f8e9-a715-e75a-433c12959a12', 24, 'LED Display Receiving', '/display/receiving', 0, 0);
INSERT INTO t_menu(id, remarks, ext, created_by, created_at, updated_by, updated_at, deleted, schema_code, menu_set_id, index, name_key, uri, sort_no, version) VALUES ('6717dec5-8068-f624-4a38-7653d905f336', null, null, null, '2013-06-06 10:43:04.974', null, '2013-06-06 10:43:04.974', false, null, 'dfa19786-f8e9-a715-e75a-433c12959a12', 25, 'LED Display Stuffing', '/display/stuffing', 0, 0);

--code_cate
INSERT INTO t_code_cat (id, remarks, ext, created_by, created_at, updated_by, updated_at, deleted, schema_code, business_id, company_id, warehouse_id, cat_level, cat_key, name_key, sys_code_cat, version) VALUES ('c1325966-c682-48d4-a691-5960ec9af6c5', NULL, NULL, NULL, '2013-06-06 10:43:04.908', NULL, '2013-06-06 10:43:04.908', false, NULL, '427d7814-881e-4a5e-9b52-38f404481e35', 'e500b748-a38c-4fa1-9675-b569dcbde851', 'fe640b63-5501-44b0-9fb1-6bbd93c5e8e5', NULL, 'TRANSACTION_CODE', 'TRANSACTION_CODE', false, 1);
INSERT INTO t_code_cat (id, remarks, ext, created_by, created_at, updated_by, updated_at, deleted, schema_code, business_id, company_id, warehouse_id, cat_level, cat_key, name_key, sys_code_cat, version) VALUES ('11336d8d-c669-44d8-9067-2e24aecd0ff6', NULL, NULL, NULL, '2013-06-06 10:43:05.040', NULL, '2013-06-06 10:43:05.040', false, NULL, '427d7814-881e-4a5e-9b52-38f404481e35', 'e500b748-a38c-4fa1-9675-b569dcbde851', 'fe640b63-5501-44b0-9fb1-6bbd93c5e8e5', NULL, 'ORDER_STATUS', 'ORDER_STATUS', false, 1);
INSERT INTO t_code_cat (id, remarks, ext, created_by, created_at, updated_by, updated_at, deleted, schema_code, business_id, company_id, warehouse_id, cat_level, cat_key, name_key, sys_code_cat, version) VALUES ('6e083ed1-6af4-49f7-9587-de987e28bb63', NULL, NULL, NULL, '2013-06-06 10:43:05.054', NULL, '2013-06-06 10:43:05.054', false, NULL, '427d7814-881e-4a5e-9b52-38f404481e35', 'e500b748-a38c-4fa1-9675-b569dcbde851', 'fe640b63-5501-44b0-9fb1-6bbd93c5e8e5', NULL, 'PLAN_STATUS', 'PLAN_STATUS', false, 1);
INSERT INTO t_code_cat (id, remarks, ext, created_by, created_at, updated_by, updated_at, deleted, schema_code, business_id, company_id, warehouse_id, cat_level, cat_key, name_key, sys_code_cat, version) VALUES ('fcfd85ed-4dd7-47c8-8f14-8142bfc1db52', NULL, NULL, NULL, '2013-06-06 10:43:05.067', NULL, '2013-06-06 10:43:05.067', false, NULL, '427d7814-881e-4a5e-9b52-38f404481e35', 'e500b748-a38c-4fa1-9675-b569dcbde851', 'fe640b63-5501-44b0-9fb1-6bbd93c5e8e5', NULL, 'PALLET_STATUS', 'PALLET_STATUS', false, 1);
INSERT INTO t_code_cat (id, remarks, ext, created_by, created_at, updated_by, updated_at, deleted, schema_code, business_id, company_id, warehouse_id, cat_level, cat_key, name_key, sys_code_cat, version) VALUES ('8ab9dbe9-58f7-484d-b29b-f4d5a025e452', NULL, NULL, NULL, '2013-06-06 10:43:05.075', NULL, '2013-06-06 10:43:05.075', false, NULL, '427d7814-881e-4a5e-9b52-38f404481e35', 'e500b748-a38c-4fa1-9675-b569dcbde851', 'fe640b63-5501-44b0-9fb1-6bbd93c5e8e5', NULL, 'STOCK_STATUS', 'STOCK_STATUS', false, 1);
INSERT INTO t_code_cat (id, remarks, ext, created_by, created_at, updated_by, updated_at, deleted, schema_code, business_id, company_id, warehouse_id, cat_level, cat_key, name_key, sys_code_cat, version) VALUES ('79fed71c-456b-447f-97a4-cb09ff7f89f8', NULL, NULL, NULL, '2013-06-06 10:43:05.089', NULL, '2013-06-06 10:43:05.089', false, NULL, '427d7814-881e-4a5e-9b52-38f404481e35', 'e500b748-a38c-4fa1-9675-b569dcbde851', 'fe640b63-5501-44b0-9fb1-6bbd93c5e8e5', NULL, 'COUNT_STATUS', 'COUNT_STATUS', false, 1);
INSERT INTO t_code_cat (id, remarks, ext, created_by, created_at, updated_by, updated_at, deleted, schema_code, business_id, company_id, warehouse_id, cat_level, cat_key, name_key, sys_code_cat, version) VALUES ('6d696d7f-2485-4925-b5ec-e8fe9651e7bb', NULL, NULL, NULL, '2013-06-06 10:43:05.101', NULL, '2013-06-06 10:43:05.101', false, NULL, '427d7814-881e-4a5e-9b52-38f404481e35', 'e500b748-a38c-4fa1-9675-b569dcbde851', 'fe640b63-5501-44b0-9fb1-6bbd93c5e8e5', NULL, 'UNIT_TYPE', 'UNIT_TYPE', false, 1);
INSERT INTO t_code_cat (id, remarks, ext, created_by, created_at, updated_by, updated_at, deleted, schema_code, business_id, company_id, warehouse_id, cat_level, cat_key, name_key, sys_code_cat, version) VALUES ('5e1848c5-e026-41cc-8386-8b4f3e26018a', NULL, NULL, NULL, '2013-06-06 10:43:05.110', NULL, '2013-06-06 10:43:05.110', false, NULL, '427d7814-881e-4a5e-9b52-38f404481e35', 'e500b748-a38c-4fa1-9675-b569dcbde851', 'fe640b63-5501-44b0-9fb1-6bbd93c5e8e5', NULL, 'SOURCE_TYPE', 'SOURCE_TYPE', false, 1);
INSERT INTO t_code_cat (id, remarks, ext, created_by, created_at, updated_by, updated_at, deleted, schema_code, business_id, company_id, warehouse_id, cat_level, cat_key, name_key, sys_code_cat, version) VALUES ('0298f1e3-70d7-4a8f-b0b8-196439c83305', NULL, NULL, NULL, '2013-06-06 10:43:05.117', NULL, '2013-06-06 10:43:05.117', false, NULL, '427d7814-881e-4a5e-9b52-38f404481e35', 'e500b748-a38c-4fa1-9675-b569dcbde851', 'fe640b63-5501-44b0-9fb1-6bbd93c5e8e5', NULL, 'ORDER_TYPE', 'ORDER_TYPE', false, 1);
INSERT INTO t_code_cat (id, remarks, ext, created_by, created_at, updated_by, updated_at, deleted, schema_code, business_id, company_id, warehouse_id, cat_level, cat_key, name_key, sys_code_cat, version) VALUES ('1043e654-9553-4cc0-9e8c-2857621ab8ce', NULL, NULL, NULL, '2013-06-06 10:43:05.128', NULL, '2013-06-06 10:43:05.128', false, NULL, '427d7814-881e-4a5e-9b52-38f404481e35', 'e500b748-a38c-4fa1-9675-b569dcbde851', 'fe640b63-5501-44b0-9fb1-6bbd93c5e8e5', NULL, 'PLAN_TYPE', 'PLAN_TYPE', false, 1);
INSERT INTO t_code_cat (id, remarks, ext, created_by, created_at, updated_by, updated_at, deleted, schema_code, business_id, company_id, warehouse_id, cat_level, cat_key, name_key, sys_code_cat, version) VALUES ('f9006704-227d-44bd-bb45-983eeb6d8c5d', NULL, NULL, NULL, '2013-06-06 10:43:05.140', NULL, '2013-06-06 10:43:05.140', false, NULL, '427d7814-881e-4a5e-9b52-38f404481e35', 'e500b748-a38c-4fa1-9675-b569dcbde851', 'fe640b63-5501-44b0-9fb1-6bbd93c5e8e5', NULL, 'PLAN_SUBTYPE', 'PLAN_SUBTYPE', false, 1);
INSERT INTO t_code_cat (id, remarks, ext, created_by, created_at, updated_by, updated_at, deleted, schema_code, business_id, company_id, warehouse_id, cat_level, cat_key, name_key, sys_code_cat, version) VALUES ('08215d01-b9c1-4d7b-ab11-0266d4af3056', NULL, NULL, NULL, '2013-06-06 10:43:05.187', NULL, '2013-06-06 10:43:05.187', false, NULL, '427d7814-881e-4a5e-9b52-38f404481e35', 'e500b748-a38c-4fa1-9675-b569dcbde851', 'fe640b63-5501-44b0-9fb1-6bbd93c5e8e5', NULL, 'COUNT_TYPE', 'COUNT_TYPE', false, 1);
INSERT INTO t_code_cat (id, remarks, ext, created_by, created_at, updated_by, updated_at, deleted, schema_code, business_id, company_id, warehouse_id, cat_level, cat_key, name_key, sys_code_cat, version) VALUES ('70b2b03b-4ec2-4f45-ba84-96ae248461f6', NULL, NULL, NULL, '2013-06-06 10:43:05.187', NULL, '2013-06-06 10:43:05.187', false, NULL, '427d7814-881e-4a5e-9b52-38f404481e35', 'e500b748-a38c-4fa1-9675-b569dcbde851', 'fe640b63-5501-44b0-9fb1-6bbd93c5e8e5', NULL, 'STORAGE_TYPE', 'STORAGE_TYPE', false, 1);

--code
INSERT INTO t_code (id, remarks, ext, created_by, created_at, updated_by, updated_at, deleted, schema_code, code_cat_id, code_key, cat_key, name_key, sys_code, sort_no, version) VALUES ('4016a91e-3c5c-4032-ae25-ab3acd93c455', 'receipt', NULL, NULL, '2013-06-06 10:43:04.974', NULL, '2013-06-06 10:43:04.974', false, NULL, 'c1325966-c682-48d4-a691-5960ec9af6c5', 'T101', 'TRANSACTION_CODE', 'Receipt', false, 1, 1);
INSERT INTO t_code (id, remarks, ext, created_by, created_at, updated_by, updated_at, deleted, schema_code, code_cat_id, code_key, cat_key, name_key, sys_code, sort_no, version) VALUES ('9868ec83-d1a2-42c9-8695-3c16740920a7', 'receipt reversed', NULL, NULL, '2013-06-06 10:43:04.984', NULL, '2013-06-06 10:43:04.984', false, NULL, 'c1325966-c682-48d4-a691-5960ec9af6c5', 'T102', 'TRANSACTION_CODE', 'ReceiptReversed', false, 1, 1);
INSERT INTO t_code (id, remarks, ext, created_by, created_at, updated_by, updated_at, deleted, schema_code, code_cat_id, code_key, cat_key, name_key, sys_code, sort_no, version) VALUES ('b1e15d9a-6551-4cf6-b9f6-7b292b8523ba', 'transfer', NULL, NULL, '2013-06-06 10:43:04.988', NULL, '2013-06-06 10:43:04.988', false, NULL, 'c1325966-c682-48d4-a691-5960ec9af6c5', 'T201', 'TRANSACTION_CODE', 'Transfer', false, 1, 1);
INSERT INTO t_code (id, remarks, ext, created_by, created_at, updated_by, updated_at, deleted, schema_code, code_cat_id, code_key, cat_key, name_key, sys_code, sort_no, version) VALUES ('615d674e-df5a-42e2-8e68-d4691335f798', 'transfer from fixed location to moving ()', NULL, NULL, '2013-06-06 10:43:04.991', NULL, '2013-06-06 10:43:04.991', false, NULL, 'c1325966-c682-48d4-a691-5960ec9af6c5', 'T201', 'TRANSACTION_CODE', 'OffShelfReversed', false, 1, 1);
INSERT INTO t_code (id, remarks, ext, created_by, created_at, updated_by, updated_at, deleted, schema_code, code_cat_id, code_key, cat_key, name_key, sys_code, sort_no, version) VALUES ('397ba9f7-8512-40eb-98ed-93018f98a54f', 'transfer from fixed location to moving () reversed', NULL, NULL, '2013-06-06 10:43:04.997', NULL, '2013-06-06 10:43:04.997', false, NULL, 'c1325966-c682-48d4-a691-5960ec9af6c5', 'T202', 'TRANSACTION_CODE', 'OffShelf', false, 1, 1);
INSERT INTO t_code (id, remarks, ext, created_by, created_at, updated_by, updated_at, deleted, schema_code, code_cat_id, code_key, cat_key, name_key, sys_code, sort_no, version) VALUES ('f1ee4e2a-032a-42a1-bcfe-5a7358bdca77', 'transfer from fixed location to fixed location ()', NULL, NULL, '2013-06-06 10:43:05', NULL, '2013-06-06 10:43:05', false, NULL, 'c1325966-c682-48d4-a691-5960ec9af6c5', 'T203', 'TRANSACTION_CODE', 'DirectTransfer', false, 1, 1);
INSERT INTO t_code (id, remarks, ext, created_by, created_at, updated_by, updated_at, deleted, schema_code, code_cat_id, code_key, cat_key, name_key, sys_code, sort_no, version) VALUES ('b22e771e-74ec-47e5-be2b-87ec2bda5a3d', 'transfer from fixed location to fixed location () reversed', NULL, NULL, '2013-06-06 10:43:05.004', NULL, '2013-06-06 10:43:05.004', false, NULL, 'c1325966-c682-48d4-a691-5960ec9af6c5', 'T204', 'TRANSACTION_CODE', 'DirectTransferReversed', false, 1, 1);
INSERT INTO t_code (id, remarks, ext, created_by, created_at, updated_by, updated_at, deleted, schema_code, code_cat_id, code_key, cat_key, name_key, sys_code, sort_no, version) VALUES ('bd603ece-0cee-4005-93b8-b56302fe59a2', 'transfer from moving to fixed location ()', NULL, NULL, '2013-06-06 10:43:05.007', NULL, '2013-06-06 10:43:05.007', false, NULL, 'c1325966-c682-48d4-a691-5960ec9af6c5', 'T205', 'TRANSACTION_CODE', 'OnShelf', false, 1, 1);
INSERT INTO t_code (id, remarks, ext, created_by, created_at, updated_by, updated_at, deleted, schema_code, code_cat_id, code_key, cat_key, name_key, sys_code, sort_no, version) VALUES ('0a75078d-9889-41db-97a0-fef9336e7619', 'transfer from moving to fixed location () reversed', NULL, NULL, '2013-06-06 10:43:05.01', NULL, '2013-06-06 10:43:05.01', false, NULL, 'c1325966-c682-48d4-a691-5960ec9af6c5', 'T206', 'TRANSACTION_CODE', 'OnShelfReversed', false, 1, 1);
INSERT INTO t_code (id, remarks, ext, created_by, created_at, updated_by, updated_at, deleted, schema_code, code_cat_id, code_key, cat_key, name_key, sys_code, sort_no, version) VALUES ('76019a95-a194-4ef6-94b9-9553a52ed830', 'issue', NULL, NULL, '2013-06-06 10:43:05.014', NULL, '2013-06-06 10:43:05.014', false, NULL, 'c1325966-c682-48d4-a691-5960ec9af6c5', 'T301', 'TRANSACTION_CODE', 'Issue', false, 1, 1);
INSERT INTO t_code (id, remarks, ext, created_by, created_at, updated_by, updated_at, deleted, schema_code, code_cat_id, code_key, cat_key, name_key, sys_code, sort_no, version) VALUES ('bf09d8d8-0c29-40b4-ae26-43e94bc697f9', 'issue reversed', NULL, NULL, '2013-06-06 10:43:05.017', NULL, '2013-06-06 10:43:05.017', false, NULL, 'c1325966-c682-48d4-a691-5960ec9af6c5', 'T302', 'TRANSACTION_CODE', 'IssueReversed', false, 1, 1);
INSERT INTO t_code (id, remarks, ext, created_by, created_at, updated_by, updated_at, deleted, schema_code, code_cat_id, code_key, cat_key, name_key, sys_code, sort_no, version) VALUES ('b796609d-d2f0-40b1-84d4-4788ee60d9c1', 'separate', NULL, NULL, '2013-06-06 10:43:05.02', NULL, '2013-06-06 10:43:05.02', false, NULL, 'c1325966-c682-48d4-a691-5960ec9af6c5', 'T401', 'TRANSACTION_CODE', 'Separate', false, 1, 1);
INSERT INTO t_code (id, remarks, ext, created_by, created_at, updated_by, updated_at, deleted, schema_code, code_cat_id, code_key, cat_key, name_key, sys_code, sort_no, version) VALUES ('f9c4c6ab-c7ce-4531-8d97-29e7b636f8cc', 'separate reversed', NULL, NULL, '2013-06-06 10:43:05.022', NULL, '2013-06-06 10:43:05.022', false, NULL, 'c1325966-c682-48d4-a691-5960ec9af6c5', 'T402', 'TRANSACTION_CODE', 'SeparateReversed', false, 1, 1);
INSERT INTO t_code (id, remarks, ext, created_by, created_at, updated_by, updated_at, deleted, schema_code, code_cat_id, code_key, cat_key, name_key, sys_code, sort_no, version) VALUES ('172010ea-c1fd-46a6-8187-3e31491c06bb', 'combine', NULL, NULL, '2013-06-06 10:43:05.024', NULL, '2013-06-06 10:43:05.024', false, NULL, 'c1325966-c682-48d4-a691-5960ec9af6c5', 'T403', 'TRANSACTION_CODE', 'Combine', false, 1, 1);
INSERT INTO t_code (id, remarks, ext, created_by, created_at, updated_by, updated_at, deleted, schema_code, code_cat_id, code_key, cat_key, name_key, sys_code, sort_no, version) VALUES ('f964f21c-e62b-4747-b938-afbefc5fd2d5', 'combine reversed', NULL, NULL, '2013-06-06 10:43:05.028', NULL, '2013-06-06 10:43:05.028', false, NULL, 'c1325966-c682-48d4-a691-5960ec9af6c5', 'T404', 'TRANSACTION_CODE', 'CombineReversed', false, 1, 1);
INSERT INTO t_code (id, remarks, ext, created_by, created_at, updated_by, updated_at, deleted, schema_code, code_cat_id, code_key, cat_key, name_key, sys_code, sort_no, version) VALUES ('ba32484e-5045-470a-995d-35781902bcf5', 'adjust', NULL, NULL, '2013-06-06 10:43:05.032', NULL, '2013-06-06 10:43:05.032', false, NULL, 'c1325966-c682-48d4-a691-5960ec9af6c5', 'T501', 'TRANSACTION_CODE', 'Adjust', false, 1, 1);
INSERT INTO t_code (id, remarks, ext, created_by, created_at, updated_by, updated_at, deleted, schema_code, code_cat_id, code_key, cat_key, name_key, sys_code, sort_no, version) VALUES ('754e1acd-67c0-47e4-9fc4-03845edbebe5', 'repackage', NULL, NULL, '2013-06-06 10:43:05.035', NULL, '2013-06-06 10:43:05.035', false, NULL, 'c1325966-c682-48d4-a691-5960ec9af6c5', 'T405', 'TRANSACTION_CODE', 'Repackage', false, 1, 1);
INSERT INTO t_code (id, remarks, ext, created_by, created_at, updated_by, updated_at, deleted, schema_code, code_cat_id, code_key, cat_key, name_key, sys_code, sort_no, version) VALUES ('14880d47-485c-4c34-881d-740ba41db054', 'repackage reversed', NULL, NULL, '2013-06-06 10:43:05.038', NULL, '2013-06-06 10:43:05.038', false, NULL, 'c1325966-c682-48d4-a691-5960ec9af6c5', 'T406', 'TRANSACTION_CODE', 'RepackageReversed', false, 1, 1);
INSERT INTO t_code (id, remarks, ext, created_by, created_at, updated_by, updated_at, deleted, schema_code, code_cat_id, code_key, cat_key, name_key, sys_code, sort_no, version) VALUES ('d0b91ce3-e3ea-4467-9c72-991834664534', '', NULL, NULL, '2013-06-06 10:43:05.041', NULL, '2013-06-06 10:43:05.041', false, NULL, '11336d8d-c669-44d8-9067-2e24aecd0ff6', 'S000', 'ORDER_STATUS', 'New', false, 1, 1);
INSERT INTO t_code (id, remarks, ext, created_by, created_at, updated_by, updated_at, deleted, schema_code, code_cat_id, code_key, cat_key, name_key, sys_code, sort_no, version) VALUES ('a8d361d9-e115-4706-ae4b-aa9b58398655', '', NULL, NULL, '2013-06-06 10:43:05.044', NULL, '2013-06-06 10:43:05.044', false, NULL, '11336d8d-c669-44d8-9067-2e24aecd0ff6', 'S001', 'ORDER_STATUS', 'Confirm', false, 1, 1);
INSERT INTO t_code (id, remarks, ext, created_by, created_at, updated_by, updated_at, deleted, schema_code, code_cat_id, code_key, cat_key, name_key, sys_code, sort_no, version) VALUES ('d401326a-9354-424d-b895-5e09b72238af', '', NULL, NULL, '2013-06-06 10:43:05.048', NULL, '2013-06-06 10:43:05.048', false, NULL, '11336d8d-c669-44d8-9067-2e24aecd0ff6', 'S002', 'ORDER_STATUS', 'Executeing', false, 1, 1);
INSERT INTO t_code (id, remarks, ext, created_by, created_at, updated_by, updated_at, deleted, schema_code, code_cat_id, code_key, cat_key, name_key, sys_code, sort_no, version) VALUES ('ce37215a-8396-4778-9d33-8ffdf136e354', '', NULL, NULL, '2013-06-06 10:43:05.05', NULL, '2013-06-06 10:43:05.05', false, NULL, '11336d8d-c669-44d8-9067-2e24aecd0ff6', 'S003', 'ORDER_STATUS', 'Executed', false, 1, 1);
INSERT INTO t_code (id, remarks, ext, created_by, created_at, updated_by, updated_at, deleted, schema_code, code_cat_id, code_key, cat_key, name_key, sys_code, sort_no, version) VALUES ('f8aa54fe-d528-415f-ac0f-83a3013ab24f', '', NULL, NULL, '2013-06-06 10:43:05.052', NULL, '2013-06-06 10:43:05.052', false, NULL, '11336d8d-c669-44d8-9067-2e24aecd0ff6', 'S999', 'ORDER_STATUS', 'Cancel', false, 1, 1);
INSERT INTO t_code (id, remarks, ext, created_by, created_at, updated_by, updated_at, deleted, schema_code, code_cat_id, code_key, cat_key, name_key, sys_code, sort_no, version) VALUES ('2c4708b9-94a3-4ee7-87e4-ed7a4dd133a0', '', NULL, NULL, '2013-06-06 10:43:05.055', NULL, '2013-06-06 10:43:05.055', false, NULL, '6e083ed1-6af4-49f7-9587-de987e28bb63', 'S000', 'PLAN_STATUS', 'New', false, 1, 1);
INSERT INTO t_code (id, remarks, ext, created_by, created_at, updated_by, updated_at, deleted, schema_code, code_cat_id, code_key, cat_key, name_key, sys_code, sort_no, version) VALUES ('a369bc4d-c0e5-428c-ad9d-62635a2b6bdd', '', NULL, NULL, '2013-06-06 10:43:05.057', NULL, '2013-06-06 10:43:05.057', false, NULL, '6e083ed1-6af4-49f7-9587-de987e28bb63', 'S001', 'PLAN_STATUS', 'Confirm', false, 1, 1);
INSERT INTO t_code (id, remarks, ext, created_by, created_at, updated_by, updated_at, deleted, schema_code, code_cat_id, code_key, cat_key, name_key, sys_code, sort_no, version) VALUES ('28ade140-886b-4637-b57d-9346fa253dce', '', NULL, NULL, '2013-06-06 10:43:05.059', NULL, '2013-06-06 10:43:05.059', false, NULL, '6e083ed1-6af4-49f7-9587-de987e28bb63', 'S002', 'PLAN_STATUS', 'Executeing', false, 1, 1);
INSERT INTO t_code (id, remarks, ext, created_by, created_at, updated_by, updated_at, deleted, schema_code, code_cat_id, code_key, cat_key, name_key, sys_code, sort_no, version) VALUES ('cf589228-3e92-48f0-b36c-fb9ceaa43ffc', '', NULL, NULL, '2013-06-06 10:43:05.062', NULL, '2013-06-06 10:43:05.062', false, NULL, '6e083ed1-6af4-49f7-9587-de987e28bb63', 'S003', 'PLAN_STATUS', 'Executed', false, 1, 1);
INSERT INTO t_code (id, remarks, ext, created_by, created_at, updated_by, updated_at, deleted, schema_code, code_cat_id, code_key, cat_key, name_key, sys_code, sort_no, version) VALUES ('8a7d1270-0b76-424d-acc6-f362c6bc3374', '', NULL, NULL, '2013-06-06 10:43:05.065', NULL, '2013-06-06 10:43:05.065', false, NULL, '6e083ed1-6af4-49f7-9587-de987e28bb63', 'S999', 'PLAN_STATUS', 'Cancel', false, 1, 1);
INSERT INTO t_code (id, remarks, ext, created_by, created_at, updated_by, updated_at, deleted, schema_code, code_cat_id, code_key, cat_key, name_key, sys_code, sort_no, version) VALUES ('ea204590-a1ed-4851-ad2f-00a1edf61294', '', NULL, NULL, '2013-06-06 10:43:05.068', NULL, '2013-06-06 10:43:05.068', false, NULL, 'fcfd85ed-4dd7-47c8-8f14-8142bfc1db52', 'S000', 'PALLET_STATUS', 'Empty', false, 1, 1);
INSERT INTO t_code (id, remarks, ext, created_by, created_at, updated_by, updated_at, deleted, schema_code, code_cat_id, code_key, cat_key, name_key, sys_code, sort_no, version) VALUES ('3cdb73f5-fffc-4cac-b9c7-53ef28f9e283', '', NULL, NULL, '2013-06-06 10:43:05.071', NULL, '2013-06-06 10:43:05.071', false, NULL, 'fcfd85ed-4dd7-47c8-8f14-8142bfc1db52', 'S001', 'PALLET_STATUS', 'Occupy', false, 1, 1);
INSERT INTO t_code (id, remarks, ext, created_by, created_at, updated_by, updated_at, deleted, schema_code, code_cat_id, code_key, cat_key, name_key, sys_code, sort_no, version) VALUES ('20295b1d-61fd-459d-a4ec-55adbb595f7a', '', NULL, NULL, '2013-06-06 10:43:05.074', NULL, '2013-06-06 10:43:05.074', false, NULL, 'fcfd85ed-4dd7-47c8-8f14-8142bfc1db52', 'S999', 'PALLET_STATUS', 'Scrapped', false, 1, 1);
INSERT INTO t_code (id, remarks, ext, created_by, created_at, updated_by, updated_at, deleted, schema_code, code_cat_id, code_key, cat_key, name_key, sys_code, sort_no, version) VALUES ('29fe74f7-4fca-4aea-bda0-4fa29b0e6811', '', NULL, NULL, '2013-06-06 10:43:05.076', NULL, '2013-06-06 10:43:05.076', false, NULL, '8ab9dbe9-58f7-484d-b29b-f4d5a025e452', 'S000', 'STOCK_STATUS', 'UnConfirm', false, 1, 1);
INSERT INTO t_code (id, remarks, ext, created_by, created_at, updated_by, updated_at, deleted, schema_code, code_cat_id, code_key, cat_key, name_key, sys_code, sort_no, version) VALUES ('c733a6fb-b339-4cc1-82ea-19ce55fcac5b', '', NULL, NULL, '2013-06-06 10:43:05.079', NULL, '2013-06-06 10:43:05.079', false, NULL, '8ab9dbe9-58f7-484d-b29b-f4d5a025e452', 'S001', 'STOCK_STATUS', 'InWarehouse', false, 1, 1);
INSERT INTO t_code (id, remarks, ext, created_by, created_at, updated_by, updated_at, deleted, schema_code, code_cat_id, code_key, cat_key, name_key, sys_code, sort_no, version) VALUES ('011699db-4341-44a6-8131-e9367af046e6', '', NULL, NULL, '2013-06-06 10:43:05.081', NULL, '2013-06-06 10:43:05.081', false, NULL, '8ab9dbe9-58f7-484d-b29b-f4d5a025e452', 'S002', 'STOCK_STATUS', 'Transfering', false, 1, 1);
INSERT INTO t_code (id, remarks, ext, created_by, created_at, updated_by, updated_at, deleted, schema_code, code_cat_id, code_key, cat_key, name_key, sys_code, sort_no, version) VALUES ('b15dbce7-745d-4e54-8081-a0c314492b29', '', NULL, NULL, '2013-06-06 10:43:05.083', NULL, '2013-06-06 10:43:05.083', false, NULL, '8ab9dbe9-58f7-484d-b29b-f4d5a025e452', 'S003', 'STOCK_STATUS', 'Freezed', false, 1, 1);
INSERT INTO t_code (id, remarks, ext, created_by, created_at, updated_by, updated_at, deleted, schema_code, code_cat_id, code_key, cat_key, name_key, sys_code, sort_no, version) VALUES ('41b2de7f-4dbc-45a1-847e-011eac0d9d3c', '', NULL, NULL, '2013-06-06 10:43:05.086', NULL, '2013-06-06 10:43:05.086', false, NULL, '8ab9dbe9-58f7-484d-b29b-f4d5a025e452', 'S004', 'STOCK_STATUS', 'Issued', false, 1, 1);
INSERT INTO t_code (id, remarks, ext, created_by, created_at, updated_by, updated_at, deleted, schema_code, code_cat_id, code_key, cat_key, name_key, sys_code, sort_no, version) VALUES ('3e35b11e-1b12-4074-acd2-2db1fcc3c147', '', NULL, NULL, '2013-06-06 10:43:05.088', NULL, '2013-06-06 10:43:05.088', false, NULL, '8ab9dbe9-58f7-484d-b29b-f4d5a025e452', 'S999', 'STOCK_STATUS', 'Pending', false, 1, 1);
INSERT INTO t_code (id, remarks, ext, created_by, created_at, updated_by, updated_at, deleted, schema_code, code_cat_id, code_key, cat_key, name_key, sys_code, sort_no, version) VALUES ('6b50eec1-af45-4d95-941a-8bb40c38ba0e', '', NULL, NULL, '2013-06-06 10:43:05.09', NULL, '2013-06-06 10:43:05.09', false, NULL, '79fed71c-456b-447f-97a4-cb09ff7f89f8', 'S000', 'COUNT_STATUS', 'New', false, 1, 1);
INSERT INTO t_code (id, remarks, ext, created_by, created_at, updated_by, updated_at, deleted, schema_code, code_cat_id, code_key, cat_key, name_key, sys_code, sort_no, version) VALUES ('dfecb5b1-2a15-40f3-8817-b7b0605bf80b', '', NULL, NULL, '2013-06-06 10:43:05.093', NULL, '2013-06-06 10:43:05.093', false, NULL, '79fed71c-456b-447f-97a4-cb09ff7f89f8', 'S001', 'COUNT_STATUS', 'Confirm', false, 1, 1);
INSERT INTO t_code (id, remarks, ext, created_by, created_at, updated_by, updated_at, deleted, schema_code, code_cat_id, code_key, cat_key, name_key, sys_code, sort_no, version) VALUES ('14d6608a-38f4-47a1-a599-8b51daba27b2', '', NULL, NULL, '2013-06-06 10:43:05.095', NULL, '2013-06-06 10:43:05.095', false, NULL, '79fed71c-456b-447f-97a4-cb09ff7f89f8', 'S002', 'COUNT_STATUS', 'Executeing', false, 1, 1);
INSERT INTO t_code (id, remarks, ext, created_by, created_at, updated_by, updated_at, deleted, schema_code, code_cat_id, code_key, cat_key, name_key, sys_code, sort_no, version) VALUES ('068d0f8d-57fb-4074-8963-2e2b1954b714', '', NULL, NULL, '2013-06-06 10:43:05.098', NULL, '2013-06-06 10:43:05.098', false, NULL, '79fed71c-456b-447f-97a4-cb09ff7f89f8', 'S003', 'COUNT_STATUS', 'Executed', false, 1, 1);
INSERT INTO t_code (id, remarks, ext, created_by, created_at, updated_by, updated_at, deleted, schema_code, code_cat_id, code_key, cat_key, name_key, sys_code, sort_no, version) VALUES ('40b00eeb-1c1b-4098-a4d6-f1f98e73984d', '', NULL, NULL, '2013-06-06 10:43:05.1', NULL, '2013-06-06 10:43:05.1', false, NULL, '79fed71c-456b-447f-97a4-cb09ff7f89f8', 'S999', 'COUNT_STATUS', 'Cancel', false, 1, 1);
INSERT INTO t_code (id, remarks, ext, created_by, created_at, updated_by, updated_at, deleted, schema_code, code_cat_id, code_key, cat_key, name_key, sys_code, sort_no, version) VALUES ('75613099-d0b4-4ace-bcbe-5a526a389368', '', NULL, NULL, '2013-06-06 10:43:05.102', NULL, '2013-06-06 10:43:05.102', false, NULL, '6d696d7f-2485-4925-b5ec-e8fe9651e7bb', 'T001', 'UNIT_TYPE', 'Weight', false, 1, 1);
INSERT INTO t_code (id, remarks, ext, created_by, created_at, updated_by, updated_at, deleted, schema_code, code_cat_id, code_key, cat_key, name_key, sys_code, sort_no, version) VALUES ('064a6a50-81d8-4470-a0af-5a8eacb6c994', '', NULL, NULL, '2013-06-06 10:43:05.106', NULL, '2013-06-06 10:43:05.106', false, NULL, '6d696d7f-2485-4925-b5ec-e8fe9651e7bb', 'T002', 'UNIT_TYPE', 'Volume', false, 1, 1);
INSERT INTO t_code (id, remarks, ext, created_by, created_at, updated_by, updated_at, deleted, schema_code, code_cat_id, code_key, cat_key, name_key, sys_code, sort_no, version) VALUES ('afd740f6-b003-4936-8755-676bb0c5dd0a', '', NULL, NULL, '2013-06-06 10:43:05.108', NULL, '2013-06-06 10:43:05.108', false, NULL, '6d696d7f-2485-4925-b5ec-e8fe9651e7bb', 'T999', 'UNIT_TYPE', 'Other', false, 1, 1);
INSERT INTO t_code (id, remarks, ext, created_by, created_at, updated_by, updated_at, deleted, schema_code, code_cat_id, code_key, cat_key, name_key, sys_code, sort_no, version) VALUES ('f8b8d04d-9871-47ae-a8dc-f584da2f1a89', 'ERP', NULL, NULL, '2013-06-06 10:43:05.11', NULL, '2013-06-06 10:43:05.11', false, NULL, '5e1848c5-e026-41cc-8386-8b4f3e26018a', 'T001', 'SOURCE_TYPE', 'ERP', false, 1, 1);
INSERT INTO t_code (id, remarks, ext, created_by, created_at, updated_by, updated_at, deleted, schema_code, code_cat_id, code_key, cat_key, name_key, sys_code, sort_no, version) VALUES ('1450af6a-ce82-4f2e-b9aa-9b100a12bcc4', '', NULL, NULL, '2013-06-06 10:43:05.113', NULL, '2013-06-06 10:43:05.113', false, NULL, '5e1848c5-e026-41cc-8386-8b4f3e26018a', 'T002', 'SOURCE_TYPE', 'ManualEntry', false, 1, 1);
INSERT INTO t_code (id, remarks, ext, created_by, created_at, updated_by, updated_at, deleted, schema_code, code_cat_id, code_key, cat_key, name_key, sys_code, sort_no, version) VALUES ('d95d99da-8b06-4b05-a9fd-aedf75a5d953', '', NULL, NULL, '2013-06-06 10:43:05.116', NULL, '2013-06-06 10:43:05.116', false, NULL, '5e1848c5-e026-41cc-8386-8b4f3e26018a', 'T999', 'SOURCE_TYPE', 'Other', false, 1, 1);
INSERT INTO t_code (id, remarks, ext, created_by, created_at, updated_by, updated_at, deleted, schema_code, code_cat_id, code_key, cat_key, name_key, sys_code, sort_no, version) VALUES ('0b2cf282-04e7-437c-b84f-d1474e17c6b9', '', NULL, NULL, '2013-06-06 10:43:05.118', NULL, '2013-06-06 10:43:05.118', false, NULL, '0298f1e3-70d7-4a8f-b0b8-196439c83305', 'T001', 'ORDER_TYPE', 'Produce', false, 1, 1);
INSERT INTO t_code (id, remarks, ext, created_by, created_at, updated_by, updated_at, deleted, schema_code, code_cat_id, code_key, cat_key, name_key, sys_code, sort_no, version) VALUES ('c527dfa8-3deb-4d04-98d4-53a9cfeeebf4', '', NULL, NULL, '2013-06-06 10:43:05.12', NULL, '2013-06-06 10:43:05.12', false, NULL, '0298f1e3-70d7-4a8f-b0b8-196439c83305', 'T002', 'ORDER_TYPE', 'Purchase', false, 1, 1);
INSERT INTO t_code (id, remarks, ext, created_by, created_at, updated_by, updated_at, deleted, schema_code, code_cat_id, code_key, cat_key, name_key, sys_code, sort_no, version) VALUES ('7c86cca1-6daa-4b6b-8ab9-fc2bc9c0decd', '', NULL, NULL, '2013-06-06 10:43:05.122', NULL, '2013-06-06 10:43:05.122', false, NULL, '0298f1e3-70d7-4a8f-b0b8-196439c83305', 'T003', 'ORDER_TYPE', 'Sell', false, 1, 1);
INSERT INTO t_code (id, remarks, ext, created_by, created_at, updated_by, updated_at, deleted, schema_code, code_cat_id, code_key, cat_key, name_key, sys_code, sort_no, version) VALUES ('81438c96-37fc-4a17-8e14-cea7b22793ab', '', NULL, NULL, '2013-06-06 10:43:05.125', NULL, '2013-06-06 10:43:05.125', false, NULL, '0298f1e3-70d7-4a8f-b0b8-196439c83305', 'T004', 'ORDER_TYPE', 'Cargo', false, 1, 1);
INSERT INTO t_code (id, remarks, ext, created_by, created_at, updated_by, updated_at, deleted, schema_code, code_cat_id, code_key, cat_key, name_key, sys_code, sort_no, version) VALUES ('2d2406a7-1f63-40ff-b497-fa2777b30131', '', NULL, NULL, '2013-06-06 10:43:05.127', NULL, '2013-06-06 10:43:05.127', false, NULL, '0298f1e3-70d7-4a8f-b0b8-196439c83305', 'T999', 'ORDER_TYPE', 'Other', false, 1, 1);
INSERT INTO t_code (id, remarks, ext, created_by, created_at, updated_by, updated_at, deleted, schema_code, code_cat_id, code_key, cat_key, name_key, sys_code, sort_no, version) VALUES ('3c8c1b5e-114b-46b1-9c25-6eefacee75dd', '', NULL, NULL, '2013-06-06 10:43:05.129', NULL, '2013-06-06 10:43:05.129', false, NULL, '1043e654-9553-4cc0-9e8c-2857621ab8ce', 'T001', 'PLAN_TYPE', 'Receive', false, 1, 1);
INSERT INTO t_code (id, remarks, ext, created_by, created_at, updated_by, updated_at, deleted, schema_code, code_cat_id, code_key, cat_key, name_key, sys_code, sort_no, version) VALUES ('23ab3f0d-e3d1-4964-86b6-c1dac3dc2df6', '', NULL, NULL, '2013-06-06 10:43:05.131', NULL, '2013-06-06 10:43:05.131', false, NULL, '1043e654-9553-4cc0-9e8c-2857621ab8ce', 'T002', 'PLAN_TYPE', 'Transfer', false, 1, 1);
INSERT INTO t_code (id, remarks, ext, created_by, created_at, updated_by, updated_at, deleted, schema_code, code_cat_id, code_key, cat_key, name_key, sys_code, sort_no, version) VALUES ('228fa209-75bc-4298-ad9d-6a49ae799353', '', NULL, NULL, '2013-06-06 10:43:05.134', NULL, '2013-06-06 10:43:05.134', false, NULL, '1043e654-9553-4cc0-9e8c-2857621ab8ce', 'T003', 'PLAN_TYPE', 'Issue', false, 1, 1);
INSERT INTO t_code (id, remarks, ext, created_by, created_at, updated_by, updated_at, deleted, schema_code, code_cat_id, code_key, cat_key, name_key, sys_code, sort_no, version) VALUES ('2c0e698a-c246-4f7c-a9f4-0fb89663d3ff', '', NULL, NULL, '2013-06-06 10:43:05.136', NULL, '2013-06-06 10:43:05.136', false, NULL, '1043e654-9553-4cc0-9e8c-2857621ab8ce', 'T004', 'PLAN_TYPE', 'InternalAdjustment', false, 1, 1);
INSERT INTO t_code (id, remarks, ext, created_by, created_at, updated_by, updated_at, deleted, schema_code, code_cat_id, code_key, cat_key, name_key, sys_code, sort_no, version) VALUES ('d51f7b3f-8a4b-46cc-8edf-2c4030d93411', '', NULL, NULL, '2013-06-06 10:43:05.139', NULL, '2013-06-06 10:43:05.139', false, NULL, '1043e654-9553-4cc0-9e8c-2857621ab8ce', 'T999', 'PLAN_TYPE', 'Other', false, 1, 1);
INSERT INTO t_code (id, remarks, ext, created_by, created_at, updated_by, updated_at, deleted, schema_code, code_cat_id, code_key, cat_key, name_key, sys_code, sort_no, version) VALUES ('626988ce-cb14-40bf-8d49-4109fe538ae3', '', NULL, NULL, '2013-06-06 10:43:05.141', NULL, '2013-06-06 10:43:05.141', false, NULL, 'f9006704-227d-44bd-bb45-983eeb6d8c5d', 'T001.001', 'PLAN_SUBTYPE', 'ProductionReceive', false, 1, 1);
INSERT INTO t_code (id, remarks, ext, created_by, created_at, updated_by, updated_at, deleted, schema_code, code_cat_id, code_key, cat_key, name_key, sys_code, sort_no, version) VALUES ('5366ba76-f8d3-4fa0-ba38-4e662c85fdad', '', NULL, NULL, '2013-06-06 10:43:05.143', NULL, '2013-06-06 10:43:05.143', false, NULL, 'f9006704-227d-44bd-bb45-983eeb6d8c5d', 'T001.002', 'PLAN_SUBTYPE', 'PurchaseReceive', false, 1, 1);
INSERT INTO t_code (id, remarks, ext, created_by, created_at, updated_by, updated_at, deleted, schema_code, code_cat_id, code_key, cat_key, name_key, sys_code, sort_no, version) VALUES ('307659a0-9f00-49fd-bb63-139e0ae9bfe8', '', NULL, NULL, '2013-06-06 10:43:05.146', NULL, '2013-06-06 10:43:05.146', false, NULL, 'f9006704-227d-44bd-bb45-983eeb6d8c5d', 'T001.003', 'PLAN_SUBTYPE', 'ReturnsReceive', false, 1, 1);
INSERT INTO t_code (id, remarks, ext, created_by, created_at, updated_by, updated_at, deleted, schema_code, code_cat_id, code_key, cat_key, name_key, sys_code, sort_no, version) VALUES ('12aa06ba-d515-4822-b529-a9cb7c2cb218', '', NULL, NULL, '2013-06-06 10:43:05.149', NULL, '2013-06-06 10:43:05.149', false, NULL, 'f9006704-227d-44bd-bb45-983eeb6d8c5d', 'T001.004', 'PLAN_SUBTYPE', 'Cross-dockingReceive', false, 1, 1);
INSERT INTO t_code (id, remarks, ext, created_by, created_at, updated_by, updated_at, deleted, schema_code, code_cat_id, code_key, cat_key, name_key, sys_code, sort_no, version) VALUES ('d9f81624-4615-4186-adc2-408ca3b947cf', '', NULL, NULL, '2013-06-06 10:43:05.152', NULL, '2013-06-06 10:43:05.152', false, NULL, 'f9006704-227d-44bd-bb45-983eeb6d8c5d', 'T001.999', 'PLAN_SUBTYPE', 'Other ', false, 1, 1);
INSERT INTO t_code (id, remarks, ext, created_by, created_at, updated_by, updated_at, deleted, schema_code, code_cat_id, code_key, cat_key, name_key, sys_code, sort_no, version) VALUES ('553b1f5f-0a08-4ece-ac3b-81f6f451e66b', '', NULL, NULL, '2013-06-06 10:43:05.155', NULL, '2013-06-06 10:43:05.155', false, NULL, 'f9006704-227d-44bd-bb45-983eeb6d8c5d', 'T002.001', 'PLAN_SUBTYPE', 'OnShelfTransfer', false, 1, 1);
INSERT INTO t_code (id, remarks, ext, created_by, created_at, updated_by, updated_at, deleted, schema_code, code_cat_id, code_key, cat_key, name_key, sys_code, sort_no, version) VALUES ('657b7d63-75ec-43cc-8812-f22014484680', '', NULL, NULL, '2013-06-06 10:43:05.158', NULL, '2013-06-06 10:43:05.158', false, NULL, 'f9006704-227d-44bd-bb45-983eeb6d8c5d', 'T002.002', 'PLAN_SUBTYPE', 'PickingTransfer', false, 1, 1);
INSERT INTO t_code (id, remarks, ext, created_by, created_at, updated_by, updated_at, deleted, schema_code, code_cat_id, code_key, cat_key, name_key, sys_code, sort_no, version) VALUES ('681b72a0-43f3-47de-bfaf-10811b23ca89', 'ADHOC', NULL, NULL, '2013-06-06 10:43:05.16', NULL, '2013-06-06 10:43:05.16', false, NULL, 'f9006704-227d-44bd-bb45-983eeb6d8c5d', 'T002.003', 'PLAN_SUBTYPE', 'ADHOCTransfer', false, 1, 1);
INSERT INTO t_code (id, remarks, ext, created_by, created_at, updated_by, updated_at, deleted, schema_code, code_cat_id, code_key, cat_key, name_key, sys_code, sort_no, version) VALUES ('cc07a733-522e-47ae-a7aa-9c7c4d53fd87', '', NULL, NULL, '2013-06-06 10:43:05.162', NULL, '2013-06-06 10:43:05.162', false, NULL, 'f9006704-227d-44bd-bb45-983eeb6d8c5d', 'T002.004', 'PLAN_SUBTYPE', 'TimeConstraintsTransfer', false, 1, 1);
INSERT INTO t_code (id, remarks, ext, created_by, created_at, updated_by, updated_at, deleted, schema_code, code_cat_id, code_key, cat_key, name_key, sys_code, sort_no, version) VALUES ('385efff3-aea0-4e4c-9b07-5550baf4615a', '', NULL, NULL, '2013-06-06 10:43:05.165', NULL, '2013-06-06 10:43:05.165', false, NULL, 'f9006704-227d-44bd-bb45-983eeb6d8c5d', 'T002.999', 'PLAN_SUBTYPE', 'Other ', false, 1, 1);
INSERT INTO t_code (id, remarks, ext, created_by, created_at, updated_by, updated_at, deleted, schema_code, code_cat_id, code_key, cat_key, name_key, sys_code, sort_no, version) VALUES ('acc33634-cb5e-495e-b47f-3603aa6621a7', '', NULL, NULL, '2013-06-06 10:43:05.168', NULL, '2013-06-06 10:43:05.168', false, NULL, 'f9006704-227d-44bd-bb45-983eeb6d8c5d', 'T003.001', 'PLAN_SUBTYPE', 'SaleIssue', false, 1, 1);
INSERT INTO t_code (id, remarks, ext, created_by, created_at, updated_by, updated_at, deleted, schema_code, code_cat_id, code_key, cat_key, name_key, sys_code, sort_no, version) VALUES ('c34ed5da-e558-40d9-8f39-0b8bf9d9cb99', '()', NULL, NULL, '2013-06-06 10:43:05.171', NULL, '2013-06-06 10:43:05.171', false, NULL, 'f9006704-227d-44bd-bb45-983eeb6d8c5d', 'T003.002', 'PLAN_SUBTYPE', 'TransferIssue', false, 1, 1);
INSERT INTO t_code (id, remarks, ext, created_by, created_at, updated_by, updated_at, deleted, schema_code, code_cat_id, code_key, cat_key, name_key, sys_code, sort_no, version) VALUES ('ea095e0d-ba3b-4ecc-9a4e-823547a8d82a', '', NULL, NULL, '2013-06-06 10:43:05.174', NULL, '2013-06-06 10:43:05.174', false, NULL, 'f9006704-227d-44bd-bb45-983eeb6d8c5d', 'T003.003', 'PLAN_SUBTYPE', 'LossIssue', false, 1, 1);
INSERT INTO t_code (id, remarks, ext, created_by, created_at, updated_by, updated_at, deleted, schema_code, code_cat_id, code_key, cat_key, name_key, sys_code, sort_no, version) VALUES ('5fefd5c9-b3c3-4c7c-9c32-857eacbd5dc1', '', NULL, NULL, '2013-06-06 10:43:05.177', NULL, '2013-06-06 10:43:05.177', false, NULL, 'f9006704-227d-44bd-bb45-983eeb6d8c5d', 'T003.999', 'PLAN_SUBTYPE', 'Other ', false, 1, 1);
INSERT INTO t_code (id, remarks, ext, created_by, created_at, updated_by, updated_at, deleted, schema_code, code_cat_id, code_key, cat_key, name_key, sys_code, sort_no, version) VALUES ('7ec4b4c2-4c80-4cb3-b0d7-0685cd550363', '', NULL, NULL, '2013-06-06 10:43:05.181', NULL, '2013-06-06 10:43:05.181', false, NULL, 'f9006704-227d-44bd-bb45-983eeb6d8c5d', 'T004.001', 'PLAN_SUBTYPE', 'PalletAdjustment', false, 1, 1);
INSERT INTO t_code (id, remarks, ext, created_by, created_at, updated_by, updated_at, deleted, schema_code, code_cat_id, code_key, cat_key, name_key, sys_code, sort_no, version) VALUES ('4e15396d-6887-4432-a31d-0c845bb95c30', '', NULL, NULL, '2013-06-06 10:43:05.185', NULL, '2013-06-06 10:43:05.185', false, NULL, 'f9006704-227d-44bd-bb45-983eeb6d8c5d', 'T004.999', 'PLAN_SUBTYPE', 'OtherAdjustment', false, 1, 1);
INSERT INTO t_code (id, remarks, ext, created_by, created_at, updated_by, updated_at, deleted, schema_code, code_cat_id, code_key, cat_key, name_key, sys_code, sort_no, version) VALUES ('303da920-7ce1-44b8-96c5-40436cdce33c', '', NULL, NULL, '2013-06-06 10:43:05.188', NULL, '2013-06-06 10:43:05.188', false, NULL, '08215d01-b9c1-4d7b-ab11-0266d4af3056', 'T001', 'COUNT_TYPE', 'DailyAdjustment', false, 1, 1);
INSERT INTO t_code (id, remarks, ext, created_by, created_at, updated_by, updated_at, deleted, schema_code, code_cat_id, code_key, cat_key, name_key, sys_code, sort_no, version) VALUES ('bc831998-3c87-45e9-a982-729c264f95ea', '', NULL, NULL, '2013-06-06 10:43:05.192', NULL, '2013-06-06 10:43:05.192', false, NULL, '08215d01-b9c1-4d7b-ab11-0266d4af3056', 'T002', 'COUNT_TYPE', 'TemporaryAdjustment', false, 1, 1);
INSERT INTO t_code (id, remarks, ext, created_by, created_at, updated_by, updated_at, deleted, schema_code, code_cat_id, code_key, cat_key, name_key, sys_code, sort_no, version) VALUES ('ab93475b-9aec-4aa4-94e2-dbb84c37372d', '', NULL, NULL, '2013-06-06 10:43:05.197', NULL, '2013-06-06 10:43:05.197', false, NULL, '08215d01-b9c1-4d7b-ab11-0266d4af3056', 'T003', 'COUNT_TYPE', 'AssignAdjustment', false, 1, 1);
INSERT INTO t_code (id, remarks, ext, created_by, created_at, updated_by, updated_at, deleted, schema_code, code_cat_id, code_key, cat_key, name_key, sys_code, sort_no, version) VALUES ('3897684a-e3ac-4d2d-9633-83228bb4b638', '', NULL, NULL, '2013-06-06 10:43:05.203', NULL, '2013-06-06 10:43:05.203', false, NULL, '08215d01-b9c1-4d7b-ab11-0266d4af3056', 'T999', 'COUNT_TYPE', 'Other ', false, 1, 1);
INSERT INTO t_code (id, remarks, ext, created_by, created_at, updated_by, updated_at, deleted, schema_code, code_cat_id, code_key, cat_key, name_key, sys_code, sort_no, version) VALUES ('341c9b9d-56a8-41ef-8dd8-f5d29ce2db38', 'Receiving', NULL, NULL, '2013-06-06 10:43:05.203', NULL, '2013-06-06 10:43:05.203', false, NULL, '70b2b03b-4ec2-4f45-ba84-96ae248461f6', 'Receiving', 'STORAGE_TYPE', 'Receiving', false, 1, 1);
INSERT INTO t_code (id, remarks, ext, created_by, created_at, updated_by, updated_at, deleted, schema_code, code_cat_id, code_key, cat_key, name_key, sys_code, sort_no, version) VALUES ('b327dced-577a-4c21-88d4-20e5c174f780', 'Loading Bay', NULL, NULL, '2013-06-06 10:43:05.203', NULL, '2013-06-06 10:43:05.203', false, NULL, '70b2b03b-4ec2-4f45-ba84-96ae248461f6', 'Loading Bay', 'STORAGE_TYPE', 'Loading Bay', false, 1, 1);
INSERT INTO t_code (id, remarks, ext, created_by, created_at, updated_by, updated_at, deleted, schema_code, code_cat_id, code_key, cat_key, name_key, sys_code, sort_no, version) VALUES ('4f8fe6c9-2006-4b22-8e5f-07e7836fc9bd', 'Tempering', NULL, NULL, '2013-06-06 10:43:05.203', NULL, '2013-06-06 10:43:05.203', false, NULL, '70b2b03b-4ec2-4f45-ba84-96ae248461f6', 'Tempering', 'STORAGE_TYPE', 'Tempering', false, 1, 1);
INSERT INTO t_code (id, remarks, ext, created_by, created_at, updated_by, updated_at, deleted, schema_code, code_cat_id, code_key, cat_key, name_key, sys_code, sort_no, version) VALUES ('3fb1637d-7d68-4a02-877e-9618b7ff6f59', 'Ageing', NULL, NULL, '2013-06-06 10:43:05.203', NULL, '2013-06-06 10:43:05.203', false, NULL, '70b2b03b-4ec2-4f45-ba84-96ae248461f6', 'Ageing', 'STORAGE_TYPE', 'Ageing', false, 1, 1);
